,Company,Date,Trade,Job,Job_Cleaned,Job_Focus,Word_Count,Project_Type,Total_Pay,Pay_Rate_Type,Pay_Rate_in_Dollars,Pay_Rate_Original,Hours_Worked,Avg_Hourly_Pay,How Quickly?,Pay Format,Relationship,Rights,Contract,On-site,Kill Fee,Kill Fee Amount,Overtime,Scope Expansion,Expenses,Reimbursement,Workplace Safety,Pitch Guide,Listed Rates,Grant Funding,Grant Rate,Section,Country,FSP Membership,State,Company Country,Pronouns,Race and/or Ethnicity,Career Level,Age,Experience,Gender Identity,Original_Date,company_names_clean,news_type
1,10Ten Media,2024-06-12,Writer,"5,000 to 6,000 word copy for bookazine",5000 to 6000 word copy for bookazine,writing and reporting,5500,article,3000,flat,3000,$3000 flat rate,15,200,,Check by mail,Pre-existing relationship,Work For Hire,Yes,No,"Yes, but the job wasn't killed",1000,Did not require overtime,Job did not expand,Did not require expenses,,Was not hazardous,No,No,No,,Entertainment,United States,Yes,New York,United States,She/Her,Prefer not to say,10-15 years,,Loved it,Female,2024-06-12,10Ten Media,not_news
2,1843 Magazine,2020-05-01,Writer,1500 word essay,1500 word essay,writing and reporting,1500,essay,900,,0,,,,2 weeks or less,Direct Deposit,They asked me to pitch,,,No,,,Did not require overtime,Job did not expand,Did not require expenses,,Was not hazardous,Unsure,Unsure,No,,,,,,,,,5-10 years,,,,2020-05-01,1843 Magazine,news
3,A corporate winemaker,2021-03-20,Writer,Editorial for their advertising campaign,editorial for their advertising campaign,writing and reporting,,op/ed,2600,per word,1,"$1/word for 4 articles of 500 words, $300/day for 2 days of on-site shooting",,,30 days,Direct Deposit,They reached out to me with an assignment,Work For Hire,Yes,Yes,"No, but the job wasn't killed",,Required overtime &amp; I wasn't compensated,Job expanded &amp; I wasn't compensated,Required expenses &amp; I was reimbursed,I submitted receipts and they paid me,"Was not hazardous, Hazard pay was not required",No,No,No,,"Travel, Branded/Sponsored Content",France,No,,France,She/Her,White,5-10 years,34,Whatevs,Female,2021-03-20,Not Specified,not_news
4,A ttrpg content book (fan made),2021-11-15,Illustrator,Cover,cover,other,,other,400,,0,,,,2 weeks or less,Paypal,They reached out to me with an assignment,Commercial use and prints,Verbal or ‘handshake’ agreement,No,"Yes, but the job wasn't killed",200,Did not require overtime,Job did not expand,Did not require expenses,,Was not hazardous,No,No,No,,Ttrpg,Norway,No,,Usa,Prefer not to say,Prefer not to say,0-5 years,37,Loved it,Prefer not to say,2021-11-15,Not Specified,not_news
5,A university,2024-05-06,Writer,Two 700-word articles for an alumni magazine specific to one of the schools within the university.,two 700 word articles for an alumni magazine specific to one of the schools within the university.,writing and reporting,1400,article,2100,per word,1.5,$1.50 a word,30,70,2 weeks or less,Check by mail,Pre-existing relationship,Work For Hire,No,No,"No, but the job wasn't killed",,Did not require overtime,Job did not expand,Did not require expenses,,Was not hazardous,No,No,Unsure,,Academic,United States,Yes,Vermont,United States,She/Her,White,25 &amp; up,61,Loved it,Female,2024-05-06,Not Specified,not_news
6,A+E Networks,2018-06-01,Jr Video Editor + Post Coordinator,"Syncing, finishing edits, some graphics, assisting ~8 editors",syncing finishing edits some graphics assisting ~8 editors,editing,,graphics,73000,per hour,35,$35 per hour (+OT),,,2 weeks or less,Direct Deposit,They reached out to me with an assignment,Work For Hire,Yes,Yes,"No, but the job wasn't killed",,Required overtime &amp; I was compensated,Job expanded &amp; I was compensated,Did not require expenses,,Was not hazardous,Unsure,No,No,,"Entertainment, History, Non Fiction General/Genre, Non Fiction Memoir",United States,Yes,NY,United States,He/His,"Jewish, White",5-10 years,27,Whatevs,Cis,2018-06-01,A+E Global Media,news
7,AAA,2024-01-01,Writer,600 words reporting,600 words reporting,writing and reporting,600,article,300,per word,0.5,$.50 per word,,,30 days,Direct Deposit,,,Yes,No,,,,,,,,,,,,,USA,,,,,,5-10 years,,Loved it,,2024-01-01,AAA,not_news
8,aaa digital content,2024-09-01,Writer,"nonfiction article 600 words, one interview source",nonfiction article 600 words one interview source,writing and reporting,600,article,325,per word,0.5,"$0.5 a word, up to $350",6,54.17,New Job - Still Waiting,Direct Deposit,No pre-existing relationship,1st Rights,Yes,No,"Yes, but the job wasn't killed",70,Did not require overtime,Job did not expand,Did not require expenses,,Hazard pay was not required,Unsure,No,No,,Travel,USA,Yes,Texas,USA,She/Her,White,25 &amp; up,59,Would recommend to others,Female,2024-09-01,AAA,not_news
9,AARP magazine (digital),2024-07-15,Writer,Penned a 1200 word article for the travel vertical,penned a 1200 word article for the travel vertical,writing and reporting,1200,article,1200,per word,1,$1/word,20,60,30 days,Direct Deposit,Cold pitch - I reached out to them,I don't no. I'm very bad about reading contracts.,Yes,No,"Yes, but the job wasn't killed",300,I was paid per word so there is no overtime,Job did not expand,Did not require expenses,,Was not hazardous,Unsure,Unsure,No,,Travel,USA,No,DC (sigh - we are not actually a state),USA,She/Her,White,25 &amp; up,58,Would recommend to others,Female,2024-07-15,AARP: The Magazine,ambiguous
10,"Accelerate Learning, Inc.",2024-01-01,Editor,copy editing grade-school math lesson plans,copy editing grade school math lesson plans,editing,,other,14923,per hour,29,$29 per hour,515,28.98,2 weeks or less,Direct Deposit,"Pre-existing relationship, They reached out to me with an assignment",,Yes,No,,,Did not require overtime,Job did not expand,Did not require expenses,,Was not hazardous,,No,No,,,United States,Yes,Massachusetts,United States,They/Their,White,15-20 years,28,Whatevs,"Genderqueer, Trans",2024-01-01,"Accelerate Learning, Inc.",not_news
11,Ad Agency,2021-06-01,Designer,Logo Design,logo design,graphics/design,,graphics,1750,,0,,,,2 weeks or less,Check by mail,Pre-existing relationship,Work For Hire,No,,,,,,,,,,,,,,,,,,,,,,,,2021-06-01,Not Specified,not_news
12,Ad Agency,2021-05-25,Designer,Logo Design,logo design,graphics/design,,graphics,2064,,0,,,,30 days,Direct Deposit,Pre-existing relationship,Work For Hire,Verbal or ‘handshake’ agreement,No,"No, but the job wasn't killed",,Did not require overtime,Job did not expand,Did not require expenses,,Was not hazardous,No,No,No,,"Health &amp; Wellness, Technology",Canada,No,,Canada,He/His,White,20-25 years,44,Loved it,Male,2021-05-25,Not Specified,not_news
13,Adweek,2020-01-02,"Copy Editor, Editor",Editor/Copy Editor,editor/copy editor,editing,,other,25,per hour,25,$25/hr,,,30 days,,,,,,,,,,,,,,,,,,,,,,,,,,,,2020-01-02,Adweek,news
14,AFAR,2024-01-01,Writer,800 words reporting with interviews,800 words reporting with interviews,writing and reporting,800,article,400,per word,0.5,50 cents per word,10,40,30 days,Direct Deposit,They reached out to me with an assignment,Work For Hire,Yes,No,"No, but the job wasn't killed",,Did not require overtime,Job did not expand,Did not require expenses,,Hazard pay was not required,No,Publicly Available,No,,"International News, Travel",Spain,No,,United States,Prefer not to say,Hispanic,10-15 years,,Loved it,Female,2024-01-01,AFAR Media,news
15,Air Mail,2023-08-08,Writer,"Writing - interviews, research",writing  interviews research,writing and reporting,,other,2000,per word,1,$1 per word ($2000),48,41.67,2 weeks or less,Direct Deposit,"They asked me to pitch, They reached out to me with an assignment",Shared Copyright,Yes,No,"Yes, but the job wasn't killed",500,Did not require overtime,Job did not expand,Did not require expenses,,Was not hazardous,No,No,No,,International News,usa,No,,usa,Prefer not to say,Prefer not to say,25 &amp; up,46,Loved it,Prefer not to say,2023-08-08,Air Mail,news
16,Air Mail,2020-08-12,Writer,"Book review, 600 words",book review 600 words,writing and reporting,600,review,600,,0,,,,,,,,,,,,,,,,,,,,,,,,,,,,,,,,2020-08-12,Air Mail,news
17,Airbnb,2020-02-01,"Copy Editor, Writer","Blog writing, some content strategy, email newsletters",blog writing some content strategy email newsletters,writing and reporting,,social content,115,per hour,115,115 per hour USD,,,2 weeks or less,Direct Deposit,Pre-existing relationship,Work For Hire,Yes,Yes,Unsure,,Did not require overtime,Job expanded &amp; I was compensated,Required expenses &amp; I wasn't reimbursed,Very convoluted. I had to file a form through the agency (PRO Unlimited) in a portal I had never used before. No guidance. Reimbursement wasn't approved and I didn't have the time &amp; energy to chase it.,Hazard pay was not required,Unsure,No,No,,Branded/Sponsored Content,United States,No,CA,USA,She/Her,"Jewish, White",5-10 years,30,"Would not recommend to others, It's a lot of money, but they treat contractors shittily. ",Female,2020-02-01,Airbnb,not_news
18,Al Jazeera,2024-01-01,"Video Production, Videographer","Interview shoot + B roll (1 day, two camera, lighting, lav/boom audio, remote producing)",interview shoot + b roll (1 day two camera lighting lav/boom audio remote producing),film/video,,video,600,,0,,8,75,30 days,Direct Deposit,No pre-existing relationship,Work For Hire,No,Yes,"No, but the job wasn't killed",,"They requested a free pick-up shoot, I pushed back, they withdrew",Job expanded &amp; I wasn't compensated,Did not require expenses,,Was not hazardous,Unsure,Unsure,No,,International News,USA,No,,"Qatar, US based sub contractor did the hire",She/Her,White Passing,5-10 years,,Whatevs,"Cis, Female",2024-01-01,Al Jazeera,news
19,Al Jazeera,2021-09-12,Writer,4,4,other,,other,180,,0,,90,2,,,,,,,,,,,,,,,,,,,,Yes,,,,,,,,,2021-09-12,Al Jazeera,news
20,Al Jazeera,2023-12-01,Writer,2000 word feature story which included interviews and research,2000 word feature story which included interviews and research,writing and reporting,2000,feature,800,,0,,20,40,30 days,Direct Deposit,Cold pitch - I reached out to them,Work For Hire,Yes,No,Unsure,,Did not require overtime,Job did not expand,Did not require expenses,,Was not hazardous,Publicly Available,No,No,,Cooking,,No,,,,,,,"Would recommend to others, They had few levels of fact checking which I appreciated",,2023-12-01,Al Jazeera,news
21,Al Jazeera,2020-11-15,Writer,Longform feature,longform feature,writing and reporting,,feature,700,,0,,,,,Direct Deposit,Cold pitch - I reached out to them,,,,,,,Job expanded &amp; I wasn't compensated,,,,,,,,,,,,,,,,,Hated it,,2020-11-15,Al Jazeera,news
22,Al Jazeera,2020-01-01,Writer,longform narrative feature,longform narrative feature,writing and reporting,,feature,800,,0,,,,New Job - Still Waiting,,Cold pitch - I reached out to them,Unsure,No,No,Unsure,,Unsure,Job expanded &amp; I wasn't compensated,Required expenses &amp; I wasn't reimbursed,,Was not hazardous,No,No,No,,"International News, Politics",Israel,No,,,He/His,"Jewish, White",0-5 years,27,Whatevs,Male,2020-01-01,Al Jazeera,news
23,Al Jazeera Arabic,2020-09-01,Producer,Elections coverage,elections coverage,writing and reporting,,other,17000,per day,575,$550 or $600 per day,300,56.67,6 weeks,Direct Deposit,"Pre-existing relationship, Network referral",Work For Hire,Yes,Yes,Unsure,,Required overtime &amp; I wasn't compensated,Job expanded &amp; I was compensated,Required expenses &amp; I was reimbursed,,Did not receive hazard pay,Publicly Available,Publicly Available,Unsure,,"International News, Politics",USA,Yes,PA,Qatar,They/Their,White,5-10 years,,"Loved it, Whatevs, Would recommend to others, Would not recommend to others","Genderfluid, Genderqueer, Nonbinary",2020-09-01,Al Jazeera,news
24,Alta,2024-10-01,Writer,"Q&amp;A with an author, 1200 words-ish",q&amp;a with an author 1200 words ish,writing and reporting,1200,article,800,,0,,15,53.33,,,,,,,,,,,,,,,,,,,,Yes,,,,,,,,,2024-10-01,Alta Journal,news
25,Alta,2024-04-04,Writer,2000 word feature,2000 word feature,writing and reporting,2000,feature,1725,,0,,,,2 weeks or less,Check by mail,Pre-existing relationship,Unsure,Verbal or ‘handshake’ agreement,No,Unsure,,Did not require overtime,Job did not expand,,,Was not hazardous,No,No,No,,"International News, Fiction General/Genre",United States,Yes,California,United States,She/Her,White,5-10 years,34,Loved it,Cis,2024-04-04,Alta Journal,news
26,Alta Journal,2024-03-01,Writer,"Book review, 800-1000 words",book review 800 1000 words,writing and reporting,900,review,800,,0,,10,80,30 days,Check by mail,Pre-existing relationship,Unsure,Unsure,No,Unsure,,Did not require overtime,Job did not expand,Did not require expenses,,Was not hazardous,No,No,No,,"Entertainment, Culture?",USA,Yes,CA,CA,she/her/they/them,"Jewish, White",10-15 years,34,Loved it,"Female, Genderqueer, Nonbinary",2024-03-01,Alta Journal,news
27,Alta Journal,2023-07-31,,Single book review,single book review,writing and reporting,,review,800,per article,800,$800 per piece,11.5,69.57,,,,,,,,,,,,,,,,,,,,Yes,,,,,,,,,2023-07-31,Alta Journal,news
28,Ambrook Research,2024-01-01,Writer,Reporting,reporting,writing and reporting,,other,500,,0,,,,,,,,,,,,,,,,,,,,,,,,,,,,,,,,2024-01-01,Ambrook Research,news
29,Ambrook Research,2024-01-01,Writer,"Reported story, ended up ~1,500 words",reported story ended up ~1500 words,writing and reporting,1500,article,600,,0,,,,,,,,,,,,,,,,,,,,,,,,,,,,,,,,2024-01-01,Ambrook Research,news
30,Ambrook Research,2025-03-01,Writer,"1,000 words reported",1000 words reported,writing and reporting,1000,article,500,,0,,,,,,,,,,,,,,,,,,,,,,,,,,,,,,,,2025-03-01,Ambrook Research,news
31,Ambrook Research,2025-03-27,Writer,"1,200 words reporting",1200 words reporting,writing and reporting,1200,article,850,,0,,19.5,43.59,New Job - Still Waiting,,Pre-existing relationship,Unsure,No,No,"No, but the job wasn't killed",,,Job expanded &amp; I was compensated,Did not require expenses,,,Publicly Available,Publicly Available,No,,,United States,No,North Carolina,United States,He/His,White,5-10 years,33,Loved it,Male,2025-03-27,Ambrook Research,news
32,Ambrook Research,2025-03-18,Writer,"1,200 word reported story",1200 word reported story,writing and reporting,1200,article,750,,0,,17.66,42.47,New Job - Still Waiting,Haven't been paid yet,Pre-existing relationship,Unsure,No,No,"No, but the job wasn't killed",,,Job did not expand,Did not require expenses,,,Publicly Available,Publicly Available,No,,Science,United States,No,North Carolina,,He/His,White,5-10 years,33,Loved it,Male,2025-03-18,Ambrook Research,news
33,Ambrook Research,2025-01-31,Writer,1200 words reporting,1200 words reporting,writing and reporting,1200,article,720,per word,0.6,$0.60 per word,20,36,2 weeks or less,Direct Deposit,"Pre-existing relationship, They reached out to me with an assignment",Unsure,No,No,Unsure,,Did not require overtime,Job did not expand,Did not require expenses,,"Was not hazardous, Hazard pay was not required",Publicly Available,Publicly Available,No,,Agriculture,United States,No,New York,United States,She/Her,White,0-5 years,28,"Loved it, Would recommend to others","Cis, Female",2025-01-31,Ambrook Research,news
34,Ambrook Research,2025-02-24,Writer,1200 words reporting,1200 words reporting,writing and reporting,1200,article,720,per word,0.6,$0.60 per word,20,36,30 days,Direct Deposit,"Pre-existing relationship, They reached out to me with an assignment",Unsure,No,No,"No, &amp; the job was killed",,Did not require overtime,Job did not expand,Did not require expenses,,"Was not hazardous, Hazard pay was not required",Publicly Available,Publicly Available,No,,"National News, Science, Agriculture ",United States,Yes,New York,United States,She/Her,White,0-5 years,28,"Loved it, Would recommend to others","Cis, Female",2025-02-24,Ambrook Research,news
35,Ambrook Research,2025-01-09,Writer,1100 words reporting,1100 words reporting,writing and reporting,1100,article,750,,0,,35,21.43,New Job - Still Waiting,Haven't been paid yet,"Pre-existing relationship, They reached out to me with an assignment",,No,No,"No, but the job wasn't killed",,,,,,,,,,,,,No,North Carolina,,He/His,White,5-10 years,33,"Loved it, Would recommend to others","Cis, Male",2025-01-09,Ambrook Research,news
36,Ambrook Research,2025-01-14,Writer,1000 words reporting,1000 words reporting,writing and reporting,1000,article,600,per word,0.6,$0.6 per word,10,60,2 weeks or less,Direct Deposit,Pre-existing relationship,Unsure,No,No,"No, but the job wasn't killed",,Did not require overtime,Job did not expand,Did not require expenses,,Was not hazardous,Unsure,Unsure,Unsure,,Health &amp; Wellness,United States,No,New York,United States,She/Her,White,0-5 years,31,Loved it,Female,2025-01-14,Ambrook Research,news
37,Ambrook Research,2024-10-01,Writer,Roughly 1000-word reported story,roughly 1000 word reported story,writing and reporting,1000,article,720,,0,,22.5,32,2 weeks or less,Direct Deposit,Pre-existing relationship,Unsure,No,No,"No, but the job wasn't killed",,Did not require overtime,Job did not expand,Did not require expenses,,Was not hazardous,No,No,No,,,United States,No,North Carolina,United States,He/His,White,5-10 years,33,"Loved it, Would recommend to others",Male,2024-10-01,Ambrook Research,news
38,Ambrook Research,2024-11-22,Writer,1200 words reporting,1200 words reporting,writing and reporting,1200,article,720,per word,0.6,$0.60 per word (went up from $0.50),20,36,2 weeks or less,Direct Deposit,Pre-existing relationship,Unsure,Verbal or ‘handshake’ agreement,No,Unsure,,Did not require overtime,Job did not expand,Did not require expenses,,"Was not hazardous, Hazard pay was not required",No,Publicly Available,No,,National News,United States,Yes,New York,United States,She/Her,White,0-5 years,27,"Loved it, Would recommend to others","Cis, Female",2024-11-22,Ambrook Research,news
39,Ambrook Research,2024-09-06,Writer,1200 words reporting,1200 words reporting,writing and reporting,1200,article,600,per word,0.5,$0.50 per word,15,40,2 weeks or less,Direct Deposit,Cold pitch - I reached out to them,Unsure,Verbal or ‘handshake’ agreement,No,Unsure,,Did not require overtime,Job did not expand,Required expenses &amp; I wasn't reimbursed,,"Was not hazardous, Hazard pay was not required",No,Publicly Available,No,,National News,United States,Yes,New York,United States,She/Her,White,0-5 years,27,"Loved it, Would recommend to others","Cis, Female",2024-09-06,Ambrook Research,news
40,Ambrook Research,2024-08-01,Writer,"1,200 words, reported",1200 words reported,writing and reporting,1200,article,600,,0,,,,2 weeks or less,Direct Deposit,,,,,,,,,,,,,,,,,,Yes,,,,,,,,,2024-08-01,Ambrook Research,news
41,Ambrook Research,2024-08-15,Writer,1000 word story,1000 word story,writing and reporting,1000,article,600,,0,,20,30,2 weeks or less,Direct Deposit,"Pre-existing relationship, They asked me to pitch",Unsure,Verbal or ‘handshake’ agreement,No,"No, but the job wasn't killed",,Did not require overtime,Job did not expand,Did not require expenses,,,No,No,Unsure,,National News,,No,,,,,,,"low pay, cool topics",,2024-08-15,Ambrook Research,news
42,Ambrook Research,2024-07-01,Writer,"Assigned at 1500 words, ended up around 1800, reported essay",assigned at 1500 words ended up around 1800 reported essay,writing and reporting,1800,essay,750,per word,0.5,$0.50 per word,20,37.5,,,,,,,,,,,,,,,,,,,United States,No,New york,US,They/Their,White,0-5 years,25,"Loved it, Would recommend to others",Nonbinary,2024-07-01,Ambrook Research,news
43,American Chemical Society,2022-11-01,Writer,1200 word article synthesizing information from 5 interviews,1200 word article synthesizing information from 5 interviews,writing and reporting,1200,article,1500,,0,,15,100,2 weeks or less,Direct Deposit,"Pre-existing relationship, They reached out to me with an assignment",Work For Hire,Yes,No,Unsure,,Did not require overtime,Job did not expand,Did not require expenses,,"Was not hazardous, Did not receive hazard pay, Hazard pay was not required",No,No,No,,Science,USA,Yes,Illinois,USA,She/Her,White,5-10 years,,"Loved it, Would recommend to others","Cis, Female",2022-11-01,American Chemical Society,not_news
44,American Geophysical Union,2024-01-01,Writer,200-400 word summary of research paper with art,200 400 word summary of research paper with art,writing and reporting,300,other,300,,0,,3,100,30 days,Direct Deposit,Pre-existing relationship,Unsure,Yes,No,"No, but the job wasn't killed",,Did not require overtime,Job did not expand,,,Was not hazardous,,No,No,,Science,USA,Yes,Michigan,USA,She/Her,White,5-10 years,,Whatevs,Female,2024-01-01,AGU,not_news
45,American Institutes for Research,2025-01-01,"Copy Editor, Writer, Qualitative researcher",Ongoing copy editing,ongoing copy editing,editing,,other,1400,per hour,70,$70/hour (I do ongoing copy editing for them),20,70,30 days,Direct Deposit,Network referral,Work For Hire,Yes,No,"No, but the job wasn't killed",,,Job did not expand,,,,,,Unsure,,,US,Yes,Illinois,US,She/Her,White,25 &amp; up,57,Would recommend to others,Female,2025-01-01,American Institutes for Research,not_news
46,American Kennel Club,2021-04-01,Writer,"1,500 word profile with one original source",1500 word profile with one original source,writing and reporting,1500,article,400,,0,,,,2 weeks or less,Paypal,"Pre-existing relationship, They reached out to me with an assignment",,,No,,,Did not require overtime,Job did not expand,Did not require expenses,,,,,,,,,,,,,,,,,,2021-04-01,American Kennel Club,not_news
47,American Prospect,2020-09-28,Writer,2000 words reporting,2000 words reporting,writing and reporting,2000,article,600,,0,,,,30 days,Direct Deposit,Cold pitch - I reached out to them,Unsure,No,No,Unsure,,,,,,,Publicly Available,No,,,National News,USA,No,MN,USA,She/Her,White,5-10 years,28,Would recommend to others,Female,2020-09-28,The American Prospect,news
48,Amino (Narvii Inc),2019-05-20,Animator,making 12 gifs for a sticker pack,making 12 gifs for a sticker pack,graphics/design,,graphics,800,,0,,,,2 weeks or less,Direct Deposit,Pre-existing relationship,Unsure,Yes,No,"No, but the job wasn't killed",,Did not require overtime,Job did not expand,Did not require expenses,,Was not hazardous,No,No,No,,,United States,No,Missouri,United States,She/Her,White,0-5 years,25,Whatevs,Female,2019-05-20,Amino,not_news
49,AMV BBDO (UK branch),2020-11-10,Illustrator,Full page illustration,full page illustration,graphics/design,,graphics,1750,per graphic,1500,"1,500 per 1 illustration. 250 per 1 year global use license",,,New Job - Still Waiting,Haven't been paid yet,They reached out to me with an assignment,"Not sure, but they are paying me to global license for 1 year, so def not work for hire",Yes,No,"No, but the job wasn't killed",,Did not require overtime,Job did not expand,Did not require expenses,,Was not hazardous,Unsure,No,No,,"Health &amp; Wellness, Branded/Sponsored Content",USA,No,New York,UK,She/Her,"Jewish, White",5-10 years,32,"Whatevs, Would recommend to others",,2020-11-10,AMV BBDO,not_news
50,Analog Science Fiction &amp; Science Fact,2023-01-01,Writer,Short Story,short story,writing and reporting,,article,700,per word,0.08,8 cents per word,30,23.33,2 weeks or less,Direct Deposit,Pre-existing relationship,1st Rights,Yes,No,"No, but the job wasn't killed",,"Paid by the word, not hourly",Job did not expand,Did not require expenses,,Worked at home.,Publicly Available,Publicly Available,No,,Fiction General/Genre,United States,No,MD,US,He/His,White,25 &amp; up,,"Loved it, Would recommend to others",Male,2023-01-01,Analog Science Fiction and Fact,not_news
51,Anarchist Review of Books,2022-10-01,,Single book review,single book review,writing and reporting,,review,25,,0,,25,1,,,,,,,,,,,,,,,,,,,,No,,,,,,,,,2022-10-01,Anarchist Review of Books,news
52,Apartment Therapy,2024-02-02,Writer,Quick-hit news assignment (under 500 words),quick hit news assignment (under 500 words),writing and reporting,500,article,50,per assignment,50,$50 per assignment,1,50,2 weeks or less,Direct Deposit,Pre-existing relationship,Work For Hire,Yes,No,Unsure,,Did not require overtime,Job did not expand,Did not require expenses,,Was not hazardous,Publicly Available,No,No,,Home &amp; Garden,United States,Yes,New York,United States,She/Her,White,5-10 years,35,Whatevs,"Cis, Female",2024-02-02,Apartment Therapy,news
53,Apple Music,2025-01-01,Writer,editorial notes,editorial notes,editing,,other,250,,0,,4,62.5,30 days,Direct Deposit,Pre-existing relationship,Unsure,Yes,No,"No, but the job wasn't killed",,Did not require overtime,Job did not expand,Did not require expenses,,Was not hazardous,No,No,No,,Entertainment,USA,Yes,Massachusetts,USA,She/Her,White,10-15 years,37,Whatevs,"Cis, Female",2025-01-01,Apple Music,not_news
54,Archis,2024-01-01,Writer,1500 words essay,1500 words essay,writing and reporting,1500,essay,487,per word,0.23,$0.23 per word,,,30 days,Paypal,Cold pitch - I reached out to them,Unsure,No,No,Unsure,,,,,,,No,No,Unsure,,Architecture,Portugal,No,,Netherlands,Prefer not to say,"East Asian, Jewish, White Passing, Indigenous",0-5 years,28,,Female,2024-01-01,Archis,not_news
55,Architecture Firm,2021-04-20,Photographer,Architectural photography shoot of an entire home,architectural photography shoot of an entire home,photography,,graphics,2050,per graphic,85,"Day rate to shoot $1400, $85 per photo",,,2 weeks or less,Interac e transfer,Pre-existing relationship,Unsure,Verbal or ‘handshake’ agreement,Yes,"No, but the job wasn't killed",,Did not require overtime,,,,,,,,,,,,,,,,,,,,2021-04-20,Not Specified,not_news
56,Ars Technica,2021-10-01,Editor,"I was the former features editor here, our rate was $0.35/word for stories 2,000 words and above",i was the former features editor here our rate was $0.35/word for stories 2000 words and above,writing and reporting,2000,feature,750,per word,0.35,"$0,35",,,30 days,Direct Deposit,"Pre-existing relationship, Cold pitch - I reached out to them",Work For Hire,Yes,No,Unsure,,Did not require overtime,Job did not expand,Did not require expenses,,Was not hazardous,No,No,No,,Technology,United States,No,Texas,United States,He/His,White,5-10 years,36,Whatevs,Male,2021-10-01,Ars Technica,news
57,Art &amp; Antiques,2025-03-16,Writer,1000-word article,1000 word article,writing and reporting,1000,article,300,,0,,16,18.75,2 months,Direct Deposit,Pre-existing relationship,Work For Hire,No,No,"No, but the job wasn't killed",,,Job did not expand,Did not require expenses,,Was not hazardous,No,No,No,,,United States,Yes,New York,United States,He/His,East Asian,10-15 years,40,Loved it,"Cis, Male",2025-03-16,Art & Antiques Magazine,news
58,Art &amp; Education,2021-02-01,Writer,"3000 words, reporting",3000 words reporting,writing and reporting,3000,article,1000,,0,,,,New Job - Still Waiting,Haven't been paid yet,Network referral,1st Rights,Yes,,"Yes, but the job wasn't killed",,,,,,,,,,,,,,,,,,,,,,2021-02-01,Art Education Journal,ambiguous
59,Art Forum,2025-01-24,Writer,Art exhibition review ca. 700 words,art exhibition review ca. 700 words,writing and reporting,700,review,250,,0,,6,41.67,New Job - Still Waiting,Haven't been paid yet,"No pre-existing relationship, They asked me to pitch",Unsure,No,No,Unsure,,Did not require overtime,Job did not expand,Did not require expenses,,Was not hazardous,No,No,Unsure,,"Non Fiction General/Genre, Art",USA,Yes,New York,US,He/His,Black,,54,"Whatevs, Would not recommend to others","Cis, Male",2025-01-24,Artforum,news
60,Art in America,2021-04-10,Writer,300 word review,300 word review,writing and reporting,300,review,150,,0,,,,2 months,,,Work For Hire,Yes,,"No, &amp; the job was killed",,,,,,,,,,,Art criticism,,,,,,,,,,,2021-04-10,Art in America,news
61,Artforum International Magazine,2019-11-01,Writer,250 word exhibition review,250 word exhibition review,writing and reporting,250,review,50,,0,,,,2 months,Check by mail,Pre-existing relationship,Unsure,No,No,Unsure,,,,Did not require expenses,,Was not hazardous,No,No,No,,,United States,No,California,United States,He/His,"Hispanic, Jewish, White",0-5 years,,,"Cis, Male",2019-11-01,Artforum,news
62,Artisan home entertainment maker (not listing name here because not allowed to),2020-03-01,"Copy Editor, Writer, SEO Consulting","SEO-friendly text revamp of existing website along with consulting on how to structure it for better CTR, a 650 word article for a local newspaper, and a package of promotional materials for a trade show",seo friendly text revamp of existing website along with consulting on how to structure it for better ctr a 650 word article for a local newspaper and a package of promotional materials for a trade show,consulting,,other,920,per hour,75,normal hourly rate of 75 but haggled for a bit until we found a sum we both liked,,,30 days,Direct Deposit,"They asked me to pitch, Network referral",Work For Hire,Verbal or ‘handshake’ agreement,No,"No, but the job wasn't killed",,Did not require overtime,Job did not expand,Did not require expenses,,"Was not hazardous, Hazard pay was not required",No,No,No,,"Technology, Branded/Sponsored Content",Italy,No,,Italy,He/His,White,0-5 years,32,"Whatevs, Would recommend to others","Cis, Male",2020-03-01,Not Specified,not_news
63,ArtNews,2023-04-06,Writer,"1,200 words for artist profile",1200 words for artist profile,writing and reporting,1200,article,400,per word,0.33,$0.33 per word,10,40,New Job - Still Waiting,Haven't been paid yet,"No pre-existing relationship, Cold pitch - I reached out to them",Unsure,Yes,No,Unsure,,Did not require overtime,Job did not expand,Did not require expenses,,Was not hazardous,Publicly Available,Publicly Available,No,,Art,United States,No,NY,United States,She/Her,Latine,0-5 years,35,Hated it,Female,2023-04-06,ARTnews,news
64,Astronomy,2021-03-24,Writer,"800 to 1,000 words reporting",800 to 1000 words reporting,writing and reporting,900,article,300,flat,300,300 flat,,,New Job - Still Waiting,Paypal,Network referral,Unsure,Yes,No,"Yes, but the job wasn't killed",30,Did not require overtime,"The angle changed, but it was initiated by me.",Did not require expenses,,,Publicly Available,No,No,,Science,India,No,,US,,South Asian,20-25 years,,Would recommend to others,,2021-03-24,Astronomy,news
65,Atlas Obscura,2019-01-01,Writer,1200-ish word reported article,1200 ish word reported article,writing and reporting,1200,article,435,,0,included about $35 of expenses for meals (article was about food),,,2 weeks or less,Direct Deposit,Pre-existing relationship,1st Rights,Yes,No,"Yes, but the job wasn't killed",,,,Required expenses &amp; I was reimbursed,just invoiced for the amount including the meal expenses that were pre-approved,Was not hazardous,Publicly Available,,,,"International News, Cooking, History",United States,Yes,New York,United States,She/Her,White,5-10 years,38,"Would recommend to others, Story was reported on an international trip; those expenses weren't covered, just the meal. Good editing experience. They also asked me to help secure photo rights (email a company named in the article asking permission).","Cis, Female",2019-01-01,Atlas Obscura,news
66,Atlas Obscura,2019-10-01,Writer,"1050 word article for Gastro Obscura, reported (I went over word count)",1050 word article for gastro obscura reported (i went over word count),writing and reporting,1050,article,420,,0,,,,2 weeks or less,Direct Deposit,Pre-existing relationship,1st Rights,Yes,No,,,,,Did not require expenses,,Was not hazardous,Publicly Available,No,No,,"International News, Cooking, History",United States,Yes,New York,United States,She/Her,White,5-10 years,38,"Would recommend to others, They don't pay a lot but the editing experience was good and the payment was very quick (I think it published on a Thursday and I had the money the following Monday)","Cis, Female",2019-10-01,Atlas Obscura,news
67,Atlas Obscura,2020-03-01,Writer,Reported piece of about 1500 words,reported piece of about 1500 words,writing and reporting,1500,article,600,,0,,,,2 weeks or less,Direct Deposit,Pre-existing relationship,1st Rights,Yes,No,Unsure,,Did not require overtime,Job did not expand,Did not require expenses,,Was not hazardous,Publicly Available,No,No,,History,US,Yes,NY,US,She/Her,White,5-10 years,,"Loved it, Would recommend to others",Female,2020-03-01,Atlas Obscura,news
68,Atlas Obscura,2020-09-01,Writer,800-1000ish word piece with original photographs and a recipe,800 1000ish word piece with original photographs and a recipe,writing and reporting,900,article,700,flat,700,flat rate,,,2 weeks or less,Direct Deposit,"Pre-existing relationship, They reached out to me with an assignment",1st Rights,Yes,No,Unsure,,Did not require overtime,Job did not expand,Required expenses &amp; I was reimbursed,Included receipt with invoice and I was paid out at the same time as the fee.,Was not hazardous,Publicly Available,No,No,,Cooking,USA,Yes,NY,US,She/Her,White,5-10 years,,Loved it,"Female, Cis",2020-09-01,Atlas Obscura,news
69,Atmos,2024-10-01,Writer,1000 words reported,1000 words reported,writing and reporting,1000,article,900,,0,,,,,,,,,,,,,,,,,,,,,,,Yes,,,,,,,,,2024-10-01,Atmos,news
70,Atmos,2024-03-01,Writer,943 words,943 words,writing and reporting,943,article,471.5,per word,0.5,.50/word,9,52.39,2 weeks or less,Direct Deposit,Cold pitch - I reached out to them,Unsure,Yes,No,Unsure,,,Job did not expand,Did not require expenses,,Was not hazardous,Unsure,Unsure,No,,"International News, National News, Health &amp; Wellness",U.S.,No,NY,U.S.,She/Her,White,5-10 years,29,Loved it,Female,2024-03-01,Atmos,news
71,Atmos,2024-04-01,Writer,"1,500 words, reported",1500 words reported,writing and reporting,1500,article,750,,0,,,,2 weeks or less,Direct Deposit,,,,,,,,,,,,,,,,,,,,,,,,,,,2024-04-01,Atmos,news
72,Atmos,2021-01-05,Writer,1500 words reporting,1500 words reporting,writing and reporting,1500,article,1599,per word,1,$1 a word for print,,,2 weeks or less,bill.com,Cold pitch - I reached out to them,1st Rights,Yes,,"Yes, but the job wasn't killed",750,,,,,,No,No,,,"Health &amp; Wellness, Travel",,Yes,,,,,,,,,2021-01-05,Atmos,news
73,Atmos,2021-01-05,Writer,"1,500 words reporting",1500 words reporting,writing and reporting,1500,article,1500,per word,1,$1 a word,,,New Job - Still Waiting,Haven't been paid yet,Cold pitch - I reached out to them,1st Rights,Yes,No,"Yes, but the job wasn't killed",750,Did not require overtime,Job expanded &amp; I wasn't compensated,"Required reporting expenses, but didn't pitch prior to travel",,"Was not hazardous, Did not receive hazard pay, Hazard pay was not required",No,No,No,,"Health &amp; Wellness, Travel",United States,Yes,Louisiana,,She/Her,White,0-5 years,26,Would recommend to others,"Cis, Female",2021-01-05,Atmos,news
74,Audubon,2021-05-03,Writer,"1,200 word reported news story",1200 word reported news story,writing and reporting,1200,article,600,,0,,,,New Job - Still Waiting,Direct Deposit,Cold pitch - I reached out to them,1st Rights,Yes,No,"Yes, but the job wasn't killed",150,Unsure,Unsure,Did not require expenses,,Was not hazardous,No,No,No,,National News,United States,No,HI,NY,She/Her,"Jewish, White",10-15 years,35,Loved it,Female,2021-05-03,Audubon,ambiguous
75,Audubon Magazine,2024-09-18,Writer,800-1000 words reporting,800 1000 words reporting,writing and reporting,900,article,645,per word,0.5,50 cents per published word,30,21.5,New Job - Still Waiting,Direct Deposit,Cold pitch - I reached out to them,1st Rights,Yes,No,Unsure,,Did not require overtime,Job did not expand,Did not require expenses,,Was not hazardous,Publicly Available,No,No,,Science,USA,No,Massachusetts,USA,She/Her,White,5-10 years,32,Would recommend to others,Female,2024-09-18,Audubon,ambiguous
76,Audubon Magazine,2024-05-23,Writer,700 words reporting,700 words reporting,writing and reporting,700,article,1050,per word,1.5,$1.50 per word,,,3 months,Direct Deposit,"No pre-existing relationship, They reached out to me with an assignment",1st Rights,Yes,No,"Yes, but the job wasn't killed",262.5,Did not require overtime,Job did not expand,Required expenses &amp; I was reimbursed,Terrible -- Reimbursement took three months. Writer filed a complaint to NYC Dept of Worker and Consumer Rights for the violation of the 30-day payment period required by law.,Was not hazardous,No,No,Unsure,,"National News, Science",USA,Yes,FL / NY,USA,She/Her,White,0-5 years,24,Would not recommend to others,"Cis, Female",2024-05-23,Audubon,ambiguous
77,Autoblog,2019-01-01,Writer,"1,750-word profile of a team, covered at a major event.",1750 word profile of a team covered at a major event.,writing and reporting,1750,article,650,per article,650,$650/piece,,,6 weeks,Direct Deposit,"Pre-existing relationship, They reached out to me with an assignment, Network referral",Unsure,Yes,Yes,"No, but the job wasn't killed",,Did not require overtime,Job did not expand,Required expenses &amp; I wasn't reimbursed,,Hazard pay was not required,Unsure,No,No,,"Sports, Automotive",United States,No,Texas,United States,She/Her,White,5-10 years,34,"Loved it, Would recommend to others","Cis, Female",2019-01-01,Autoblog,news
78,Autoblog,2018-11-01,Writer,"1,750-word pickup review.",1750 word pickup review.,writing and reporting,1750,review,650,per article,650,$650/piece,,,30 days,Direct Deposit,"Cold pitch - I reached out to them, Network referral",Unsure,Yes,No,Unsure,,Did not require overtime,Job did not expand,Required expenses &amp; I wasn't reimbursed,,Hazard pay was not required,Unsure,No,No,,"Sports, Entertainment, Technology, Travel, Automotive (primary genre, although it was a review centered around a travel destination/race track)",United States,No,Texas,United States,She/Her,White,5-10 years,34,"Loved it, Would recommend to others","Cis, Female",2018-11-01,Autoblog,news
79,AutoGuide,2019-12-13,Writer,"2,000-word review of a new car based on a first-drive preview event.",2000 word review of a new car based on a first drive preview event.,writing and reporting,2000,review,250,per article,250,$250 per piece,,,30 days,Direct Deposit,Network referral,Unsure,Yes,Yes,Unsure,,Did not require overtime,Job did not expand,Required expenses &amp; I wasn't reimbursed,,"Was not hazardous, Hazard pay was not required",Unsure,Unsure,No,,"Technology, Automotive ",United States,No,Texas,Canada,She/Her,White,5-10 years,34,"Loved it, Would recommend to others","Cis, Female",2019-12-13,Autoguide,news
80,Autolist,2020-10-10,Writer,800-word article,800 word article,writing and reporting,800,article,65,per article,65,$65/article,,,2 weeks or less,Paypal,Pre-existing relationship,Unsure,Yes,No,"No, but the job wasn't killed",,Did not require overtime,Job did not expand,Did not require expenses,,"Was not hazardous, Hazard pay was not required",No,No,No,,Travel,USA,No,CA,USA,He/His,"Jewish, White",0-5 years,32,Would recommend to others,"Cis, Male",2020-10-10,Autolist,ambiguous
81,avast,2019-01-01,Designer,website and illustrations,website and illustrations,graphics/design,,graphics,20000,per hour,150,150/hr,,,2 months,Check by mail,Network referral,Work For Hire,No,No,"No, but the job wasn't killed",,Did not require overtime,Job did not expand,Required expenses &amp; I was reimbursed,invoice,Was not hazardous,No,No,Unsure,,Technology,united states,No,california,czech republic,She/Her,"East Asian, White, White Passing",20-25 years,42,Loved it,Female,2019-01-01,Avast,not_news
82,Bandcamp,2024-01-01,"Editor, Writer",Monthly music column on new albums,monthly music column on new albums,writing and reporting,,article,500,,0,,12,41.67,30 days,Direct Deposit,Pre-existing relationship,Unsure,Yes,No,"Yes, but the job wasn't killed",,Did not require overtime,Job did not expand,Did not require expenses,,Was not hazardous,No,No,No,,Entertainment,us,Yes,IL,us,She/Her,White,10-15 years,39,Whatevs,"Cis, Female",2024-01-01,Bandcamp,ambiguous
83,Bandcamp,2022-07-23,Writer,Album of the Day,album of the day,writing and reporting,450,other,160,,0,400-500 words,,,30 days,Paypal,Pre-existing relationship,Work For Hire,Yes,No,Unsure,,Did not require overtime,Job did not expand,Did not require expenses,,Was not hazardous,No,No,No,,Health &amp; Wellness,USA,No,Illinois,USA,She/Her,White,0-5 years,35,Would recommend to others,"Cis, Female",2022-07-23,Bandcamp,ambiguous
84,Barn Raiser,2024-06-01,Writer,"1,000 words reporting",1000 words reporting,writing and reporting,1000,article,500,,0,,15,33.33,Over 3 months,Zelle,Cold pitch - I reached out to them,Work For Hire,No,No,Unsure,,Did not require overtime,Job did not expand,Required expenses &amp; I was reimbursed,,Was not hazardous,Publicly Available,No,No,,National News,United States,Yes,IL,United States,She/Her,White,15-20 years,68,Whatevs,Female,2024-06-01,Barn Raiser,news
85,BBC,2025-01-13,Writer,"1400 word reported feature, quick turnaround",1400 word reported feature quick turnaround,writing and reporting,1400,feature,835,,0,,15,55.67,New Job - Still Waiting,wire transfer,They reached out to me with an assignment,Unsure,Verbal or ‘handshake’ agreement,No,"No, but the job wasn't killed",,,Job did not expand,Did not require expenses,,Was not hazardous,No,No,No,,"International News, Science",US,No,MI,UK,She/Her,White,5-10 years,47,"Liked them, but rates are low",Female,2025-01-13,BBC,news
86,BBC,2020-11-15,Writer,1200 words reporting,1200 words reporting,writing and reporting,1200,article,600,,0,,,,New Job - Still Waiting,Direct Deposit,Pre-existing relationship,Work For Hire,Yes,No,Unsure,,Did not require overtime,Job did not expand,Did not require expenses,,Was not hazardous,Publicly Available,Publicly Available,No,,International News,France,No,,UK/US,She/Her,White,10-15 years,33,Loved it,Female,2020-11-15,BBC,news
87,BBC Studios,2020-01-01,"Designer, Illustrator",Podcast cover image and online marketing image,podcast cover image and online marketing image,graphics/design,,graphics,340,flat,340,340 for full job,,,6 weeks,Direct Deposit,They reached out to me with an assignment,Work For Hire,Verbal or ‘handshake’ agreement,No,"No, but the job wasn't killed",,Required overtime &amp; I wasn't compensated,Job expanded &amp; I wasn't compensated,Did not require expenses,,Was not hazardous,Unsure,No,No,,Entertainment,United Kingdom,No,,United Kingdom,She/Her,White,0-5 years,26,Hated it,"Female, Nonbinary",2020-01-01,BBC,not_news
88,Beer &amp; Weed Magazine,2022-01-23,,single-book review,single book review,writing and reporting,,review,250,per word,0.33,$250 for 750 words,15,16.67,,,,,,,,,,,,,,,,,,,,No,,,,,,,,,2022-01-23,Beer & Weed Magazine,ambiguous
89,Believer,2021-01-01,Writer,multi-book review,multi book review,writing and reporting,,review,200,,0,,,,Over 3 months,Direct Deposit,Cold pitch - I reached out to them,,Yes,,Unsure,200,Required overtime &amp; I wasn't compensated,Job expanded &amp; I wasn't compensated,,,,No,,,,,U.S.,,,,,White,Prefer not to say,,"Would not recommend to others, piece never formally killed, editor just ghosted, but full pay for the (unpublished) piece came through",Male,2021-01-01,The Believer,news
90,Believer,2020-06-18,Writer,Critical essay,critical essay,writing and reporting,,essay,300,,0,,,,Over 3 months,Direct Deposit,They asked me to pitch,1st Rights,Yes,No,"Yes, but the job wasn't killed",75,Did not require overtime,Job did not expand,Did not require expenses,,Was not hazardous,Unsure,No,Yes,,Entertainment,US,Yes,NY,US,She/Her,"Jewish, White",10-15 years,36,Would recommend to others,Female,2020-06-18,The Believer,news
91,"Best Version Media, Brookfield, Wisconsin",2020-08-01,"Copy Editor, Editor, Writer",Content Coordinator for a monthly print magazine,content coordinator for a monthly print magazine,editing,,other,500,per month,500,$500 per monthly issue,50,10,30 days,Direct Deposit,No pre-existing relationship,Unsure,Yes,No,Unsure,,Did not require overtime,Job expanded &amp; I wasn't compensated,Required expenses &amp; I wasn't reimbursed,,Was not hazardous,Unsure,No,No,,"Local News, Branded/Sponsored Content",U.S.,No,Iowa,U.S.,She/Her,,25 &amp; up,,Would recommend to others,Female,2020-08-01,Best Version Media,not_news
92,betterpet,2021-04-01,Writer,"1,500 story no reporting",1500 story no reporting,writing and reporting,1500,article,150,,0,,,,30 days,Direct Deposit,They reached out to me with an assignment,,Yes,No,"No, but the job wasn't killed",,Did not require overtime,Job did not expand,Did not require expenses,,,,,,,,,,,,,,,,Loved it,,2021-04-01,BetterPet,not_news
93,BioSpace,2024-01-10,Writer,800-1000 word reporting,800 1000 word reporting,writing and reporting,900,article,300,flat,300,$300 flat rate,,,30 days,Direct Deposit,"Pre-existing relationship, They reached out to me with an assignment",Work For Hire,Yes,No,"Yes, but the job wasn't killed",150,"I don't have set hours, but I spent over a month on the assignment.",Job did not expand,Did not require expenses,,Was not hazardous,Unsure,Unsure,No,,"Science, policy, business news",USA,,Virginia,USA,She/Her,Black,0-5 years,23,it's fine,"Cis, Female",2024-01-10,BioSpace,news
94,BioSpace,2024-04-03,Writer,One hour turnaround news story,one hour turnaround news story,writing and reporting,,article,75,flat,75,$75 flat fee,1,75,New Job - Still Waiting,Haven't been paid yet,"Pre-existing relationship, They reached out to me with an assignment",Work For Hire,Yes,No,"Yes, but the job wasn't killed",37.5,Did not require overtime,Job did not expand,Did not require expenses,,Was not hazardous,Unsure,Unsure,No,,"National News, Science, business news",USA,No,Virginia,USA,She/Her,Black,0-5 years,23,it's fine,"Cis, Female",2024-04-03,BioSpace,news
95,Black Pittsburgh,2022-08-01,Writer,Investigative–feature 4100 words,investigative–feature 4100 words,writing and reporting,4100,feature,4100,per word,1,$1 per word,,,2 weeks or less,Direct Deposit,They reached out to me with an assignment,1st Rights,Yes,Yes,Unsure,,Did not require overtime,Job did not expand,Required expenses &amp; I was reimbursed,Submitted invoice,Was not hazardous,No,No,Unsure,,Local News,USA,Yes,NY,USA,He/His,"Black, White",5-10 years,40,Loved it,Male,2022-08-01,Black Pittsburgh,news
96,Block Club Chicago,2023-09-15,Writer,Freelance reporting,freelance reporting,writing and reporting,,other,150,,0,,15,10,30 days,Direct Deposit,Cold pitch - I reached out to them,Unsure,Yes,No,"No, but the job wasn't killed",,Did not require overtime,Job did not expand,Did not require expenses,,Hazard pay was not required,Publicly Available,No,No,,Local News,US,Yes,IL,US,She/Her,White,0-5 years,56,"Whatevs, The pay is absurd. I love the publication and the work they do to cover Chicago news, but I would not pitch again b/c ROI is so low.",Female,2023-09-15,Block Club Chicago,news
97,Bloomberg CityLab,2021-04-08,Writer,1500 word reported essay,1500 word reported essay,writing and reporting,1500,essay,1000,flat,1000,1000 for the piece,,,30 days,Direct Deposit,Pre-existing relationship,Unsure,Verbal or ‘handshake’ agreement,No,Unsure,,Did not require overtime,Job did not expand,Did not require expenses,,Was not hazardous,No,No,No,,Politics,USA,No,NY,USA,She/Her,White,15-20 years,48,Would recommend to others,"Cis, Female",2021-04-08,Bloomberg CityLab,news
98,Bloomsbury,2019-08-01,Illustrator,Book Cover Illustration,book cover illustration,graphics/design,,graphics,2600,,0,,,,30 days,Direct Deposit,They reached out to me with an assignment,Work For Hire,Yes,No,"Yes, but the job wasn't killed",1300,Did not require overtime,Job did not expand,Did not require expenses,,,,No,No,,Fiction Young Adult,UK,No,,USA,She/Her,South Asian,0-5 years,25,Whatevs,Prefer not to say,2019-08-01,Bloomsbury Publishing,not_news
99,Blue Ridge Public Radio,2025-05-27,"Audio Production, Writer",Four local government beat reports,four local government beat reports,writing and reporting,,article,2500,per article,625,$625 per story,51.5,48.54,New Job - Still Waiting,Haven't been paid yet,They reached out to me with an assignment,Work For Hire,Yes,Reported at local government meetings,"No, but the job wasn't killed",,,Job expanded &amp; I wasn't compensated,Did not require expenses,,Was not hazardous,No,No,Unsure,,"Local News, Politics",United States,No,North Carolina,United States,He/His,White,5-10 years,33,,Male,2025-05-27,Blue Ridge Public Radio,news
100,BMJ (British Medical Journal),2024-01-01,Writer,500-600 words news reporting,500 600 words news reporting,writing and reporting,550,article,207.56,per article,208,207.56 per piece (GBP170),,,30 days,Direct Deposit,"No pre-existing relationship, Cold pitch - I reached out to them",Unsure,No,No,Unsure,,,,,,,,,,,,Australia,No,,England,She/Her,White,20-25 years,49,"Loved it, Would recommend to others",Female,2024-01-01,The BJM,news
101,Bolts,2025-01-01,Writer,"1,500 words reported",1500 words reported,writing and reporting,1500,article,800,,0,,,,,,,,,,,,,,,,,,,,,,,,,,,,,,,,2025-01-01,Bolts Magazine,news
102,Bolts Magazine,2022-06-28,Writer,"2,000 word report",2000 word report,writing and reporting,2000,article,1000,,0,,40,25,,,,,,,,,,,,,,,,,,,,Yes,,,,,,,,,2022-06-28,Bolts Magazine,news
103,BOMB,2024-08-01,Writer,Performance Review,performance review,writing and reporting,,review,300,,0,,55,5.45,2 weeks or less,Direct Deposit,Cold pitch - I reached out to them,,,,,,,,Required expenses &amp; I was reimbursed,,,,,,,,US,No,IL,US,She/Her,"Jewish, White",5-10 years,29,"Loved it, Would recommend to others","Cis, Female",2024-08-01,BOMB Magazine,news
104,Bomb Magazine,2024-02-02,Writer,"Q&amp;A with author, 2000ish words",q&amp;a with author 2000ish words,writing and reporting,2000,article,150,,0,,15,10,,,,,,,,,,,,,,,,,,,,Yes,,,,,,,,,2024-02-02,BOMB Magazine,news
105,Bon Appetit,2020-11-16,Photographer,Photo essay in print,photo essay in print,photography,,graphics,2000,,0,,,,30 days,Direct Deposit,They reached out to me with an assignment,Work For Hire,Yes,Yes,"No, but the job wasn't killed",,Did not require overtime,Job did not expand,Required expenses &amp; I was reimbursed,very easy thru their accounts payable system,"Was hazardous &amp; protective measures were taken, Did not receive hazard pay",Unsure,No,No,,Cooking,,Yes,,,,,0-5 years,,"Loved it, Would recommend to others",Female,2020-11-16,Bon Appétit,news
106,Bon Appetit,2020-11-15,Writer,"800 word digital, 400 word print interview",800 word digital 400 word print interview,writing and reporting,600,article,800,,0,,,,New Job - Still Waiting,Haven't been paid yet,"Pre-existing relationship, Cold pitch - I reached out to them",Work For Hire,Yes,No,Unsure,,Did not require overtime,Job did not expand,Did not require expenses,,Was not hazardous,No,No,No,,"National News, Entertainment, Health &amp; Wellness, Cooking",USA,Yes,CA,USA,She/Her,White,5-10 years,28,Would recommend to others,Female,2020-11-15,Bon Appétit,news
107,Book Riot,2023-01-01,,Round-up,round up,writing and reporting,,other,50,per article,50,Book Riot pays $50/article. Occasionally $75 for a special piece.,4,12.5,,,,,,,,,,,,,,,,,,,,No,,,,,,,,,2023-01-01,Book Riot,news
108,Bookforum,2022-11-01,,Single review,single review,writing and reporting,,review,200,,0,,20,10,,,,,,,,,,,,,,,,,,,,No,,,,,,,,,2022-11-01,Bookforum,news
109,Bookforum,2020-02-01,Writer,1600 word book review,1600 word book review,writing and reporting,1600,review,500,,0,,,,,Direct Deposit,Pre-existing relationship,,,,,,,,,,,,,,,,,Yes,,,,,,,,,2020-02-01,Bookforum,news
110,Bookforum,2021-02-02,Writer,1500 words - criticism,1500 words  criticism,writing and reporting,1500,article,100,,0,,,,30 days,Paypal,Pre-existing relationship,1st Rights,Yes,,"Yes, but the job wasn't killed",50,,,,,,,,,,,,,,,,,,,"Loved it, Wish they paid more!",,2021-02-02,Bookforum,news
111,Bookforum,2020-05-01,Writer,Book review,book review,writing and reporting,,review,500,flat,500,flat fee,,,6 weeks,,Pre-existing relationship,,,No,,,,,,,,,,,,,,,,,,,,,,,2020-05-01,Bookforum,news
112,Booklist,2020-06-01,,Book reviews (regularly cadence),book reviews (regularly cadence),writing and reporting,,review,20,per article,20,20 per review,10,2,,,,,,,,,,,,,,,,,,,,No,,,,,,,,,2020-06-01,Booklist,news
113,Booklist,2020-08-18,,multi-book review,multi book review,writing and reporting,,review,300,per article,15,$15 per review,35,8.57,,,,,,,,,,,,,,,,,,,,Yes,,,,,,,,,2020-08-18,Booklist,news
114,BookPage,2023-01-01,,Single-book review,single book review,writing and reporting,,review,50,,0,,8,6.25,,,,,,,,,,,,,,,,,,,,No,,,,,,,,,2023-01-01,BookPage,news
115,Books from Taiwan,2024-10-31,Translator,"1,000 words translated from English to Chinese, plus recordings of the translations",1000 words translated from english to chinese plus recordings of the translations,translation,1000,other,330,,0,,5,66,2 weeks or less,Direct Deposit,"No pre-existing relationship, Network referral",Unsure,Verbal or ‘handshake’ agreement,No,"No, but the job wasn't killed",,Unsure,Job did not expand,Did not require expenses,,Was not hazardous,Unsure,Unsure,No,,Entertainment,United States,No,Iowa,Singapore,She/Her,East Asian,0-5 years,23,Loved it,"Female, Nonbinary",2024-10-31,Books from Taiwan,ambiguous
116,Boston globe,2021-02-01,,Single book review,single book review,writing and reporting,,review,400,,0,,10,40,,,,,,,,,,,,,,,,,,,,Yes,,,,,,,,,2021-02-01,The Boston Globe,news
117,Boston Globe,2024-10-15,Writer,book review,book review,writing and reporting,,review,450,,0,,12,37.5,,,,,,,,,,,,,,,,,,,,Yes,,,,,,,,,2024-10-15,The Boston Globe,news
118,Boston Globe Ideas section,2024-12-02,Writer,2000 words reporting and analysis,2000 words reporting and analysis,writing and reporting,2000,article,1200,,0,,60,20,2 weeks or less,Direct Deposit,Cold pitch - I reached out to them,1st Rights,Yes,No,"Yes, but the job wasn't killed",250,Did not require overtime,Job expanded &amp; I wasn't compensated,Did not require expenses,,Was not hazardous,Unsure,Unsure,No,,Editorial &amp; Opinion,,No,,,,,,,,,2024-12-02,The Boston Globe,news
119,Boston Review,2021-10-13,Writer,Online omnibus book review / conceptual essay,online omnibus book review / conceptual essay,writing and reporting,,review,350,per article,350,350 for online essays,,,2 weeks or less,Paypal,Pre-existing relationship,Work For Hire,No,No,Unsure,,Did not require overtime,Job did not expand,Did not require expenses,,Hazard pay was not required,Publicly Available,No,No,,Editorial &amp; Opinion,USA,Yes,PA,USA,They/Their,White,5-10 years,33,Would recommend to others,Nonbinary,2021-10-13,Boston Review,news
120,Brain Mill Press,2023-08-16,,Single Book Review,single book review,writing and reporting,,review,75,per word,0.1,$75 for 600-800 words,1,75,,,,,,,,,,,,,,,,,,,,No,,,,,,,,,2023-08-16,Brain Mill Press,ambiguous
121,Brand New School,2020-06-15,Animator,Flash animation for commercial spot,flash animation for commercial spot,graphics/design,,graphics,4500,per day,700,$700/day,,,2 weeks or less,Check by mail,They reached out to me with an assignment,Work For Hire,Yes,No,"No, but the job wasn't killed",,Required overtime &amp; I was compensated,Job did not expand,Did not require expenses,,Was not hazardous,Unsure,Unsure,No,,Advertising,United States,No,IL,United States,Prefer not to say,White,10-15 years,32,Whatevs,Prefer not to say,2020-06-15,Brand New School,not_news
122,Brilliant Corners,2021-03-19,Writer,800-2000 word essay,800 2000 word essay,writing and reporting,1400,essay,48,,0,,,,New Job - Still Waiting,Haven't been paid yet,Cold pitch - I reached out to them,Work For Hire,Verbal or ‘handshake’ agreement,No,"No, but the job wasn't killed",,Unsure,Job did not expand,Did not require expenses,,Was not hazardous,No,Publicly Available,No,,Entertainment,United States,Yes,Pennsylvania,Canada,He/His,White,0-5 years,29,Would recommend to others,Cis,2021-03-19,Brilliant Corners,not_news
123,Broad Street Review,2022-06-15,Writer,700 word book review,700 word book review,writing and reporting,700,review,50,,0,,,,2 weeks or less,Check by mail,Cold pitch - I reached out to them,1st Rights,No,No,"No, but the job wasn't killed",,Did not require overtime,Job did not expand,Did not require expenses,,Was not hazardous,Publicly Available,Publicly Available,No,,Entertainment,United States,Yes,PA,,He/His,White,5-10 years,30,"Loved it, Would recommend to others",Male,2022-06-15,Broad Street Review,news
124,Broccoli Magazine,2024-03-04,Writer,1400 words reporting,1400 words reporting,writing and reporting,1400,article,750,flat,750,flat fee,,,30 days,Direct Deposit,"No pre-existing relationship, Cold pitch - I reached out to them",Unsure,Yes,"Voluntary field reporting, no additional compensation","Yes, but the job wasn't killed",325,Did not require overtime,Job did not expand,Required expenses &amp; I wasn't reimbursed,,Was not hazardous,Publicly Available,Publicly Available,Unsure,,"Entertainment, Science",USA,Yes,NY,USA,She/Her,White,0-5 years,24,"Whatevs, Would not recommend to others","Cis, Female",2024-03-04,Broccoli Mag,news
125,Brookline Media,2020-08-10,"Editor, Writer","Night Editor (3+ articles/night, edit late stories)",night editor (3+ articles/night edit late stories),editing,,other,3000,per month,3000,"$3,000 per month, ongoing",,,2 weeks or less,Paypal,"Pre-existing relationship, They reached out to me with an assignment, Network referral",Work For Hire,Yes,No,"No, but the job wasn't killed",,Did not require overtime,Job did not expand,Did not require expenses,,"Was not hazardous, Hazard pay was not required",Publicly Available,No,No,,"Sports, Entertainment, Technology, Science, Travel, Automotive (this is really the primary one, but isn't listed above)",United States,No,Texas,United States,She/Her,White,5-10 years,34,"Loved it, Would recommend to others","Cis, Female",2020-08-10,Brookline Interactive Group,news
126,Brooklyn Botanic Garden,2024-04-01,Writer,800 word blog post,800 word blog post,writing and reporting,800,article,800,per word,1,$1 per word,2,400,2 weeks or less,Check by mail,They reached out to me with an assignment,Work For Hire,Yes,No,"No, but the job wasn't killed",,Did not require overtime,Job did not expand,Did not require expenses,,Was not hazardous,No,No,No,,"Editorial &amp; Opinion, Home &amp; Garden",USA,Yes,Maryland,USA,She/Her,"Jewish, White",5-10 years,42,Whatevs,"Cis, Female",2024-04-01,Brooklyn Botanic Garden,not_news
127,Brooklyn Rail,2024-08-01,Writer,Book Review - 1000 words,book review  1000 words,writing and reporting,1000,review,150,,0,,20,7.5,Never paid,,Cold pitch - I reached out to them,,,,,,,,,,,,,,,,,,,,,,,,Loved working with the editor but this is the second time I've had to hound them to get paid (and I still haven't seen the deposit yet...),,2024-08-01,Brooklyn Rail,news
128,Brooklyn Rail,2023-04-03,Writer,1000-word book review,1000 word book review,writing and reporting,1000,review,150,,0,,,,6 weeks,Direct Deposit,"No pre-existing relationship, Cold pitch - I reached out to them",Unsure,No,No,Unsure,,,Job did not expand,Did not require expenses,,,,,,,"Non Fiction General/Genre, Non Fiction Memoir",USA,Yes,NY,USA,,Southeast Asian,0-5 years,,,"Genderqueer, Trans",2023-04-03,Brooklyn Rail,news
129,Brooklyn Rail,2022-02-07,"Writer, musician",book review,book review,writing and reporting,,review,150,flat,150,150 USD flat,25,6,2 weeks or less,Direct Deposit,Cold pitch - I reached out to them,Unsure,Unsure,No,Unsure,,Did not require overtime,Job did not expand,Did not require expenses,,Was not hazardous,Unsure,No,Unsure,,Academic,USA,No,IL,USA,He/His,"Jewish, White",0-5 years,25,"Loved it, Wish it paid more!","Cis, Male",2022-02-07,Brooklyn Rail,news
130,Building Trades News,2021-03-20,Writer,"Reporter, Writer",reporter writer,writing and reporting,,article,250,per article,250,"$250 for full article(1,000 words) and help identifying photo subjects",,,2 weeks or less,Direct Deposit,Pre-existing relationship,Unsure,Verbal or ‘handshake’ agreement,Yes,"No, but the job wasn't killed",,Unsure,Unsure,Did not require expenses,,"Was hazardous &amp; protective measures were taken, Did not receive hazard pay",No,No,No,,"Local News, Trade Magazine - Construction Industry",United States,No,CA,United States,He/His,White,0-5 years,33,I enjoy it.,Male,2021-03-20,UNCLEAR,not_news
131,Business Insider,2025-01-01,Writer,800 word personal essay,800 word personal essay,writing and reporting,800,essay,250,per word,0.3,250 for 800 words,10,25,2 weeks or less,Direct Deposit,"No pre-existing relationship, Cold pitch - I reached out to them",Work For Hire,Yes,No,"Yes, but the job wasn't killed",62.5,Did not require overtime,Job did not expand,Did not require expenses,,Was not hazardous,Publicly Available,No,No,,Travel,US,No,Florida,US,She/Her,White,25 &amp; up,52,"Loved it, Would recommend to others","Cis, Female",2025-01-01,Business Insider,news
132,Business Insider,2025-02-15,Writer,2500 word feature article,2500 word feature article,writing and reporting,2500,feature,2200,,0,,25,88,2 months,Haven't been paid yet,Cold pitch - I reached out to them,Unsure,Yes,No,Unsure,,,Job did not expand,Did not require expenses,,,Unsure,,,,,US,No,NC,US,She/Her,White,10-15 years,54,Would recommend to others,Female,2025-02-15,Business Insider,news
133,Business Insider,2025-02-07,Writer,600 words first-person travel,600 words first person travel,writing and reporting,600,article,275,,0,,4,68.75,New Job - Still Waiting,Haven't been paid yet,Cold pitch - I reached out to them,Unsure,Yes,No,"Yes, but the job wasn't killed",68.75,Did not require overtime,Job did not expand,Did not require expenses,,Was not hazardous,Publicly Available,Publicly Available,No,,Travel,United States,No,CA,USA,She/Her,White,0-5 years,31,Loved it,Female,2025-02-07,Business Insider,news
134,Business Insider,2023-06-01,Writer,2500 word investigative story,2500 word investigative story,writing and reporting,2500,article,2500,per word,1,$1/word,200,12.5,,Direct Deposit,Pre-existing relationship,1st Rights,Yes,Yes,"Yes, &amp; the job was killed",2500,Did not require overtime,Job expanded &amp; I wasn't compensated,Did not require expenses,,Was not hazardous,Unsure,Unsure,Yes,6000,International News,,No,,,,,,,"Hated it, Would not recommend to others",,2023-06-01,Business Insider,news
135,Business Insider,2021-03-04,Writer,700 word service journalism article including at least one one interview and research.,700 word service journalism article including at least one one interview and research.,writing and reporting,700,article,450,,0,,,,30 days,Direct Deposit,Pre-existing relationship,Unsure,Yes,No,Unsure,,Unsure,Job did not expand,Did not require expenses,,Was not hazardous,No,No,No,,"National News, Technology",United States,No,AK,United States,He/His,Prefer not to say,0-5 years,28,Would recommend to others,Prefer not to say,2021-03-04,Business Insider,news
136,Business Insider,2019-02-01,Audio Production,"Field reporting a 30 min podcast episode including interviews, nat sound, then writing a lot of the script and recording 2-way",field reporting a 30 min podcast episode including interviews nat sound then writing a lot of the script and recording 2 way,audio,,audio,1100,,0,,,,30 days,Direct Deposit,"Pre-existing relationship, They reached out to me with an assignment",unsure but I think it was likely a work for hire,Yes,Yes,Unsure,,,,Required expenses &amp; I was reimbursed,"They covered travel expenses (from one non-US country where I was at the time, to a neighboring non-US country) ",Was not hazardous,,No,No,,"International News, Technology",United States,Yes,New York,United States,She/Her,White,5-10 years,,"Loved it, Loved doing the story but the rate is quite low given the amount of work involved and expertise (doing interviews and research in another language.) The day rate for this would probably work out to less than $200 given all the time involved.","Cis, Female",2019-02-01,Business Insider,news
137,Bust Magazine/ Street Media (Brian Calle),2023-08-01,,Two book reviews,two book reviews,writing and reporting,,review,25,per word,0.06,$25 for two reviews/400 words,6,4.17,,,,,,,,,,,,,,,,,,,,No,,,,,,,,,2023-08-01,Bust,news
138,BuzzFeed,2020-08-05,Writer,"Reported feature story, 3000 words but no word limit given.",reported feature story 3000 words but no word limit given.,writing and reporting,3000,feature,750,,0,,,,6 weeks,Direct Deposit,Cold pitch - I reached out to them,1st Rights,Yes,No,"Yes, but the job wasn't killed",375,,Job did not expand,Did not require expenses,,,Unsure,No,No,,Editorial &amp; Opinion,,No,,,,South Asian,0-5 years,,Would recommend to others,,2020-08-05,BuzzFeed,news
139,CAA,2023-08-01,"Animator, Cartoonist, Designer, Illustrator",Report Design,report design,graphics/design,,other,5750,,0,,30,191.67,30 days,Direct Deposit,Pre-existing relationship,Unsure,Yes,No,"No, but the job wasn't killed",,Required overtime &amp; I was compensated,Job expanded &amp; I was compensated,Did not require expenses,,Was not hazardous,No,Unsure,No,,Politics,United States,No,Oregon,United States,She/Her,"East Asian, White",10-15 years,34,Loved it,Female,2023-08-01,UNCLEAR,not_news
140,CalMatters,2024-08-01,Writer,1000 words reporting,1000 words reporting,writing and reporting,1000,article,300,per article,300,$300 per story,35,8.57,New Job - Still Waiting,Haven't been paid yet,"No pre-existing relationship, Network referral",Unsure,Yes,No,Unsure,,Did not require overtime,Job did not expand,Did not require expenses,,Was not hazardous,Unsure,Unsure,Unsure,,National News,USA,Yes,Oregon,USA,They/Their,White,5-10 years,33,"Loved it, Would recommend to others","Genderqueer, Nonbinary",2024-08-01,CalMatters,news
141,Caló News,2025-06-18,Writer,750 words reporting,750 words reporting,writing and reporting,750,article,200,,0,,8,25,30 days,Direct Deposit,"No pre-existing relationship, Cold pitch - I reached out to them",,Yes,No,Unsure,,,,,,,No,No,,,Local News,USA,No,CA,USA,She/Her,White,15-20 years,37,Whatevs,"Cis, Female",2025-06-18,CALÓ NEWS,news
142,Canadian Business,2021-11-01,Writer,Investigative article,investigative article,writing and reporting,,article,3175,per word,0.9,Approx. 90 cents USD / word,,,New Job - Still Waiting,Check by mail,They reached out to me with an assignment,1st Rights,Yes,No,"Yes, but the job wasn't killed","1587,5",Did not require overtime,Job did not expand,Required expenses &amp; I was reimbursed,Included item lines with invoice,Was not hazardous,No,No,No,,National News,Canada,No,,Canada,He/His,"Arabic, Middle Eastern",10-15 years,36,Would recommend to others,Male,2021-11-01,Canadian Business,news
143,Canadian Business (under Maclean's),2020-10-14,Illustrator,"Series of editorial work (4), half-pages",series of editorial work (4) half pages,graphics/design,,graphics,1010,,0,,,,,Haven't been paid yet,They reached out to me with an assignment,Full ownership,Yes,,,,Required overtime &amp; I wasn't compensated,"Job expanded and had little compensation, and required MULTIPLE changes (when we agreed to keep 1 change per image due to low budget)",,,Was not hazardous,No,No,No,,Business,Canada,No,,Canada,They/Their,White,0-5 years,23,Hated it,Nonbinary,2020-10-14,Canadian Business,news
144,Canary Media,2024-01-01,Writer,1200 words reporting,1200 words reporting,writing and reporting,1200,article,1200,per word,1,$1 per word,9,133.33,30 days,Direct Deposit,"No pre-existing relationship, They asked me to pitch",1st Rights,Yes,No,"Yes, but the job wasn't killed",,,,,,,No,No,,,Politics,USA,Yes,,USA,,,0-5 years,,,,2024-01-01,Canary Media,news
145,Cancer Today,2024-01-01,Writer,Writing for the print magazine,writing for the print magazine,writing and reporting,,article,1000,per word,1,$1/word,,,30 days,Direct Deposit,Pre-existing relationship,,Yes,No,,,,Job did not expand,Did not require expenses,,Was not hazardous,,,,,Health &amp; Wellness,United States,Yes,Colorado,,They/Their,Jewish,0-5 years,27,"Loved it, Would recommend to others","Nonbinary, Trans",2024-01-01,Cancer Today,ambiguous
146,Candaland,2023-11-01,Audio Production,Producer for conversational style storytelling show,producer for conversational style storytelling show,audio,,audio,27000,per month,4500,4500/month,384,70.31,2 weeks or less,Direct Deposit,"No pre-existing relationship, They reached out to me with an assignment, Network referral",Work For Hire,Yes,No,"No, but the job wasn't killed",,Did not require overtime,Job expanded &amp; I wasn't compensated,Did not require expenses,,"Was not hazardous, Hazard pay was not required",Unsure,Unsure,Unsure,,"Editorial &amp; Opinion, Entertainment",United States,Yes,New York,Canada,She/Her,Middle Eastern/North African,10-15 years,37,Would not recommend to others,Female,2023-11-01,Canadaland,news
147,Capital &amp; Main,2024-04-01,Writer,Feature Article,feature article,writing and reporting,,feature,1800,,0,,,,New Job - Still Waiting,Check by mail,"Pre-existing relationship, They reached out to me with an assignment, Network referral",Work For Hire,Yes,No,"Yes, but the job wasn't killed",,Required overtime &amp; I was compensated,Job expanded &amp; I was compensated,Required expenses &amp; I wasn't reimbursed,,Was not hazardous,Unsure,Unsure,No,,Labor,United States,No,Illinois,United States,She/Her,Black,5-10 years,31,Would not recommend to others,Female,2024-04-01,Capital & Main,news
148,Capital &amp; Main,2024-07-06,Writer,1200 words reporting,1200 words reporting,writing and reporting,1200,article,1200,per word,1,$1 per word,60,20,New Job - Still Waiting,Haven't been paid yet,"No pre-existing relationship, Network referral",Unsure,Yes,No,"No, but the job wasn't killed",,Did not require overtime,Job did not expand,Did not require expenses,,Was not hazardous,Unsure,Unsure,Unsure,,National News,USA,Yes,Oregon,USA,They/Their,White,5-10 years,33,"Loved it, Would recommend to others","Genderqueer, Nonbinary",2024-07-06,Capital & Main,news
149,Capital B,2024-09-15,Writer,Investigative feature,investigative feature,writing and reporting,,feature,3520,per word,1.25,$1.25/word,,,6 weeks,Direct Deposit,Pre-existing relationship,1st Rights,Yes,,"No, but the job wasn't killed",,,,Did not require expenses,,,,,,,Local News,usa,Yes,NY,USA,He/His,"Black, White",5-10 years,41,Loved it,Male,2024-09-15,Capital B News,news
150,Captivate Communications,2024-01-01,"Copy Editor, Copy writer",Draft and edit ongoing emails and newsletters.,draft and edit ongoing emails and newsletters.,writing and reporting,,social content,1120,per hour,70,$70/hour,16,70,30 days,Direct Deposit,Pre-existing relationship,Work For Hire,Yes,No,"No, but the job wasn't killed",,Paid per hour worked.,Job expanded &amp; I was compensated,Did not require expenses,,Was not hazardous,,,No,,Technology,United States,No,New Jersey,United States,She/Her,White,5-10 years,48,"Loved it, Would recommend to others",Female,2024-01-01,Captivate Communications,not_news
151,Catapult,2021-05-19,Writer,1500 word personal essay,1500 word personal essay,writing and reporting,1500,essay,200,,0,,,,New Job - Still Waiting,,Cold pitch - I reached out to them,Unsure,Yes,No,"No, but the job wasn't killed",,Did not require overtime,Job did not expand,Did not require expenses,,"Was not hazardous, Hazard pay was not required",Unsure,Publicly Available,No,,,United States,No,NY,United States,She/Her,White,0-5 years,23,Loved it,"Cis, Female",2021-05-19,Catapult Magazine,news
152,Catapult,2020-03-31,Writer,2000 word essay,2000 word essay,writing and reporting,2000,essay,150,,0,,,,6 weeks,Direct Deposit,They asked me to pitch,Work For Hire,Yes,No,"No, but the job wasn't killed",,,,,,,No,No,,,,United States,Yes,New York,,She/Her,White,0-5 years,33,"Whatevs, Would recommend to others",,2020-03-31,Catapult Magazine,news
153,CBC,2024-01-01,"Writer, Reporter",800 words reporting,800 words reporting,writing and reporting,800,article,295,,0,,10,29.5,2 weeks or less,Check by mail,They asked me to pitch,Work For Hire,Yes,No,Unsure,,Did not require overtime,Job did not expand,Did not require expenses,,Was not hazardous,Unsure,No,Unsure,,Entertainment,,No,,Canada,She/Her,White,10-15 years,,"Loved it, Would recommend to others, If pay was better I'd work with them again in a flash. But can't afford to.",Cis,2024-01-01,CBC,news
154,Celebrate Arkansass,2023-09-01,"Photographer, Writer","Reported profile, with photography",reported profile with photography,writing and reporting,,article,500,flat,500,$500 for the story,20,25,,Check by mail,Cold pitch - I reached out to them,Work For Hire,No,Yes,"No, but the job wasn't killed",,Did not require overtime,Job did not expand,Required expenses &amp; I wasn't reimbursed,,Was not hazardous,No,No,No,,"Local News, Entertainment",USA,No,DC,USA,He/His,"Jewish, White",5-10 years,30,Loved it,"Cis, Male",2023-09-01,Celebrate Arkansas,ambiguous
155,Centenniel Media,2022-02-01,Writer,1200 words on crystals and witchcraft,1200 words on crystals and witchcraft,writing and reporting,1200,article,600,,0,,,,30 days,Direct Deposit,They reached out to me with an assignment,Work For Hire,Yes,No,"No, &amp; the job was killed",,Did not require overtime,Job did not expand,Did not require expenses,,Hazard pay was not required,Unsure,Unsure,No,,Health &amp; Wellness,USA,Yes,New York,USA,She/Her,"South Asian, White",10-15 years,35,Would recommend to others,Female,2022-02-01,Centennial Media,not_news
156,Chapter 510 &amp; the Department of Make / Believe,2022-08-01,Illustrator,2 page spread illustrated map,2 page spread illustrated map,graphics/design,,graphics,1000,,0,,,,2 weeks or less,Direct Deposit,Pre-existing relationship,Unsure,Yes,No,Unsure,,Required overtime &amp; I was compensated,Job expanded &amp; I was compensated,Required expenses &amp; I wasn't reimbursed,,"Was not hazardous, Hazard pay was not required",Unsure,Unsure,Unsure,,Non Fiction General/Genre,United States,No,CA,us,They/Their,"Hispanic, White",0-5 years,25,Would recommend to others,"Genderfluid, Nonbinary",2022-08-01,Chapter 510,ambiguous
157,Chatelaine magazine,2025-06-01,Writer,800 word reported essay for the digital site of a print magazine,800 word reported essay for the digital site of a print magazine,writing and reporting,800,essay,365,,0,,6,60.83,30 days,Direct Deposit,Pre-existing relationship,1st Rights,Verbal or ‘handshake’ agreement,No,Unsure,,Did not require overtime,Job did not expand,Did not require expenses,,Was not hazardous,Publicly Available,No,No,,Home &amp; Garden,Canada,No,,Canada,She/Her,White,10-15 years,45,Loved it,Cis,2025-06-01,Chatelaine Magazine,news
158,Chemical &amp; Engineering News,2025-01-17,Writer,"1,000 words reporting",1000 words reporting,writing and reporting,1000,article,2000,per word,2,$2 per word,40,50,30 days,Direct Deposit,Cold pitch - I reached out to them,1st Rights,Yes,No,"No, but the job wasn't killed",,Did not require overtime,Job did not expand,Required expenses &amp; I wasn't reimbursed,,"Was not hazardous, Hazard pay was not required",Publicly Available,Publicly Available,No,,Science,United States,No,New York,United States,She/Her,White,0-5 years,28,"Loved it, Would recommend to others","Cis, Female",2025-01-17,Chemical & Engineering News,ambiguous
159,Chemical &amp; Engineering News,2021-01-26,Writer,650 word profile,650 word profile,writing and reporting,650,article,1235,per word,1.9,$1.90/word,,,,,,,,,,,,,,,,,,,,,,,,,,,,,,,2021-01-26,Chemical & Engineering News,ambiguous
160,Chicago Magazine,2021-03-16,Illustrator,Quarter page illustration,quarter page illustration,graphics/design,,graphics,350,,0,,,,2 weeks or less,Direct Deposit,"Cold pitch - I reached out to them, They reached out to me with an assignment",1st Rights,Yes,No,"Yes, &amp; the job was killed",175,Did not require overtime,Job did not expand,Did not require expenses,,Was not hazardous,Unsure,No,Unsure,,,United States,Yes,New York,United States,She/Her,Middle Eastern,5-10 years,,"Would recommend to others, The AD was very easy to work with and was very accommodating to my asks.",Female,2021-03-16,Chicago Magazine,news
161,Chicago Reader,2023-03-20,Writer,1000-word book review,1000 word book review,writing and reporting,1000,review,150,,0,,,,6 weeks,Direct Deposit,"No pre-existing relationship, Cold pitch - I reached out to them",Unsure,Yes,No,Unsure,,,Job did not expand,Did not require expenses,,Was not hazardous,Publicly Available,No,No,,"Non Fiction General/Genre, Non Fiction Memoir",USA,No,NY,USA,,Southeast Asian,0-5 years,,"Loved it, Would recommend to others","Genderqueer, Trans",2023-03-20,Chicago Reader,news
162,Chicago Review of Books,2023-06-15,,List,list,other,,other,75,,0,,,,,,,,,,,,,,,,,,,,,,,No,,,,,,,,,2023-06-15,Chicago Review of Books,news
163,Chicago Review of Books,2023-02-07,Writer,1000 word book review,1000 word book review,writing and reporting,1000,review,25,,0,,8,3.12,2 months,Direct Deposit,Cold pitch - I reached out to them,Unsure,No,No,Unsure,,Did not require overtime,Job did not expand,Did not require expenses,,Was not hazardous,Publicly Available,Publicly Available,Unsure,,Non Fiction Memoir,USA,No,Illinois,Illinois,She/Her,East Asian,0-5 years,25,Whatevs,"Cis, Female",2023-02-07,Chicago Review of Books,news
164,Chicago Tribune,2024-08-30,Photographer,High School Sports Coverage,high school sports coverage,photography,,graphics,125,,0,,6,20.83,,Haven't been paid yet,Pre-existing relationship,Work For Hire,Yes,Yes,"No, but the job wasn't killed",,Did not require overtime,Job did not expand,Required expenses &amp; I wasn't reimbursed,,Was not hazardous,No,No,No,,Sports,United States,No,Illinois,United States,They/Their,White,5-10 years,24,"Loved it, Would recommend to others","Female, Nonbinary, Trans",2024-08-30,Chicago Tribune,news
165,Chicago Tribune,2023-11-01,Writer,900 word art review,900 word art review,writing and reporting,900,review,400,,0,,,,30 days,Direct Deposit,Pre-existing relationship,1st Rights,Yes,No,,,,,,,,,,,,Entertainment,US,No,IL,IL,,,20-25 years,47,Loved it,,2023-11-01,Chicago Tribune,news
166,Christian Science Monitor,2021-02-01,Writer,book review,book review,writing and reporting,,review,200,,0,,,,,,,,,,,,,,,,,,,,,,,,,,,,,,,,2021-02-01,The Christian Science Monitor,news
167,Christian Science Monitor,2018-10-01,Writer,"Reported international news story, about 1400 words, and one photo",reported international news story about 1400 words and one photo,writing and reporting,1400,article,375,flat,375,$325 for the story and $50 for the photo,,,2 weeks or less,Direct Deposit,"Cold pitch - I reached out to them, Spec work - job was done prior to communication",1st Rights,Yes,No,,,,,Expenses were supported by an outside fellowship,,,,,Yes,,International News,United States,Yes,New York,United States,She/Her,White,5-10 years,,"Loved it, Very good editing process, rights are favorable since they know the rate is low. Couldn't have financed this story without the outside fellowship.","Cis, Female",2018-10-01,The Christian Science Monitor,news
168,Chron,2023-04-03,Writer,"TV criticism (digital only, 800 words)",tv criticism (digital only 800 words),writing and reporting,800,article,400,,0,,10,40,30 days,Direct Deposit,"Pre-existing relationship, They reached out to me with an assignment",1st Rights,Verbal or ‘handshake’ agreement,,,,,,,,,,,,,Entertainment,United States,Yes,,United States,,White,5-10 years,,Loved it,"Cis, Female",2023-04-03,Chron,news
169,Chronicle of Higher Education,2022-04-01,Writer,"3,000 Words Reporting",3000 words reporting,writing and reporting,3000,article,700,,0,,,,30 days,Direct Deposit,Cold pitch - I reached out to them,1st Rights,Yes,No,"Yes, but the job wasn't killed",350,,Job did not expand,Did not require expenses,,Was not hazardous,Publicly Available,No,No,,National News,United States,Yes,OH,,He/His,White,0-5 years,34,Would recommend to others,Male,2022-04-01,The Chronicle of Higher Education,news
170,Church of Jesus Christ of Latter-Day Saints,2019-05-15,"Animator, Illustrator, Photographer","42 story illustrations, hybrid comic form",42 story illustrations hybrid comic form,graphics/design,,graphics,88000,,0,,,,2 weeks or less,Direct Deposit,Network referral,Work For Hire,Yes,No,"No, but the job wasn't killed",,Did not require overtime,Job expanded &amp; I was compensated,Unsure,"Added fee to invoice, was quickly processed",Was not hazardous,Unsure,Unsure,No,,"History, Religious",USA,No,Utah,USA,She/Her,"Latinx, White, White Passing",0-5 years,27,Would recommend to others,Female,2019-05-15,Church of Jesus Christ of Latter-Day Saints,not_news
171,CityLab,2020-10-15,Writer,1500 word reported essay,1500 word reported essay,writing and reporting,1500,essay,500,per article,500,500 per piece,,,6 weeks,Direct Deposit,They asked me to pitch,Shared Copyright,Yes,No,"No, but the job wasn't killed",,Did not require overtime,Job expanded &amp; I wasn't compensated,Did not require expenses,,Was not hazardous,No,No,No,,National News,USA,No,NY,USA,She/Her,White,20-25 years,47,Would recommend to others,"Cis, Female",2020-10-15,Bloomberg CityLab,news
172,Civil Eats,2025-03-14,Writer,"1,200-1,500 word reported story",1200 1500 word reported story,writing and reporting,1350,article,1150,,0,,27.88,41.25,New Job - Still Waiting,Haven't been paid yet,Pre-existing relationship,1st Rights,Yes,No,"Yes, but the job wasn't killed",285,,Job expanded &amp; I was compensated,Did not require expenses,,,Publicly Available,No,Unsure,,"Politics, Science",United States,No,North Carolina,United States,He/His,White,5-10 years,33,Whatevs,Male,2025-03-14,Civil Eats,news
173,Civil Eats,2024-12-01,Writer,1500-2000 word reported story,1500 2000 word reported story,writing and reporting,1750,article,950,,0,,37.5,25.33,New Job - Still Waiting,Haven't been paid yet,Pre-existing relationship,,Verbal or ‘handshake’ agreement,,"No, but the job wasn't killed",,,Job did not expand,,,,,,,,,United States,No,North Carolina,United STates,He/His,White,5-10 years,,"Very persnickety, multiple rounds of edits by different editors, some with conflicting guidance",Male,2024-12-01,Civil Eats,news
174,Civil Eats,2021-03-01,Writer,Reporting a news feature,reporting a news feature,writing and reporting,,feature,550,per article,500,Articles start at $500 for 1200-1500 words,,,2 weeks or less,Direct Deposit,Cold pitch - I reached out to them,Work For Hire,Yes,No,"Yes, but the job wasn't killed",250,Did not require overtime,Job did not expand,Did not require expenses,,"Was not hazardous, Hazard pay was not required",Publicly Available,No,No,,National News,USA,No,CA,USA,Prefer not to say,White,5-10 years,,Loved it,Prefer not to say,2021-03-01,Civil Eats,news
175,Cleveland Review of Books,2022-11-01,,Single-book review,single book review,writing and reporting,,review,75,,0,,,,,,,,,,,,,,,,,,,,,,,No,,,,,,,,,2022-11-01,Cleveland Review of Books,news
176,Clickout Media,2024-01-01,Writer,Tech news writing,tech news writing,writing and reporting,,article,0.39,per word,0.39,$0.39 per word,30,0.01,2 weeks or less,Direct Deposit,"No pre-existing relationship, They reached out to me with an assignment",Unsure,Verbal or ‘handshake’ agreement,No,"No, but the job wasn't killed",,Did not require overtime,Job expanded &amp; I was compensated,Did not require expenses,,Was not hazardous,No,No,No,,"International News, Technology",United Kingdom,No,,Malta,She/Her,White,10-15 years,,Loved it,Female,2024-01-01,ClickOut Media,not_news
177,Climbing Magazine,2024-01-01,Writer,"6,000 words investigative reporting",6000 words investigative reporting,writing and reporting,6000,feature,750,per word,0.3,"$0.30 per word up to $2,000 words",50,15,30 days,Direct Deposit,Pre-existing relationship,Work For Hire,Yes,No,"No, but the job wasn't killed",,Unsure,Job did not expand,Required expenses &amp; I wasn't reimbursed,,Was not hazardous,No,No,No,,"National News, Sports",USA,No,,USA,She/Her,White,0-5 years,26,Whatevs,"Cis, Female",2024-01-01,Climbing Magazine,news
178,CNET,2025-01-01,"Copy Editor, Photographer, Writer, Product Testing","Tested and compared 7+ products, complete with photography and ~5,000 word article",tested and compared 7+ products complete with photography and ~5000 word article,writing and reporting,5000,article,2000,flat,2000,"$2,000 project rate",60,33.33,6 weeks,Direct Deposit,"Pre-existing relationship, They reached out to me with an assignment",Work For Hire,Yes,No,"No, but the job wasn't killed",,Did not require overtime,Job did not expand,Required expenses &amp; I was reimbursed,Submit receipts to directly to editor who iniates reimbursement,Was not hazardous,No,No,No,,"Editorial &amp; Opinion, Technology, Home &amp; Garden",United States,No,Utah,United States,He/His,White,10-15 years,,"Loved it, Would recommend to others, Having freedom to pursue the project my way was helpful, but it's important to not go too deep for a better ROI on your time investment (in my case, that's 5–8 business days)","Cis, Male",2025-01-01,CNET,news
179,CNET,2024-04-03,Writer,1300 word guide,1300 word guide,writing and reporting,1300,article,450,,0,,11,40.91,New Job - Still Waiting,Direct Deposit,Pre-existing relationship,Work For Hire,Yes,No,Unsure,,Did not require overtime,Job did not expand,Did not require expenses,,Was not hazardous,No,No,Unsure,,Technology,United States,No,Utah,United States,He/His,White,10-15 years,38,"Loved it, Would recommend to others, Onboarding can take a while","Cis, Male",2024-04-03,CNET,news
180,CNN Style,2020-08-15,Writer,"1000-1500 word artist profile, with interviews",1000 1500 word artist profile with interviews,writing and reporting,1250,article,500,,0,,,,2 months,Direct Deposit,They reached out to me with an assignment,Work For Hire,Yes,No,Unsure,,Did not require overtime,Job did not expand,Required expenses &amp; I wasn't reimbursed,,Was not hazardous,Unsure,No,No,,Fashion,USA,Yes,New York,USA,She/Her,"East Asian, White",10-15 years,31,Whatevs,"Cis, Female",2020-08-15,CNN Style,news
181,Columbia College of Chicago,2022-09-15,Writer,"Catalog Essay for Art Exhibition, 500-1000 words",catalog essay for art exhibition 500 1000 words,writing and reporting,750,essay,1000,flat,1000,$1000 for 500-1000 words,,,,,,,,,,,,,,,,,,,,,,,,,,,,,,,2022-09-15,Columbia College Chicago,not_news
182,Columbia Journalism Review,2020-07-01,Writer,5000 word reported piece,5000 word reported piece,writing and reporting,5000,article,10000,per word,2,$2/word,,,Over 3 months,Haven't been paid yet,They asked me to pitch,1st Rights,Yes,,Unsure,,,Job expanded &amp; I was compensated,,,,,,,,,United States,Yes,NY,United States,She/Her,East Asian,5-10 years,28,Loved it,"Cis, Female",2020-07-01,Columbia Journalism Review,ambiguous
183,Columbia Magazine,2023-06-01,Writer,750-word book review,750 word book review,writing and reporting,750,review,850,,0,,10,85,2 weeks or less,Direct Deposit,They reached out to me with an assignment,1st Rights,Yes,No,"Yes, but the job wasn't killed",170,Did not require overtime,Job did not expand,Did not require expenses,,Was not hazardous,No,No,Unsure,,Entertainment,,Yes,,,,,,,"Loved it, Would recommend to others",,2023-06-01,Columbia Magazine,ambiguous
184,Comedy Central,2017-10-18,"Animator, Cartoonist",2x 60 second animated cartoon,2x 60 second animated cartoon,graphics/design,,graphics,1200,per graphic,600,$600 per cartoon,,,,Check by mail,They asked me to pitch,Unsure,Yes,No,Unsure,,Did not require overtime,Job did not expand,Did not require expenses,,Was not hazardous,Unsure,Unsure,No,,Entertainment,United States,No,NY,United States,He/His,White,5-10 years,31,Would recommend to others,"Cis, Male",2017-10-18,Comedy Central,not_news
185,Comic Book Respurces,2021-08-04,Writer,700 word story. Had to source images myself.,700 word story. had to source images myself.,writing and reporting,700,article,10,per article,10,$10 per article,,,2 weeks or less,Paypal,Pre-existing relationship,Unsure,Yes,No,"No, but the job wasn't killed",,Did not require overtime,Job did not expand,Did not require expenses,,Was not hazardous,No,No,No,,"Entertainment, Fiction General/Genre, Fiction Young Adult, Fiction Children",,,,Canada,He/His,Latinx,0-5 years,,Would not recommend to others,Male,2021-08-04,CBR,news
186,Condé Nast,2020-06-01,Audio Production,Audio producer,audio producer,audio,,audio,4500,per hour,50,$50/hr,,,,,,,,,,,,,,,,,,,,,,,,,,,,,,,2020-06-01,Condé Nast,ambiguous
187,Conde Nast UK,2021-04-14,Writer,800-1000 words writing/research,800 1000 words writing/research,writing and reporting,900,article,278,,0,,,,2 weeks or less,Direct Deposit,Cold pitch - I reached out to them,Work For Hire,No,,,,,,,,,No,,,,Inspiring women,United Kingdom,No,,United Kingdom,She/Her,South Asian,5-10 years,34,Loved it,Female,2021-04-14,Condé Nast,ambiguous
188,Content Cartel,2020-01-02,Videographer,Documentary Editor,documentary editor,film/video,,video,15000,per month,7500,"$7,500 per month",,,2 months,Check by mail,Pre-existing relationship,Work For Hire,Verbal or ‘handshake’ agreement,No,"No, &amp; the job was killed",,Did not require overtime,Job did not expand,Did not require expenses,,Was hazardous &amp; protective measures were not taken,No,No,No,,"National News, Politics, Entertainment, Non Fiction General/Genre, Non Fiction Memoir",,,,,,,,,,,2020-01-02,Content Cartel Media,not_news
189,Content company,2025-02-25,Writer,Rewrote and reformatted 5000-word blog,rewrote and reformatted 5000 word blog,editing,5000,article,200,per hour,40,$40 per hour,7,28.57,30 days,Direct Deposit,No pre-existing relationship,Work For Hire,Yes,No,"No, but the job wasn't killed",,Did not require overtime,Job expanded &amp; I was compensated,Did not require expenses,,Was not hazardous,No,Unsure,No,,Travel,US,No,NY,,She/Her,White,20-25 years,,Would recommend to others,Female,2025-02-25,Not Specified,not_news
190,"Cooper Hewitt, Smithsonian Design Museum",2021-04-29,Editor,"Documentary film editor, finishing editor",documentary film editor finishing editor,film/video,,video,13000,per hour,50,$50 per hour,,,30 days,Direct Deposit,They asked me to pitch,Work For Hire,Yes,No,"No, but the job wasn't killed",,Did not require overtime,Job did not expand,Did not require expenses,,Was not hazardous,No,No,Yes,30000,"Technology, Non Fiction General/Genre, Academic",United States,No,Hawaii,United States,He/His,White,5-10 years,38,Loved it,Cis,2021-04-29,"Cooper Hewitt, Smithsonian Design Museum",not_news
191,Cosmopolitan,2022-12-01,"Editor, Writer",1200-word reported article,1200 word reported article,writing and reporting,1200,article,500,,0,,,,New Job - Still Waiting,,They asked me to pitch,Work For Hire,Yes,No,Unsure,,Did not require overtime,Job expanded &amp; I wasn't compensated,Did not require expenses,,Was not hazardous,Unsure,Unsure,No,,"National News, Health &amp; Wellness",USA,No,Texas,USA,She/Her,"Hispanic, White",10-15 years,34,Loved it,Female,2022-12-01,Cosmopolitan,news
192,Cosmopolitan (Hearst),2020-11-01,Writer,2500 word reported piece,2500 word reported piece,writing and reporting,2500,article,5000,per word,2,$2/word,,,30 days,Direct Deposit,They reached out to me with an assignment,,Yes,,,,,,,,,,,,,,United States,Yes,NY,United States,She/Her,East Asian,5-10 years,28,"Hated it, Would not recommend to others","Cis, Female",2020-11-01,Cosmopolitan,news
193,CPL,2020-11-15,Video Production,30-minute sports TV show with graphics,30 minute sports tv show with graphics,film/video,,video,3500,,0,,,,2 months,Direct Deposit,Pre-existing relationship,Work For Hire,No,Yes,"No, &amp; the job was killed",,Required overtime &amp; I wasn't compensated,Job expanded &amp; I wasn't compensated,Required expenses &amp; I was reimbursed,,"Was hazardous &amp; protective measures were taken, Did not receive hazard pay",,No,No,,"Sports, Branded/Sponsored Content",Canada,No,,Canada,He/His,White,10-15 years,33,Whatevs,Male,2020-11-15,UNCLEAR,not_news
194,CQ Researcher,2024-02-07,Writer,"5,000 word report (with additional footnotes)",5000 word report (with additional footnotes),writing and reporting,5000,article,4000,,0,,,,,,Cold pitch - I reached out to them,,Yes,No,"Yes, but the job wasn't killed",,,,,,,,,,,,United States,No,California,,She/Her,White,0-5 years,30,"Would recommend workplace and editor to others, but not pay rate (for the amount of time the project ended up taking)","Cis, Female",2024-02-07,CQ Researcher,not_news
195,Cracked.com,2021-07-07,Writer,"Single article, 1000-1500 words",single article 1000 1500 words,writing and reporting,1250,article,250,,0,,,,2 weeks or less,Paypal,Network referral,Unsure,Verbal or ‘handshake’ agreement,No,Unsure,,Did not require overtime,Job did not expand,Did not require expenses,,Was not hazardous,No,No,No,,"Politics, Entertainment, Technology",United States,Yes,CT,,He/His,White,0-5 years,28,"Whatevs, Would recommend to others","Cis, Male",2021-07-07,Cracked.com,news
196,Crave Online,2020-12-31,Writer,1000+ word review,1000+ word review,writing and reporting,1000,review,20,flat,20,$20 flat rate,,,30 days,Direct Deposit,"Pre-existing relationship, They reached out to me with an assignment",Work For Hire,Yes,No,"No, but the job wasn't killed",,Did not require overtime,Job did not expand,Did not require expenses,,Was not hazardous,No,No,No,,Editorial &amp; Opinion,United States,No,California,United States,He/His,"Hispanic, Latinx, Native American or First Nation, White",10-15 years,31,"Loved it, Would not recommend to others",Male,2020-12-31,CraveOnline Media,not_news
197,Creem,2023-04-26,Writer,"3,000-word feature/critical essay",3000 word feature/critical essay,writing and reporting,3000,feature,2250,per word,0.75,$0.75 per word,40,56.25,2 weeks or less,Direct Deposit,"Pre-existing relationship, They reached out to me with an assignment",Work For Hire,Verbal or ‘handshake’ agreement,No,,,,Job did not expand,Did not require expenses,,Was not hazardous,Unsure,Unsure,No,,Entertainment,United States,Yes,New York,United States,He/His,White,5-10 years,42,"Whatevs, Generally good process; light on developmental editing; long time between filing and publication",Male,2023-04-26,Creem,news
198,CrimeReads (Literary Hub),2024-04-10,Writer,TV review (longform list),tv review (longform list),writing and reporting,,review,150,,0,,30,5,2 weeks or less,Check by mail,Pre-existing relationship,Work For Hire,No,,"No, but the job wasn't killed",,,,,,,,,,,Entertainment,US,Yes,MD,US (NYC),She/Her,,5-10 years,,,Cis,2024-04-10,CrimeReads,news
199,CRISPR Medicine News,2021-05-12,Writer,"1,500-1,750 word reported story",1500 1750 word reported story,writing and reporting,1575,article,500,per article,500,$500 per article,,,2 weeks or less,Paypal,Network referral,Work For Hire,Verbal or ‘handshake’ agreement,No,"No, but the job wasn't killed",,Did not require overtime,Job did not expand,Did not require expenses,,Was not hazardous,No,No,No,,"Technology, Science",USA,No,CA,The Netherlands,He/His,White,5-10 years,28,"Loved it, Would recommend to others",Male,2021-05-12,CRISPR Medicine News,news
200,Curbed,2021-06-04,Writer,Reported story,reported story,writing and reporting,,article,500,,0,500,,,30 days,Direct Deposit,Pre-existing relationship,Work For Hire,No,No,"Yes, but the job wasn't killed",250,Required overtime &amp; I wasn't compensated,Job expanded &amp; I wasn't compensated,Did not require expenses,,Was not hazardous,Unsure,Unsure,Unsure,,Local News,USA,No,NY,USA,He/His,White,0-5 years,26,"Whatevs, Would not recommend to others",Male,2021-06-04,Curbed,news
201,Curbed,2019-09-01,Writer,"Personal essay for the ""Personal Space"" section","personal essay for the ""personal space"" section",writing and reporting,,essay,450,,0,,,,30 days,Direct Deposit,Cold pitch - I reached out to them,Work For Hire,Yes,,,,,,,,,,,,,Home &amp; Garden,United States,Yes,New York,United States,She/Her,White,5-10 years,,"Would recommend to others, Editing experience was great. Legal team wouldn't budget on Work for Hire contract which seems especially absurd for a personal essay.","Cis, Female",2019-09-01,Curbed,news
202,Curbed,2019-12-15,Writer,Short product recommendation piece/mini personal essay,short product recommendation piece/mini personal essay,writing and reporting,,essay,250,,0,,,,30 days,Direct Deposit,Cold pitch - I reached out to them,Work For Hire,Yes,No,Unsure,,Did not require overtime,Job did not expand,Did not require expenses,,Was not hazardous,Publicly Available,No,No,,Home &amp; Garden,US,Yes,NY,US,She/Her,White,5-10 years,,Would recommend to others,"Cis, Female",2019-12-15,Curbed,news
203,"D3: Designs, Data, Decisions",2024-10-01,Editor,copy editing focus group transcripts,copy editing focus group transcripts,editing,,other,2820,per hour,30,$30 per hour,94,30,2 weeks or less,Direct Deposit,No pre-existing relationship,,Yes,No,,,Did not require overtime,Job did not expand,Did not require expenses,,Was not hazardous,,No,No,,,United States,Yes,Massachusetts,United States,They/Their,White,15-20 years,38,Whatevs,"Genderqueer, Nonbinary, Trans",2024-10-01,D3 Systems,not_news
204,Daily Mail and General Trust,2023-01-09,,Book review,book review,writing and reporting,,review,450,,0,,8,56.25,,,,,,,,,,,,,,,,,,,,No,,,,,,,,,2023-01-09,Daily Mail and General Trust,news
205,Dame Magazine,2021-03-23,Writer,1000-2000 word reported story,1000 2000 word reported story,writing and reporting,1500,article,300,,0,300,,,2 weeks or less,Direct Deposit,Cold pitch - I reached out to them,Shared Copyright,Yes,No,"Yes, but the job wasn't killed",75,Did not require overtime,Job did not expand,Did not require expenses,,Was not hazardous,Publicly Available,Publicly Available,No,,"National News, Politics, Health &amp; Wellness",USA,Yes,Illinois,USA,She/Her,White,5-10 years,38,Loved it,Female,2021-03-23,Dame Magazine,news
206,DAP Health,2025-06-11,Writer,750 word Feature,750 word feature,writing and reporting,750,feature,750,per word,1,$1/word,10,75,30 days,Check by mail,Pre-existing relationship,Work For Hire,Yes,No,"Yes, but the job wasn't killed",200,Did not require overtime,Job did not expand,Required expenses &amp; I was reimbursed,Send receipts and include amount on the invoice,Was not hazardous,Unsure,Unsure,Unsure,,,USA,No,PA,USA,She/Her,White,20-25 years,62,Loved it,Female,2025-06-11,DAP Health,not_news
207,Darrington Press,2021-02-01,Illustrator,"Painted portrait, no-line digital oil look with big golden frame",painted portrait no line digital oil look with big golden frame,graphics/design,,graphics,400,,0,,,,2 weeks or less,Paypal,They reached out to me with an assignment,Work For Hire,Yes,No,Unsure,,Did not require overtime,Job expanded &amp; I wasn't compensated,Did not require expenses,,Was not hazardous,No,No,No,,Tabletop Games,Switzerland,No,,US,He/His,White,10-15 years,27,Would not recommend to others,Trans,2021-02-01,Darrington Press,not_news
208,DATAVERSITY,2024-04-08,Writer,Content Writer,content writer,writing and reporting,,article,550,per article,275,$275 per article for 2 articles including one interview,27,20.37,30 days,Direct Deposit,Pre-existing relationship,Work For Hire,Yes,No,Unsure,,I have a learning disorder so it is understood I just get paid less unless I learn to get over it and work more efficiently,Job expanded &amp; I wasn't compensated,Did not require expenses,,Was not hazardous,No,Unsure,No,,Technology,USA,No,Oregon,USA,She/Her,White,15-20 years,53,Would recommend to others,Female,2024-04-08,DATAVERSITY,not_news
209,Dazed Media,2020-01-01,Writer,Article about an artist,article about an artist,writing and reporting,,article,133,,0,,,,30 days,Direct Deposit,Pre-existing relationship,Unsure,Unsure,No,"No, but the job wasn't killed",,Did not require overtime,Unsure,Did not require expenses,,,Unsure,Unsure,No,,Art,United Kingdom,No,,US,She/Her,White,Prefer not to say,,Difficult as it was assigned by one editor who left during Covid and it took time to get a reply from the new editor.,Female,2020-01-01,Dazed Media,ambiguous
210,DCist/WAMU,2021-04-05,Writer,"1,500-word feature reporting",1500 word feature reporting,writing and reporting,1500,feature,205,,0,,,,2 weeks or less,Check by mail,Cold pitch - I reached out to them,Work For Hire,Yes,No,"Yes, but the job wasn't killed",,I definitely worked more hours on the piece than I had thought I would.,Job did not expand,Did not require expenses,,Was not hazardous,Publicly Available,Publicly Available,No,,"Local News, Outdoors",USA,No,DC,DC,She/Her,White,0-5 years,27,Loved it,"Cis, Female",2021-04-05,DCist,news
211,Deceleration News,2024-10-17,Writer,1200 word reporting,1200 word reporting,writing and reporting,1200,article,600,,0,,15,40,2 weeks or less,Direct Deposit,Cold pitch - I reached out to them,Unsure,No,No,"Yes, but the job wasn't killed",300,Did not require overtime,Job did not expand,Did not require expenses,,Was not hazardous,Publicly Available,Publicly Available,No,,Climate/EJ,United States,No,IL,United States,She/Her,White,15-20 years,68,Loved it,Female,2024-10-17,Deceleration News,news
212,Defector Media,2021-01-15,Writer,5000 word reported feature,5000 word reported feature,writing and reporting,5000,feature,1250,,0,,,,2 weeks or less,Direct Deposit,Pre-existing relationship,1st Rights,Yes,No,"Yes, but the job wasn't killed",625,Did not require overtime,Job did not expand,Did not require expenses,,,Publicly Available,Publicly Available,No,,Sports,USA,Yes,New York,USA,He/His,"Jewish, White",15-20 years,38,Would recommend to others,"Cis, Male",2021-01-15,Defector Media,news
213,Dell,2021-09-15,Writer,"I wrote a 1200-word piece about electronic waste, with a focus on a particular artist's work around the topic (I also interviewed him for the piece).",i wrote a 1200 word piece about electronic waste with a focus on a particular artist's work around the topic (i also interviewed him for the piece).,writing and reporting,1200,article,1100,per word,1,$1/word,,,2 weeks or less,Paypal,Pre-existing relationship,Unsure,Unsure,No,Unsure,,Did not require overtime,Job did not expand,Did not require expenses,,Was not hazardous,Publicly Available,Publicly Available,No,,"Technology, Branded/Sponsored Content",United States,No,New York,United States,She/Her,White,0-5 years,24,"Whatevs, Would recommend to others","Cis, Female",2021-09-15,Dell,not_news
214,Den of Geek,2023-04-21,,List,list,other,,other,75,,0,,3,25,,,,,,,,,,,,,,,,,,,,No,,,,,,,,,2023-04-21,Den of Geek,news
215,Deseret Magazine,2025-01-15,Fact Checking,"Fact-checking 3,500 word feature",fact checking 3500 word feature,fact-check,3500,feature,500,per hour,50,$50 per hour,10,50,2 weeks or less,Direct Deposit,"Pre-existing relationship, They reached out to me with an assignment, Network referral",,No,No,"No, but the job wasn't killed",,Did not require overtime,Job did not expand,Did not require expenses,,,,,,,,USA,Yes,NY,USA,She/Her,White,0-5 years,25,Whatevs,"Cis, Female",2025-01-15,Deseret News,news
216,Deseret Magazine,2024-02-28,Writer,2500 words reporting,2500 words reporting,writing and reporting,2500,article,5000,per word,2,$2 per word,,,,Haven't been paid yet,"No pre-existing relationship, They reached out to me with an assignment, Network referral",Work For Hire,Yes,No,"Yes, but the job wasn't killed",1250,Did not require overtime,Job did not expand,Required expenses &amp; I was reimbursed,,Was not hazardous,No,Unsure,Unsure,,"National News, Science, Non Fiction General/Genre",USA,Yes,New York,"USA, Utah",She/Her,White,0-5 years,24,"Loved it, Would recommend to others","Cis, Female",2024-02-28,Deseret News,news
217,Digital Natives,2021-03-15,Writer,Social media content calendar/posts for two authors,social media content calendar/posts for two authors,writing and reporting,,social content,1600,per hour,65,$65 per hour,,,2 weeks or less,Paypal,"Pre-existing relationship, Network referral",Work For Hire,No,No,"No, but the job wasn't killed",,Did not require overtime,Job expanded &amp; I was compensated,Did not require expenses,,Was not hazardous,Unsure,No,No,,"Non Fiction General/Genre, Non Fiction Memoir, Academic",USA,No,New York,USA,She/Her,White,5-10 years,32,Would recommend to others,"Cis, Female",2021-03-15,UNCLEAR,not_news
218,Dirt (Newsletter),2021-10-03,Writer,500 word essay on a TikTok trend,500 word essay on a tiktok trend,writing and reporting,500,essay,500,per word,1,$1/word,,,2 weeks or less,venmo,Cold pitch - I reached out to them,1st Rights,No,No,"No, but the job wasn't killed",,Did not require overtime,Job did not expand,,,,,,,,,,,,,,,,,,,2021-10-03,Dirt.fyi,news
219,Disabled Writers,2020-10-26,Writer,"1000 to 1,200 words how to guide piece",1000 to 1200 words how to guide piece,writing and reporting,1100,article,250,,0,,,,30 days,Venmo,Cold pitch - I reached out to them,Unsure,Verbal or ‘handshake’ agreement,,"No, but the job wasn't killed",,Did not require overtime,Unsure,Did not require expenses,,Hazard pay was not required,Unsure,Unsure,No,,Editorial &amp; Opinion,USA,Yes,NY,USA,He/His,White,0-5 years,25,"Loved it, Would recommend to others",Cis,2020-10-26,Disabled Writers,not_news
220,Discover Magazine,2022-12-14,Writer,Feature story for magazine,feature story for magazine,writing and reporting,,feature,3200,,0,,,,30 days,Check by mail,Pre-existing relationship,,Yes,No,"Yes, but the job wasn't killed",,,Job expanded &amp; I was compensated,Did not require expenses,,,Publicly Available,Unsure,,,,USA,,New York,USA,She/Her,"Jewish, White",5-10 years,,Would recommend to others,Cis,2022-12-14,Discover Magazine,news
221,Discover magazine (print),2021-03-15,Writer,400-word sidebar,400 word sidebar,writing and reporting,400,article,600,per word,1.5,$1.5 per word,,,30 days,Wire transfer (bank fees deducted from total),Cold pitch - I reached out to them,Unsure,Yes,No,"Yes, but the job wasn't killed",,Did not require overtime,Job did not expand,Did not require expenses,,Was not hazardous,Publicly Available,Unsure,No,,"Technology, Science",,,,,,,,,,,2021-03-15,Discover Magazine,news
222,Disney/National Geographic,2024-01-01,Writer,feature story,feature story,writing and reporting,,feature,1500,per word,1,$1 a word,,,,,,,,,,,,,,,,,,,,,,No,,,,,,,,,2024-01-01,National Geographic,news
223,District Fray,2021-04-01,Writer,800 words reporting,800 words reporting,writing and reporting,800,article,100,,0,,,,New Job - Still Waiting,Check by mail,Pre-existing relationship,Unsure,No,No,Unsure,,Did not require overtime,Job did not expand,Did not require expenses,,Was not hazardous,Unsure,Unsure,No,,Local News,United States,No,D.C.,United States,Prefer not to say,Prefer not to say,0-5 years,,Would not recommend to others,Prefer not to say,2021-04-01,District Fray Magazine,ambiguous
224,District Fray,2021-04-01,Writer,800 words reporting,800 words reporting,writing and reporting,800,article,100,,0,,,,30 days,Check by mail,They reached out to me with an assignment,Unsure,No,No,Unsure,,Did not require overtime,Job did not expand,Did not require expenses,,Was not hazardous,Unsure,Unsure,No,,Local News,United States,No,D.C.,United States,Prefer not to say,Prefer not to say,0-5 years,26,Whatevs,Prefer not to say,2021-04-01,District Fray Magazine,ambiguous
225,"DiversityComm, Inc",2023-01-09,"Copy Editor, Editor, Writer","1500-2000 words, business magazine cover story, celebrity focus",1500 2000 words business magazine cover story celebrity focus,writing and reporting,1750,article,750,,0,,,,New Job - Still Waiting,Direct Deposit,Pre-existing relationship,Work For Hire,Verbal or ‘handshake’ agreement,No,"No, but the job wasn't killed",,Did not require overtime,Job did not expand,Did not require expenses,,"Was not hazardous, Hazard pay was not required",No,No,No,,"Entertainment, Business and Diversity",United States,Yes,Georgia,United States,She/Her,Black,5-10 years,32,Would recommend to others,"Cis, Female",2023-01-09,ConnectComm Magazine,news
226,Doist,2020-11-02,Writer,Writing an article for company blog,writing an article for company blog,writing and reporting,,article,700,per article,700,$700 per article (around 1200-1500 words),,,2 weeks or less,Direct Deposit,Pre-existing relationship,Unsure,Yes,No,"No, but the job wasn't killed",,Did not require overtime,Job did not expand,,,,,,,,,,Yes,,,She/Her,White,5-10 years,,Would recommend to others,Female,2020-11-02,Doist,not_news
227,Don't Sleep LLC,2021-04-20,Writer,I write 1400-2000 word scripts for a popular Youtube Channel.,i write 1400 2000 word scripts for a popular youtube channel.,writing and reporting,1700,other,125,,0,,,,30 days,Paypal,Pre-existing relationship,Work For Hire,No,No,"No, but the job wasn't killed",,Did not require overtime,Job did not expand,Did not require expenses,,Was not hazardous,No,No,No,,Entertainment,United States,Yes,Colorado,United States,He/His,White,0-5 years,28,Whatevs,Cis,2021-04-20,UNCLEAR,not_news
228,dotdash,2017-02-20,Illustrator,illustrator,illustrator,graphics/design,,graphics,35,per hour,35,$35 per hour,,,2 weeks or less,Direct Deposit,They reached out to me with an assignment,Shared Copyright,Yes,Yes,"No, but the job wasn't killed",,Did not require overtime,Unsure,Did not require expenses,,Was not hazardous,No,No,No,,"Editorial &amp; Opinion, Health &amp; Wellness, Travel, Home &amp; Garden, Academic, Real Estate, Branded/Sponsored Content",USA,No,New York,USA,Prefer not to say,East Asian,0-5 years,26,Whatevs,Female,2017-02-20,People Inc.,not_news
229,Drilled,2024-03-20,Writer,reported article,reported article,writing and reporting,,article,2300,per hour,100,$100 per hour (based on pre-existing contract),23,100,,,Pre-existing relationship,,,,,,,,,,,,,,,,USA,Yes,NY,USA,She/Her,White,10-15 years,,Loved it,Female,2024-03-20,Drilled,news
230,Drilled,2024-04-30,Writer,reported article,reported article,writing and reporting,,article,1500,per hour,100,$100 per hour (part of existing contract),15,100,,,Pre-existing relationship,,,,,,,,,,,,,,,,USA,Yes,NY,USA,She/Her,White,10-15 years,,Loved it,Female,2024-04-30,Drilled,news
231,Drilled Media,2025-08-01,"Audio Production, Writer",6-episode series,6 episode series,audio,,audio,60000,per hour,100,$100/hour,,,,Direct Deposit,Pre-existing relationship,,Yes,Involved two reporting trips,,,,Job expanded &amp; I was compensated,Required expenses &amp; I was reimbursed,,,,,,,National News,USA,Yes,NY,,She/Her,White,10-15 years,,Loved it,Cis,2025-08-01,Drilled,news
232,DriveTribe,2019-04-05,Writer,"1,200-word first-person account of an automotive repair.",1200 word first person account of an automotive repair.,writing and reporting,1200,article,200,flat,200,$200 for the piece,,,30 days,Direct Deposit,They asked me to pitch,Unsure,Yes,No,Unsure,,Did not require overtime,Job did not expand,Did not require expenses,,Hazard pay was not required,Publicly Available,Unsure,No,,"Sports, Technology, Automotive (primary genre, but isn't listed above)",United States,No,Texas,United Kingdom,She/Her,White,5-10 years,34,"Loved it, Would recommend to others","Cis, Female",2019-04-05,DriveTribe,not_news
233,Dwell,2021-04-26,Writer,600-800 word write-up of home renovation (email interview with designer and/or homeowner),600 800 word write up of home renovation (email interview with designer and/or homeowner),writing and reporting,700,article,350,,0,,,,30 days,Direct Deposit,"Pre-existing relationship, They reached out to me with an assignment",Work For Hire,Yes,No,Unsure,,,Job did not expand,Did not require expenses,,Hazard pay was not required,Unsure,No,No,,"Home &amp; Garden, Real Estate",United States,No,New York,United States,She/Her,White,5-10 years,34,Loved it,Female,2021-04-26,Dwell,news
234,Earth Island Journal,2024-03-22,Writer,"3,000 word magazine feature",3000 word magazine feature,writing and reporting,3000,feature,800,flat,800,$800 flat fee for print features,40,20,30 days,Direct Deposit,Pre-existing relationship,1st Rights,Yes,No,"Yes, but the job wasn't killed",250,Did not require overtime,Job did not expand,Required expenses &amp; I wasn't reimbursed,,Was not hazardous,No,No,Yes,,"International News, Science",United States,Yes,New York,United States,She/Her,White,0-5 years,27,"Loved it, Would recommend to others","Cis, Female",2024-03-22,Earth Island Journal,ambiguous
235,Eaten Magazine,2022-06-15,Writer,1000 Words Reporting,1000 words reporting,writing and reporting,1000,article,350,,0,,,,2 weeks or less,Paypal,Cold pitch - I reached out to them,1st Rights,Yes,No,"No, but the job wasn't killed",,Did not require overtime,Job did not expand,Did not require expenses,,Was not hazardous,No,No,No,,"Cooking, History",United States,Yes,Ohio,,He/His,White,0-5 years,34,Loved it,Male,2022-06-15,EATEN Magazine,news
236,Eater (Vox Media),2021-01-01,Writer,1500 word reported feature,1500 word reported feature,writing and reporting,1500,feature,500,,0,,,,,,Cold pitch - I reached out to them,,,,,,,,,,,Unsure,,,,Travel,,,,,,,,,,,2021-01-01,Eater,news
237,Eater (Vox Media),2020-07-01,Writer,2500 word reported essay,2500 word reported essay,writing and reporting,2500,essay,2500,,0,,,,30 days,Direct Deposit,They reached out to me with an assignment,,Yes,,,,,,Required expenses &amp; I was reimbursed,It went smoothly,,,,,,,United States,Yes,NY,United States,She/Her,East Asian,5-10 years,28,Loved it,"Cis, Female",2020-07-01,Eater,news
238,Economist,2020-12-01,Writer,450-word book review,450 word book review,writing and reporting,450,review,550,,0,,,,2 weeks or less,Direct Deposit,Pre-existing relationship,Work For Hire,No,No,"Yes, but the job wasn't killed",550,,,,,,No,,,,,United States,Yes,OH,United Kingdom,She/Her,"Jewish, White",0-5 years,29,Would recommend to others,Female,2020-12-01,The Economist,news
239,Edge Magazine,2024-08-12,Writer,"1,000 word video game review",1000 word video game review,writing and reporting,1000,review,242.19,,0,,12,20.18,30 days,Direct Deposit,Cold pitch - I reached out to them,Work For Hire,Yes,No,"No, but the job wasn't killed",,Did not require overtime,Job did not expand,Did not require expenses,,Was not hazardous,Publicly Available,No,No,,Entertainment,USA,Yes,IL,UK,She/Her,White,0-5 years,30,Whatevs,"Female, Trans",2024-08-12,Edge Magazine,news
240,Edible Michiana,2024-03-04,Writer,600-900 word feature on local farm,600 900 word feature on local farm,writing and reporting,750,feature,125,,0,,6,20.83,New Job - Still Waiting,Haven't been paid yet,"Cold pitch - I reached out to them, They reached out to me with an assignment",1st Rights,Yes,No,"No, but the job wasn't killed",,Did not require overtime,Job did not expand,Did not require expenses,,Was not hazardous,No,No,No,,"Local News, Cooking",United States,No,Indiana,United States,She/Her,"Southeast Asian, White, White Passing",5-10 years,29,Would recommend to others,Female,2024-03-04,Edible Michiana,news
241,EG News,2021-07-20,Writer,500 word reported piece (1 interview),500 word reported piece (1 interview),writing and reporting,500,article,50,,0,,,,2 weeks or less,Check by mail,Pre-existing relationship,Unsure,Verbal or ‘handshake’ agreement,Yes,"No, but the job wasn't killed",,Did not require overtime,Job did not expand,Did not require expenses,,,No,No,Unsure,,"Local News, Entertainment",United States,Yes,Rhode Island,,,,5-10 years,28,,,2021-07-20,UNCLEAR,news
242,Electric Literature,2025-01-15,Writer,3000 words author interview with 300-word intro,3000 words author interview with 300 word intro,writing and reporting,3300,article,75,,0,,20,3.75,New Job - Still Waiting,Haven't been paid yet,Pre-existing relationship,Unsure,Yes,No,"No, but the job wasn't killed",,flat rate for whole job,Job did not expand,Required expenses &amp; I wasn't reimbursed,,Was not hazardous,Publicly Available,Publicly Available,Unsure,,Non Fiction Memoir,USA,Yes,NY,USA,She/Her,White,0-5 years,39,Would not recommend to others,"Cis, Female",2025-01-15,Electric Literature,news
243,Elle,2020-05-01,Writer,Personal essay,personal essay,writing and reporting,,essay,800,flat,800,Flat rate $800 for 1000-1200 words,,,30 days,Check by mail,Network referral,1st Rights,Yes,No,"Yes, but the job wasn't killed",,Did not require overtime,Job did not expand,Did not require expenses,,Was not hazardous,Unsure,No,No,,,United States,,,,,,,,Would recommend to others,,2020-05-01,ELLE,news
244,elle canada,2024-01-01,Writer,500 words article,500 words article,writing and reporting,500,article,210,,0,,3,70,30 days,Direct Deposit,Pre-existing relationship,Work For Hire,No,No,"No, but the job wasn't killed",,Did not require overtime,Job did not expand,Did not require expenses,,Was not hazardous,No,No,No,,,,No,,,,,,,,,2024-01-01,ELLE,news
245,Elle Magazine,2024-01-19,Writer,800 words reporting,800 words reporting,writing and reporting,800,article,1600,per word,2,"$2/word, 800 words",40,40,2 weeks or less,Check by mail,"Pre-existing relationship, They asked me to pitch",Work For Hire,Yes,No,"Yes, but the job wasn't killed",400,Unsure,Job did not expand,Did not require expenses,,Hazard pay was not required,Unsure,Unsure,No,,Fashion,United States,Yes,New York,United States,She/Her,"Southeast Asian, White",10-15 years,35,Whatevs,"Cis, Female",2024-01-19,ELLE,news
246,entertainment,2020-12-31,Illustrator,full page illustrations,full page illustrations,graphics/design,,graphics,4000,per day,30,$30 per day,,,2 weeks or less,Direct Deposit,They asked me to pitch,Work For Hire,Yes,No,Unsure,,Required overtime &amp; I wasn't compensated,Job expanded &amp; I wasn't compensated,Required expenses &amp; I wasn't reimbursed,,Hazard pay was not required,No,No,No,,"Entertainment, Fiction Children",Tunisia,No,,Tunisia,She/Her,Arabic,0-5 years,26,Would not recommend to others,Female,2020-12-31,Not Specified,not_news
247,Esquire,2020-04-01,Writer,3000 words personal essay (print),3000 words personal essay (print),writing and reporting,3000,essay,3000,,0,,,,2 weeks or less,Direct Deposit,"Pre-existing relationship, They reached out to me with an assignment",Unsure,Yes,No,Unsure,,Did not require overtime,Job did not expand,Did not require expenses,,"Was not hazardous, Did not receive hazard pay",Unsure,Unsure,No,,"Editorial &amp; Opinion, Health &amp; Wellness, Non Fiction Memoir",United States,No,NY,United States,She/Her,White,5-10 years,32,"Loved it, Would recommend to others","Female, Trans",2020-04-01,Esquire,news
248,Esquire,2018-10-24,Writer,4000+ words researched obituary,4000+ words researched obituary,writing and reporting,4000,article,350,,0,,,,2 months,Direct Deposit,They reached out to me with an assignment,Work For Hire,Yes,No,"Yes, but the job wasn't killed",,,Job expanded &amp; I wasn't compensated,Did not require expenses,,Was not hazardous,No,No,No,,Editorial &amp; Opinion,US,No,CA,US,They/Their,White,0-5 years,,Would recommend to others,Genderqueer,2018-10-24,Esquire,news
249,Esquire,2020-02-01,Writer,800 word essay,800 word essay,writing and reporting,800,essay,600,,0,,,,2 months,Direct Deposit,Pre-existing relationship,,No,,,,,,,,,,No,,,,United States,Yes,NY,United States,She/Her,East Asian,5-10 years,28,Whatevs,Female,2020-02-01,Esquire,news
250,European Review of Books,2021-08-05,,2500 word single-book review-essay,2500 word single book review essay,writing and reporting,2500,review,550,,0,,50,11,,,,,,,,,,,,,,,,,,,,No,,,,,,,,,2021-08-05,The European Review of Books,news
251,Eurozine,2022-02-01,Writer,"3,000-5,000 word article",3000 5000 word article,writing and reporting,4000,article,260,,0,,,,30 days,Direct Deposit,Cold pitch - I reached out to them,Unsure,Unsure,No,Unsure,,Unsure,Job did not expand,Did not require expenses,,Was not hazardous,No,No,Unsure,,"Politics, History",United States,No,MI,Austria,She/Her,White,0-5 years,34,"Loved it, Would recommend to others",Female,2022-02-01,Eurozine,news
252,Exponent,2025-04-01,Writer,"Writing a guide for a person applying for a particular role at a particular company (for example, Software Engineer at Meta)",writing a guide for a person applying for a particular role at a particular company (for example software engineer at meta),writing and reporting,,other,300,per assignment,300,300 per assignment,6,50,30 days,Paypal,"No pre-existing relationship, Cold pitch - I reached out to them",Unsure,Verbal or ‘handshake’ agreement,No,Unsure,,Did not require overtime,Job expanded &amp; I was compensated,Did not require expenses,,Was not hazardous,No,No,No,,Technology,United States,Yes,California,California,He/His,White,10-15 years,35,"Loved it, Would recommend to others",Male,2025-04-01,Exponent,not_news
253,facebook,2020-01-20,"Illustrator, muralist",make a mural in the Facebook office building,make a mural in the facebook office building,graphics/design,,other,25000,,0,,,,2 weeks or less,Check by mail,Pre-existing relationship,Work For Hire,Yes,Yes,"Yes, but the job wasn't killed",12500,Did not require overtime,Job did not expand,Required expenses &amp; I was reimbursed,materials  etc were included in my fee,Was not hazardous,No,No,No,,Technology,usa,No,california,usa,She/Her,White,10-15 years,35,"good for the wallet, bad for the soul","Cis, Female",2020-01-20,Meta,not_news
254,Fandom,2022-03-01,Writer,"Writing a 2,000 list article on anime",writing a 2000 list article on anime,writing and reporting,2000,article,200,,0,200,,,2 weeks or less,Direct Deposit,They asked me to pitch,Unsure,No,No,"No, but the job wasn't killed",,,,,,,No,No,,,Entertainment,United States,No,GA,U.K.,They/Their,"Black, East Asian",5-10 years,,"Loved it, Would recommend to others",Nonbinary,2022-03-01,Fandom,ambiguous
255,Fandom,2020-03-15,Illustrator,Third-page illustration,third page illustration,graphics/design,,graphics,500,,0,,,,2 weeks or less,Direct Deposit,They reached out to me with an assignment,Work For Hire,Yes,No,"No, but the job wasn't killed",,Did not require overtime,Job expanded &amp; I was compensated,Did not require expenses,,,,No,,,Entertainment,Brazil,,,USA,She/Her,,0-5 years,,"Loved it, Would recommend to others",Female,2020-03-15,Fandom,ambiguous
256,Fangoria,2024-05-12,Writer,Set visit,set visit,writing and reporting,,other,300,flat,300,"300 for 1,500 words",12,25,New Job - Still Waiting,Haven't been paid yet,"Pre-existing relationship, They reached out to me with an assignment",Work For Hire,Verbal or ‘handshake’ agreement,"Set visit coverage. Visit was on-site, writing was done from home.","No, but the job wasn't killed",,"Didn't require overtime, but I did work longer hours than normal. This was not the publication's fault.",Job did not expand,Did not require expenses,,"Was hazardous &amp; protective measures were taken, Set was hazardous but protected, hazardous working conditions not the assigning publication's responsibility",Publicly Available,Unsure,No,,Entertainment,United States,Yes,Missouri,United States,She/Her,White,10-15 years,35,"Loved it, Would recommend to others",Female,2024-05-12,Fangoria,news
257,Fantagraphics Books,2025-01-20,Writer,1200 word analysis,1200 word analysis,writing and reporting,1200,article,100,per article,100,Every article from this publication pays $100 in addition to 4 books each of which has an individual value cap of $40,4,25,New Job - Still Waiting,Check by mail,"Pre-existing relationship, They reached out to me with an assignment",Unsure,Verbal or ‘handshake’ agreement,No,Unsure,,Did not require overtime,"Original request was for an interview, I asked to change to analysis because I thought it was a better fit for the website than an interview.",Did not require expenses,,Was not hazardous,No,No,,,Entertainment,United States,No,Illinois,United States,He/His,White,10-15 years,37,"Whatevs, Would recommend to others",Male,2025-01-20,Fantagraphics Books,not_news
258,Fast Company,2024-03-01,Writer,1200 word article,1200 word article,writing and reporting,1200,article,1000,flat,1000,Flat fee of $1000,20,50,30 days,Direct Deposit,Cold pitch - I reached out to them,Work For Hire,Verbal or ‘handshake’ agreement,No,"No, but the job wasn't killed",,No overtime applicable since it was a flat fee for the article,Job did not expand,Did not require expenses,,Was not hazardous,Unsure,No,No,,Technology,US,No,DC,US,She/Her,White,25 &amp; up,58,Would recommend to others,Female,2024-03-01,Fast Company,news
259,Feldcomm,2024-09-01,Writer,1250 words reporting,1250 words reporting,writing and reporting,1250,article,350,,0,,4.5,77.78,2 weeks or less,Direct Deposit,Pre-existing relationship,Work For Hire,Verbal or ‘handshake’ agreement,No,"No, but the job wasn't killed",,Did not require overtime,Job did not expand,Did not require expenses,,Was not hazardous,Publicly Available,No,No,,Non Fiction General/Genre,united states,No,illinois,united states,He/His,White,20-25 years,60,Loved it,Male,2024-09-01,Feldcomm,not_news
260,Fermilab,2024-06-26,Writer,Updating a reference map,updating a reference map,graphics/design,,graphics,650,per hour,50,$50/hr,13,50,,Haven't been paid yet,Pre-existing relationship,,,No,,,Did not require overtime,Job did not expand,Did not require expenses,,Was not hazardous,Unsure,,No,,Science,USA,Yes,New JErsey,Illinois,She/Her,White,10-15 years,36,Loved it,"Cis, Female",2024-06-26,Fermilab,not_news
261,Field of Vision,2021-04-05,Fact-checker,Fact-checked 3 25-30 minute documentaries,fact checked 3 25 30 minute documentaries,fact-check,,other,1000,per hour,35,$35 per hour,,,2 weeks or less,Direct Deposit,"They reached out to me with an assignment, Network referral",Work For Hire,Yes,No,,,,Job did not expand,,,Was not hazardous,,No,,,,United States,,New York,United States,She/Her,White,0-5 years,25,Would recommend to others,"Cis, Female",2021-04-05,Field of Vision,news
262,fifth wheel press,2023-07-08,,Book review tied to author's past work and my own personal essay,book review tied to author's past work and my own personal essay,writing and reporting,,review,50,,0,,15,3.33,,,,,,,,,,,,,,,,,,,,No,,,,,,,,,2023-07-08,fifth wheel press,ambiguous
263,Fifty Grande,2024-01-01,Writer,500 word reported story,500 word reported story,writing and reporting,500,article,250,,0,,10,25,2 weeks or less,Direct Deposit,"Pre-existing relationship, They reached out to me with an assignment",Work For Hire,Yes,No,"Yes, but the job wasn't killed",,Did not require overtime,Job did not expand,Did not require expenses,,Was not hazardous,Unsure,No,Unsure,,Travel,US,No,NY,,She/Her,White,,,"Whatevs, Would recommend to others",Female,2024-01-01,Fifty Grande,news
264,Financial newsletter publishing company - name could be identifiable,2020-11-25,Writer,Research report writing (~2000 words),research report writing (~2000 words),writing and reporting,2000,article,750,,0,,,,30 days,Direct Deposit,Pre-existing relationship,Work For Hire,Yes,No,Unsure,,Did not require overtime,Job did not expand,Did not require expenses,,Was not hazardous,No,No,No,,Financial research,United States,Yes,Maryland,United States,He/His,"Jewish, White",5-10 years,26,Would recommend to others,"Cis, Genderqueer, Male",2020-11-25,Not Specified,not_news
265,First Look Media,2021-04-30,Writer,1200 words reporting,1200 words reporting,writing and reporting,1200,article,850,per article,850,850/story,,,2 weeks or less,Direct Deposit,Pre-existing relationship,Unsure,Yes,No,"No, but the job wasn't killed",,,Job did not expand,Did not require expenses,,Was not hazardous,Publicly Available,No,No,,Politics,United States,No,Vermont,United States,He/His,Black,5-10 years,33,"Loved it, Would recommend to others",Male,2021-04-30,First Look Media,ambiguous
266,Fiverr,2022-10-19,"Editor, Writer",1200 word nutrition article,1200 word nutrition article,writing and reporting,1200,article,36,,0,$15/hr,,,New Job - Still Waiting,Paypal,They reached out to me with an assignment,Work For Hire,No,No,"No, but the job wasn't killed",,Did not require overtime,Still ongoing,Did not require expenses,,Was not hazardous,No,No,No,,Health &amp; Wellness,Usa,No,Il,Usa,He/His,Black,0-5 years,27,Would recommend to others,"Cis, Male",2022-10-19,Fiverr,not_news
267,FiveThirtyEight,2021-06-01,Writer,1500 word reported feature,1500 word reported feature,writing and reporting,1500,feature,1500,per word,1,$1 per word,,,2 weeks or less,Direct Deposit,Cold pitch - I reached out to them,Work For Hire,Yes,No,Unsure,,Unsure,Job did not expand,Did not require expenses,,,Publicly Available,No,No,,Science,United States,No,NY,US,She/Her,White,5-10 years,26,Would recommend to others,"Cis, Female",2021-06-01,FiveThirtyEight,news
268,Fjord Magazine,2022-11-01,Writer,Author interview,author interview,writing and reporting,,article,250,,0,,,,2 weeks or less,Direct Deposit,Cold pitch - I reached out to them,Work For Hire,Yes,No,"No, but the job wasn't killed",,,Job did not expand,Did not require expenses,easy,Was not hazardous,No,No,No,,Fiction General/Genre,usa,Yes,md,,She/Her,Jewish,15-20 years,65,Loved it,Female,2022-11-01,Fjord Magazine,news
269,Flaunt Magazine,2025-03-19,Writer,Commissioned for an 1100-1300 word feature on an artist/exhibit,commissioned for an 1100 1300 word feature on an artist/exhibit,writing and reporting,1200,feature,140,,0,,10,14,New Job - Still Waiting,Haven't been paid yet,They reached out to me with an assignment,Unsure,Verbal or ‘handshake’ agreement,Included a gallery visit to prep for interview,Unsure,,Unsure,Job did not expand,Did not require expenses,,Was not hazardous,No,No,No,,Arts and Culture,USA,Yes,New York,USA,Prefer not to say,White,5-10 years,,"I would recommend with the caveat that the publication's budgets are extremely modest and media workers might need to advocate for payment (even if it's ultimately given), which is far from ideal in 2025.","Cis, Female",2025-03-19,Flaunt Magazine,news
270,Fodor’s,2021-02-12,Writer,"900 words travel reporting, interview",900 words travel reporting interview,writing and reporting,900,article,250,,0,N/a,,,New Job - Still Waiting,Direct Deposit,Cold pitch - I reached out to them,Unsure,Yes,No,"Yes, but the job wasn't killed",50,Did not require overtime,Job did not expand,Did not require expenses,,"Was not hazardous, Hazard pay was not required",Publicly Available,Unsure,No,,Travel,United States,No,Florida,United States,She/Her,White,0-5 years,,Would recommend to others,Female,2021-02-12,Fodors Travel Guide,news
271,Food &amp; Wine,2024-03-01,Writer,700 words basics explainer article on a wine subject,700 words basics explainer article on a wine subject,writing and reporting,700,article,300,flat,300,$300 flat rate,5,60,6 weeks,Direct Deposit,"Pre-existing relationship, They reached out to me with an assignment",Work For Hire,Yes,No,"Yes, but the job wasn't killed",75,Did not require overtime,Job did not expand,Did not require expenses,,Did not receive hazard pay,Publicly Available,No,No,,wine,United States,No,Connecticut,United States,She/Her,White,20-25 years,42,"Whatevs, Would recommend to others",Female,2024-03-01,Food & Wine,news
272,Food and Wine,2021-02-01,Writer,1000 word essay,1000 word essay,writing and reporting,1000,essay,500,per word,0.5,50c a word,,,30 days,Check by mail,Cold pitch - I reached out to them,Work For Hire,Yes,No,Unsure,,Did not require overtime,Job did not expand,Did not require expenses,,Hazard pay was not required,No,Unsure,No,,Cooking,US,No,MA,US,She/Her,"Black, Latinx",5-10 years,,"Loved it, Would recommend to others",Female,2021-02-01,Food & Wine,news
273,Food and Wine Magazine,2025-01-01,Writer,600-800 words reporting,600 800 words reporting,writing and reporting,700,article,350,,0,,4,87.5,2 weeks or less,Check by mail,Pre-existing relationship,1st Rights,Yes,No,"No, but the job wasn't killed",,Did not require overtime,Job did not expand,Did not require expenses,,Hazard pay was not required,Unsure,No,No,,Travel,United States,Yes,New York,United States,She/Her,White,20-25 years,58,Would recommend to others,Female,2025-01-01,Food & Wine,news
274,Food Network,2024-02-12,Animator,6 second FX animation,6 second fx animation,graphics/design,,graphics,415,,0,,6,69.17,2 weeks or less,Paypal,Pre-existing relationship,Work For Hire,Verbal or ‘handshake’ agreement,No,"No, but the job wasn't killed",,Did not require overtime,Job did not expand,Did not require expenses,,Was not hazardous,,,,,"Entertainment, Cooking",France,Yes,,United States,She/Her,"Jewish, White",10-15 years,36,Whatevs,"Cis, Female",2024-02-12,Food Network,news
275,Forbes,2024-05-01,Writer,Product roundup,product roundup,writing and reporting,,article,500,per article,500,$500 per article - I put 5 hours above because I don't track time.,5,100,2 weeks or less,Direct Deposit,Pre-existing relationship,Work For Hire,Yes,No,"No, but the job wasn't killed",,Did not require overtime,Job did not expand,Did not require expenses,,Was not hazardous,Unsure,Unsure,Unsure,,"National News, Technology",USA,Yes,IL,USA,He/His,White,10-15 years,47,Loved it,Male,2024-05-01,Forbes,news
276,Forbes,2021-04-01,Writer,"500 words reported, all of writing process (writing, editing, uploading) done by writer",500 words reported all of writing process (writing editing uploading) done by writer,editing,500,article,50,per article,50,$50 per article up to 5 per month.,,,30 days,Direct Deposit,Pre-existing relationship,Unsure,Yes,,"No, but the job wasn't killed",,,Job expanded &amp; I wasn't compensated,,,,No,No,,,Entertainment,USA,No,IL,,She/Her,"Black, Latinx",0-5 years,,Would not recommend to others,"Cis, Female",2021-04-01,Forbes,news
277,Forbes Advisor,2021-05-07,Writer,1200 words,1200 words,writing and reporting,1200,article,500,,0,$500.00,,,30 days,Direct Deposit,Pre-existing relationship,Unsure,Yes,No,Unsure,,Did not require overtime,Unsure,Did not require expenses,,,Unsure,No,No,,,,,,,,,,,,,2021-05-07,Forbes Advisor,news
278,Foreign Policy,2023-01-19,Writer,"2,000 words reporting",2000 words reporting,writing and reporting,2000,article,1000,,0,,24,41.67,30 days,Direct Deposit,"Cold pitch - I reached out to them, Network referral",Unsure,No,No,Unsure,,Unsure,Job did not expand,Did not require expenses,,Was not hazardous,Unsure,Unsure,No,,Analysis,United States of America,No,District of Columbia,United States of America,She/Her,"Jewish, White",15-20 years,38,Whatevs,"Female, Genderqueer",2023-01-19,Foreign Policy,news
279,Foreign Policy,2024-05-01,Writer,reporting 2000 words,reporting 2000 words,writing and reporting,2000,article,600,per word,0.5,$.50 per word,40,15,30 days,Direct Deposit,Pre-existing relationship,Work For Hire,Verbal or ‘handshake’ agreement,No,"No, but the job wasn't killed",,,,,,,,,,,,kenya,Yes,,U.S.,He/His,White,10-15 years,36,Would recommend to others,Cis,2024-05-01,Foreign Policy,news
280,Foreign Policy,2021-04-19,Writer,1400-word reported dispatch,1400 word reported dispatch,writing and reporting,1400,article,300,,0,,,,2 weeks or less,Direct Deposit,Pre-existing relationship,Unsure,Yes,No,"No, but the job wasn't killed",,Did not require overtime,Job did not expand,Did not require expenses,,Was not hazardous,No,No,No,,International News,Germany,No,,,She/Her,White,10-15 years,32,"Whatevs, Would recommend to others","Cis, Female",2021-04-19,Foreign Policy,news
281,Foreign Policy,2020-08-02,Writer,Opinion/analysis,opinion/analysis,writing and reporting,,op/ed,300,flat,300,flat fee,,,2 months,,Pre-existing relationship,,,,,,,,,,,,,,,,,,,,,,,,,,2020-08-02,Foreign Policy,news
282,Foreign Policy,2020-10-25,Writer,1300 words reporting,1300 words reporting,writing and reporting,1300,article,300,,0,,,,30 days,Direct Deposit,Cold pitch - I reached out to them,,Yes,No,,,,Job did not expand,Did not require expenses,,,,,,,"International News, Politics",USA/Bulgaria,No,FL,USA,She/Her,"Jewish, White",0-5 years,28,Would recommend to others,"Cis, Female",2020-10-25,Foreign Policy,news
283,freelance,2021-01-01,Editor,documentary film editor,documentary film editor,film/video,,video,60000,per day,600,$600/day (my typical daily rate unless non profit/friends),,,2 weeks or less,Check by mail,"Pre-existing relationship, They reached out to me with an assignment",Work For Hire,Yes,No,"No, but the job wasn't killed",,didn’t require but we included it in the mutually negotiated contract based on the alliance of documentary editors template,Job expanded &amp; I was compensated,Required expenses &amp; I was reimbursed,instant venmo. only a handful of incidentals (cables),Was not hazardous,Unsure,Unsure,Yes,1,Non Fiction Memoir,united states,No,new york,"united states, san francisco ",He/His,White,10-15 years,47,Loved it,Cis,2021-01-01,Not Specified,not_news
284,Freelance,2019-09-01,Producer,"Podcast Producer for a magazine, including editorial &amp; production, 12 episodes",podcast producer for a magazine including editorial &amp; production 12 episodes,audio,,audio,7200,per hour,78,$78 per hour,,,30 days,Direct Deposit,They reached out to me with an assignment,Work For Hire,No,Yes,"No, but the job wasn't killed",,Did not require overtime,Job did not expand,Required expenses &amp; I was reimbursed,,Was not hazardous,No,No,No,,International News,Germany,No,,,She/Her,White,25 &amp; up,51,Loved it,Female,2019-09-01,Not Specified,not_news
285,Fresh Cup Magazine,2024-08-01,"Photographer, Writer",1000 words reporting with original photos ($10/each),1000 words reporting with original photos ($10/each),writing and reporting,1000,article,250,,0,,8,31.25,2 weeks or less,Direct Deposit,Pre-existing relationship,Unsure,Verbal or ‘handshake’ agreement,No,Unsure,,,,,,Hazard pay was not required,No,No,,,,United States,No,,United States,She/Her,White,5-10 years,,"Loved it, Would recommend to others",Cis,2024-08-01,Fresh Cup Magazine,news
286,frieze,2024-09-15,Writer,Critic's guide,critic's guide,writing and reporting,,article,560,,0,560,15,37.33,Over 3 months,Haven't been paid yet,"No pre-existing relationship, Cold pitch - I reached out to them, They reached out to me with an assignment",Work For Hire,Yes,,"Yes, but the job wasn't killed",,Chasing down payment for going on 120 days overdue has incurred additional fees and countless hours of additional labor correcting errors in their accounting department,,Required expenses &amp; I wasn't reimbursed,,,,No,,,,USA,Yes,Louisiana,UK,She/Her,"Jewish, White",5-10 years,30,Would not recommend to others,Female,2024-09-15,Frieze,news
287,Fy!,2019-11-01,"Editor, Writer",300 words copywriting,300 words copywriting,writing and reporting,300,article,4000,per word,0.07,$.07 per word,,,2 weeks or less,Paypal,Network referral,Work For Hire,No,No,,,Did not require overtime,Job did not expand,Did not require expenses,,Was not hazardous,,No,No,,Home &amp; Garden,United States,No,NY,Germany,He/His,White,0-5 years,28,Whatevs,Cis,2019-11-01,Fy!,not_news
288,GameSpot,2024-09-07,Writer,4 200-300 word news stories,4 200 300 word news stories,writing and reporting,1000,article,120,per article,30,$30 per article,4,30,2 weeks or less,Direct Deposit,Pre-existing relationship,Work For Hire,Yes,No,"No, but the job wasn't killed",,Did not require overtime,Job did not expand,Did not require expenses,,Was not hazardous,No,No,No,,Entertainment,USA,Yes,IL,USA,She/Her,White,0-5 years,30,Whatevs,"Female, Trans",2024-09-07,GameSpot,news
289,GameSpot,2024-07-01,Writer,News Coverage,news coverage,writing and reporting,,article,600,per article,30,$30 per 200 word article,20,30,,,,,,,,,,,,,,,,,,,,Yes,,,,,,,,,2024-07-01,GameSpot,news
290,GameSpot,2023-07-17,Writer,900-100 Retrospective/Criticism,900 100 retrospective/criticism,writing and reporting,900,article,200,,0,,,,2 weeks or less,Direct Deposit,Pre-existing relationship,Work For Hire,Yes,No,"Yes, but the job wasn't killed",,Did not require overtime,Job did not expand,Did not require expenses,,Was not hazardous,No,No,No,,Technology,USA,Yes,IL,USA,She/Her,White,0-5 years,29,Whatevs,"Female, Trans",2023-07-17,GameSpot,news
291,GameSpot,2023-10-15,Writer,200-300 word news story,200 300 word news story,writing and reporting,250,article,30,per article,30,$30 per news story,1,30,2 weeks or less,Direct Deposit,Pre-existing relationship,Work For Hire,Yes,No,"No, but the job wasn't killed",,Did not require overtime,Job did not expand,Did not require expenses,,Was not hazardous,No,No,No,,Technology,USA,Yes,IL,USA,She/Her,White,0-5 years,29,Whatevs,"Female, Trans",2023-10-15,GameSpot,news
292,Garrison Project and Black Pittsburgh,2023-02-15,Writer,Investigative feature–2500 words,investigative feature–2500 words,writing and reporting,2500,feature,5000,per word,2,$2 per word,,,2 weeks or less,Direct Deposit,Pre-existing relationship,1st Rights,Yes,No,"No, but the job wasn't killed",,Did not require overtime,Job did not expand,Required expenses &amp; I was reimbursed,Submitted invoice,Was not hazardous,No,No,Unsure,,Local News,usa,Yes,ny,usa,He/His,"Black, White",5-10 years,40,Loved it,Male,2023-02-15,The Garrison Project,news
293,Garrison Project and Black Pittsburgh,2023-02-15,Writer,Investigative feature–1800 words,investigative feature–1800 words,writing and reporting,1800,feature,3600,per word,2,$2 per word,,,2 weeks or less,Direct Deposit,Pre-existing relationship,1st Rights,Yes,No,"No, but the job wasn't killed",,Did not require overtime,Job did not expand,Required expenses &amp; I was reimbursed,Submitted Invoice,Was not hazardous,No,No,Unsure,,Local News,usa,Yes,ny,usa,He/His,"Black, White",5-10 years,40,Loved it,Male,2023-02-15,The Garrison Project,news
294,Gawker,2022-04-27,Writer,1500-word book review,1500 word book review,writing and reporting,1500,review,600,,0,,,,30 days,Direct Deposit,They asked me to pitch,Work For Hire,Yes,,,,,,,,,,,,,,,,,,,,,,Would recommend to others,,2022-04-27,Gawker,news
295,Gayming Magazine,2022-01-06,Writer,Writing a feature story,writing a feature story,writing and reporting,,feature,117,,0,,,,New Job - Still Waiting,Paypal,Pre-existing relationship,Unsure,No,No,"No, but the job wasn't killed",,Did not require overtime,Job did not expand,Did not require expenses,,Was not hazardous,No,No,Unsure,,"Entertainment, Sex &amp; Relationships",United States,No,Texas,United Kingdom,He/His,Black,0-5 years,26,Would not recommend to others,Cis,2022-01-06,Gayming Magazine,news
296,Gayming Magazine,2021-09-03,Writer,Feature Story on Fighting Games,feature story on fighting games,writing and reporting,,feature,136,flat,136,"136 for 1,500-2,500 words",,,New Job - Still Waiting,Haven't been paid yet,Cold pitch - I reached out to them,Unsure,No,No,"No, but the job wasn't killed",,Did not require overtime,Job did not expand,Did not require expenses,,Hazard pay was not required,No,No,No,,Entertainment,United States,No,Texas,United Kingdom,He/His,Black,0-5 years,25,Whatevs,Male,2021-09-03,Gayming Magazine,news
297,Gear Junkie,2024-03-01,Writer,Gear testing freelance writing,gear testing freelance writing,writing and reporting,,article,1500,,0,,40,37.5,30 days,Direct Deposit,No pre-existing relationship,Work For Hire,Yes,No,"Yes, but the job wasn't killed",300,Unsure,Job expanded &amp; I wasn't compensated,Required expenses &amp; I wasn't reimbursed,,Was hazardous &amp; protective measures were not taken,Unsure,No,Unsure,,Health &amp; Wellness,USA,Yes,Colorado,USA,She/Her,Prefer not to say,10-15 years,43,Whatevs,Female,2024-03-01,GearJunkie,news
298,GEN Magazine,2020-12-07,Writer,1200 words cultural crit,1200 words cultural crit,writing and reporting,1200,op/ed,700,,0,,,,New Job - Still Waiting,Direct Deposit,Cold pitch - I reached out to them,,Yes,No,"No, but the job wasn't killed",,Did not require overtime,Job did not expand,Did not require expenses,,,Unsure,Publicly Available,,,"Politics, Entertainment, Cooking",USA,No,TX,USA,She/Her,East Asian,0-5 years,26,Loved it,"Cis, Female",2020-12-07,GEN Magazine,news
299,Gen Magazine (Medium),2020-10-01,Writer,800 word essay,800 word essay,writing and reporting,800,essay,800,,0,,,,,Direct Deposit,Pre-existing relationship,,,,,,,,,,,,,,,,United States,Yes,NY,United States,She/Her,East Asian,5-10 years,28,"Loved it, Would recommend to others","Cis, Female",2020-10-01,GEN Magazine,news
300,Gen Magazine (Medium),2020-06-01,Writer,2000 word reporting,2000 word reporting,writing and reporting,2000,article,1850,,0,,,,30 days,Direct Deposit,"Pre-existing relationship, They reached out to me with an assignment",,Yes,,,,,,,,,,,,,,United States,Yes,NY,United States,She/Her,East Asian,5-10 years,28,"Loved it, Would recommend to others","Cis, Female",2020-06-01,GEN Magazine,news
301,Global Press Journal,2018-03-01,"Animator, Illustrator",Series of 3 illustrations and two animated gifs for a visual report,series of 3 illustrations and two animated gifs for a visual report,graphics/design,,graphics,2300,,0,,,,30 days,Paid through Gusto,"Cold pitch - I reached out to them, They reached out to me with an assignment",1st Rights,Yes,No,"Yes, but the job wasn't killed",,Did not require overtime,Job expanded &amp; I was compensated,Did not require expenses,,Was not hazardous,Unsure,No,Yes,,"International News, Politics, Editorial &amp; Opinion",United States,Yes,New York,United States,She/Her,Middle Eastern,5-10 years,,"Loved it, Would recommend to others",Female,2018-03-01,Global Press Journal,news
302,Globe and Mail,2020-04-25,Photographer,day rate,day rate,photography,,graphics,365,per day,365,365 per day,,,30 days,Check by mail,Pre-existing relationship,Unsure,Yes,Yes,Unsure,,Did not require overtime,Job did not expand,Did not require expenses,,Was not hazardous,No,No,No,,National News,Canada,No,,Canada,He/His,White,10-15 years,33,Loved it,"Cis, Male",2020-04-25,The Globe and Mail,news
303,Good Tape Magazine,2024-07-01,Copy Editor,Copy editing,copy editing,editing,,other,1000,per hour,40,40$/hour (and then $50 an hour for a rush period at the end),20,50,2 weeks or less,Direct Deposit,Network referral,not relevant I think since I was copy editing,Yes,No,"No, but the job wasn't killed",,Required overtime &amp; I was compensated,Job expanded &amp; I was compensated,Did not require expenses,,Was not hazardous,Unsure,Unsure,No,,"National News, Editorial &amp; Opinion, Entertainment, Technology",United States,Yes,California,US,she/her/they/them,"Jewish, White",10-15 years,34,Loved it,"Female, Genderqueer, Nonbinary",2024-07-01,Good Tape,news
304,Gothamist,2021-02-14,Writer,reported story,reported story,writing and reporting,,article,400,,0,,,,6 weeks,Direct Deposit,Pre-existing relationship,Unsure,Yes,No,Unsure,,Did not require overtime,Job did not expand,Did not require expenses,invoice upon publishing,Was not hazardous,Unsure,No,No,,"Local News, Health &amp; Wellness",United States,Yes,NY,United States,She/Her,White,10-15 years,33,Loved it,Female,2021-02-14,Gothamist,news
305,Gothamist,2020-04-20,Writer,1200 words reporting,1200 words reporting,writing and reporting,1200,article,400,,0,,,,30 days,Direct Deposit,Cold pitch - I reached out to them,Unsure,Yes,No,Unsure,,Did not require overtime,Job did not expand,Did not require expenses,,Was not hazardous,No,No,No,,Local News,United States,No,New York,New York,She/Her,White,0-5 years,31,"Loved it, Would recommend to others",Cis,2020-04-20,Gothamist,news
306,Gothamist,2020-11-20,Writer,"1,200 words, reported story",1200 words reported story,writing and reporting,1200,article,350,,0,,,,2 weeks or less,Direct Deposit,They reached out to me with an assignment,Unsure,Yes,Yes,Unsure,,Did not require overtime,Job did not expand,Did not require expenses,,"Was hazardous &amp; protective measures were taken, i had to talk to people on line to get tested for Covid, which is mildly hazardous, and I wore a mask as did those I interviewed..",Unsure,No,No,,Local News,United States,Yes,NY,United States,She/Her,"Jewish, White",5-10 years,32,"Loved it, Would recommend to others",Female,2020-11-20,Gothamist,news
307,GQ,2025-05-01,Writer,1800 word reported feature,1800 word reported feature,writing and reporting,1800,feature,1200,,0,,50,24,2 months,Direct Deposit,Cold pitch - I reached out to them,Unsure,Verbal or ‘handshake’ agreement,No,Unsure,,Did not require overtime,Job did not expand,Did not require expenses,,Did not receive hazard pay,Unsure,No,No,,Culture,US,Yes,New York,US,She/Her,White,0-5 years,29,Loved it,Female,2025-05-01,GQ,news
308,GQ,2021-09-14,Writer,web feature,web feature,writing and reporting,,feature,1000,,0,,,,30 days,Haven't been paid yet,Cold pitch - I reached out to them,1st Rights,Yes,No,"No, but the job wasn't killed",,,Job did not expand,Did not require expenses,,Was not hazardous,No,No,No,,Entertainment,USA,No,NY,USA,He/His,White,15-20 years,,Loved it,Male,2021-09-14,GQ,news
309,GQ,2020-07-04,Writer,4000 words profile (print),4000 words profile (print),writing and reporting,4000,article,8000,,0,,,,30 days,Direct Deposit,They reached out to me with an assignment,Unsure,Yes,No,Unsure,,Did not require overtime,Job did not expand,Required expenses &amp; I was reimbursed,I included an itemized line of travel expenses in my invoice for the story.,"Was not hazardous, Did not receive hazard pay",Unsure,Unsure,No,,"Local News, Editorial &amp; Opinion, Entertainment",United States,No,NY,United States,She/Her,White,5-10 years,32,"Loved it, Would recommend to others","Female, Trans",2020-07-04,GQ,news
310,GQ,2020-10-01,Illustrator,Spread,spread,graphics/design,,graphics,2500,,0,,,,30 days,Check by mail,Pre-existing relationship,1st Rights,Yes,No,"Yes, but the job wasn't killed",,,Job expanded &amp; I was compensated,Did not require expenses,,Was not hazardous,No,No,No,,Entertainment,,No,,,,Pacific Islander,20-25 years,49,Loved it,Gender expansive,2020-10-01,GQ,news
311,GQ,2020-11-02,Writer,1200 words reportedd,1200 words reportedd,writing and reporting,1200,article,800,per word,0.5,$0.50/word,,,30 days,Direct Deposit,Pre-existing relationship,Unsure,Verbal or ‘handshake’ agreement,No,"No, but the job wasn't killed",,Unsure,,Required expenses &amp; I wasn't reimbursed,,,Unsure,Unsure,No,,Politics,United States,Yes,NY,United States,He/His,White Passing,0-5 years,32,Whatevs,Two-spirit,2020-11-02,GQ,news
312,Granta Magazine,2020-02-01,Writer,Feature essay,feature essay,writing and reporting,,essay,8518,,0,"0,92",,,New Job - Still Waiting,Direct Deposit,"Pre-existing relationship, They reached out to me with an assignment",Shared Copyright,Yes,No,Unsure,,Did not require overtime,Job did not expand,Did not require expenses,,Was not hazardous,Unsure,Unsure,Unsure,,,,,,,,,,,,,2020-02-01,Granta Magazine,ambiguous
313,Gray Magazine,2019-11-01,Writer,500-word opinion piece,500 word opinion piece,writing and reporting,500,op/ed,700,per word,1,$1/word,,,30 days,Check by mail,They asked me to pitch,1st Rights,Yes,No,Unsure,,Not really applicable with writing!,Job expanded &amp; I was compensated,Did not require expenses,,,Unsure,Unsure,No,,Editorial &amp; Opinion,US,Yes,New York,US,She/Her,"Jewish, White",10-15 years,36,Would recommend to others,Female,2019-11-01,GRAY Magazine,news
314,Great Lakes Echo,2024-01-01,Writer,Longform feature reporting,longform feature reporting,writing and reporting,,feature,150,per article,150,$150 per piece,12,12.5,6 weeks,Direct Deposit,,Unsure,Unsure,No,"No, but the job wasn't killed",,Did not require overtime,Job did not expand,Required expenses &amp; I wasn't reimbursed,,Was not hazardous,No,No,Yes,,"Science, Environment",United States,Yes,Michigan,United States,She/Her,White,0-5 years,33,Whatevs,"Cis, Female",2024-01-01,Great Lakes Echo,news
315,Great Lakes Echo,2024-01-01,Writer,Longform feature reporting,longform feature reporting,writing and reporting,,feature,200,per article,150,$150 per piece,18,11.11,,Direct Deposit,Pre-existing relationship,Unsure,Unsure,No,"No, but the job wasn't killed",,Did not require overtime,Job expanded &amp; I was compensated,Did not require expenses,,Hazard pay was not required,No,No,Yes,,"Science, Environment",United States,Yes,Michigan,United States,She/Her,White,0-5 years,,Whatevs,"Cis, Female",2024-01-01,Great Lakes Echo,news
316,Green I/O Podcast,2023-01-01,Audio Production,I have been the sole proudcer of this podcast every month since 2023 began,i have been the sole proudcer of this podcast every month since 2023 began,audio,,audio,7115,per hour,45,$45/hour,155,45.9,,Wire transfer,Network referral,Work For Hire,No,No,"No, but the job wasn't killed",,Did not require overtime,Job did not expand,Did not require expenses,,Was not hazardous,No,No,,,"Technology, Science",USA,No,DC,France,He/His,"Jewish, White",5-10 years,30,"Loved it, Would recommend to others","Cis, Male",2023-01-01,Green IO,ambiguous
317,Green Peace USA,2020-06-28,Designer,"I freelanced for Green Peace USA for the past 6 months. I designed mainly social graphics (including writing copy) and also completed one off projects like designing a mailer, and a projection design.",i freelanced for green peace usa for the past 6 months. i designed mainly social graphics (including writing copy) and also completed one off projects like designing a mailer and a projection design.,graphics/design,,graphics,7000,per hour,75,$75 per hour of work,,,Over 3 months,Direct Deposit,Pre-existing relationship,Unsure,Verbal or ‘handshake’ agreement,No,"No, &amp; the job was killed",,Did not require overtime,Job expanded &amp; I was compensated,Did not require expenses,,Was not hazardous,Unsure,No,No,,Branded/Sponsored Content,Usa,No,DC,USA,She/Her,White,0-5 years,25,Would not recommend to others,Female,2020-06-28,Greenpeace,not_news
318,Griot,2020-11-09,Illustrator,5 character illustrations,5 character illustrations,graphics/design,,graphics,350,per graphic,100,100 per character,,,2 weeks or less,Direct Deposit,Pre-existing relationship,Work For Hire,Yes,Yes,"No, &amp; the job was killed",,Did not require overtime,Job expanded &amp; I was compensated,Did not require expenses,,Was not hazardous,Publicly Available,No,Yes,100,Fiction Young Adult,España,No,Valencia,Nigeria,She/Her,White,5-10 years,30,Loved it,"Cis, Female",2020-11-09,Griot Mag,news
319,Grist,2024-11-01,Writer,Investigative article,investigative article,writing and reporting,,article,2500,per word,1.11,$1.11/word,,,2 weeks or less,,Pre-existing relationship,,,No,,,,,Did not require expenses,,,,,,,National News,USA,,New York,USA,She/Her,White,10-15 years,,Would recommend to others,Cis,2024-11-01,Grist,news
320,Grist,2024-08-02,Writer,500 words reporting,500 words reporting,writing and reporting,500,article,500,flat,500,$500 flat fee,10,50,30 days,Direct Deposit,"Pre-existing relationship, They asked me to pitch",1st Rights,Yes,No,"Yes, but the job wasn't killed",125,Did not require overtime,Job did not expand,Did not require expenses,,"Was not hazardous, Hazard pay was not required",No,No,No,,"International News, Science",United States,Yes,New York,United States,She/Her,White,0-5 years,27,"Loved it, Would recommend to others","Cis, Female",2024-08-02,Grist,news
321,Grist,2024-09-18,Writer,1500 words reporting,1500 words reporting,writing and reporting,1500,article,1500,flat,1500,$1500 flat fee,20,75,30 days,Direct Deposit,Pre-existing relationship,1st Rights,Yes,No,"Yes, but the job wasn't killed",375,Did not require overtime,Job did not expand,Did not require expenses,,Was not hazardous,No,No,No,,"National News, Science",United States,Yes,New York,United States,She/Her,White,0-5 years,27,"Loved it, Would recommend to others","Cis, Female",2024-09-18,Grist,news
322,Grist,2024-01-01,Writer,1200 words reporting,1200 words reporting,writing and reporting,1200,article,1200,per word,1,$1 per word,14.75,81.36,2 weeks or less,Direct Deposit,Pre-existing relationship,1st Rights,Yes,No,"Yes, but the job wasn't killed",,,,,,,No,No,,,Politics,USA,Yes,,USA,,,0-5 years,,Would recommend to others,,2024-01-01,Grist,news
323,Grist,2022-11-05,Writer,print article,print article,writing and reporting,,article,900,per hour,1,$1 per hour,,,,,,,,,,,,,,,,,,,,,USA,Yes,NY,USA,She/Her,White,10-15 years,,Would recommend to others,Female,2022-11-05,Grist,news
324,Grist,2022-10-26,Writer,print article,print article,writing and reporting,,article,1496,per word,1,$1 per word,,,,,,,,,,,,,,,,,,,,,USA,Yes,NY,USA,She/Her,White,10-15 years,,Would recommend to others,Female,2022-10-26,Grist,news
325,Grist,2022-08-31,Writer,print article,print article,writing and reporting,,article,2250,per word,1,$1 per word,,,,,,,,,,,,,,,,,,,,,USA,Yes,NY,USA,She/Her,White,10-15 years,,Would recommend to others,Female,2022-08-31,Grist,news
326,Grist,2023-09-06,Writer,print article,print article,writing and reporting,,article,1155,per hour,1,$1 per hour,,,,,,,,,,,,,,,,,,,,,USA,Yes,NY,USA,She/Her,White,10-15 years,,Would recommend to others,Female,2023-09-06,Grist,news
327,Grist,2023-02-21,Writer,Print article,print article,writing and reporting,,article,750,per word,1,$1 per word,,,,,,,,,,,,,,,,,,,,,USA,Yes,NY,USA,She/Her,White,10-15 years,,Would recommend to others,Female,2023-02-21,Grist,news
328,Grist,2023-01-25,Writer,print article,print article,writing and reporting,,article,2054,per word,1,$1 per word,,,,,,,,,,,,,,,,,,,,,USA,Yes,NY,USA,She/Her,White,10-15 years,,Would recommend to others,Female,2023-01-25,Grist,news
329,Grist,2024-03-10,Writer,reported article,reported article,writing and reporting,,article,1500,per word,1,$1 per word,64,23.44,,,Pre-existing relationship,,Yes,,,,,,,,,,,,,,USA,Yes,NY,USA,She/Her,White,10-15 years,,Would recommend to others,Female,2024-03-10,Grist,news
330,Grist,2024-07-25,Writer,500 words reporting,500 words reporting,writing and reporting,500,article,500,flat,500,$500 flat fee,10,50,30 days,Direct Deposit,"Pre-existing relationship, They asked me to pitch",1st Rights,Yes,No,"Yes, but the job wasn't killed",125,Did not require overtime,Job did not expand,Did not require expenses,,Was not hazardous,Unsure,No,No,,"International News, Technology, Science",United States,Yes,New York,United States,She/Her,White,0-5 years,27,Loved it,"Cis, Female",2024-07-25,Grist,news
331,Grist,2024-01-01,Writer,1200 words reporting,1200 words reporting,writing and reporting,1200,article,1200,per word,1,$1 per word,17,70.59,2 weeks or less,Direct Deposit,Pre-existing relationship,1st Rights,Yes,No,,,,,,,,,,,,,,Yes,,,,,,,,,2024-01-01,Grist,news
332,Grist,2023-01-01,Writer,2000 words reporting,2000 words reporting,writing and reporting,2000,article,2000,per word,1,$1 per word,,,,Direct Deposit,Pre-existing relationship,Unsure,Unsure,No,Unsure,,Not applicable,Unsure,Unsure,,Was not hazardous,Unsure,Unsure,Unsure,,National News,US,Yes,New York,Washington,She/Her,White,10-15 years,,,Cis,2023-01-01,Grist,news
333,Grist,2021-01-22,Writer,1500-2000 words reported piece,1500 2000 words reported piece,writing and reporting,1750,article,750,per word,0.5,50c/word,,,2 weeks or less,Direct Deposit,Pre-existing relationship,1st Rights,Yes,No,Unsure,,,"I wrote just under 2000 words when the editor had asked for ""closer to 1500."" They trimmed but also asked me to expand some sections, so the piece ended up just over 2000. I was still paid the 750 rate based on 50c/1500 words initially agreed on. (I didn't push for more.)",Did not require expenses,,Was not hazardous,Unsure,Unsure,No,,"International News, Science",USA,Yes,NY,USA,He/His,White,5-10 years,30,Would recommend to others,Cis,2021-01-22,Grist,news
334,Guardian,2023-08-17,,single book review,single book review,writing and reporting,,review,310,,0,,16,19.38,,,,,,,,,,,,,,,,,,,,No,,,,,,,,,2023-08-17,The Guardian,news
335,Guardian,2020-08-01,Writer,1500 words reporting,1500 words reporting,writing and reporting,1500,article,750,,0,"0,5",,,30 days,Direct Deposit,Cold pitch - I reached out to them,,No,No,"Yes, but the job wasn't killed",,,Job did not expand,Did not require expenses,,,No,No,No,,National News,Germany,No,,USA,,White,15-20 years,,Loved it,Female,2020-08-01,The Guardian,news
336,Hakai Magazine,2024-11-15,Fact-Checker,"4,000-word feature story fact-check",4000 word feature story fact check,fact-check,4000,feature,860,per hour,40,$40 per hour,21.5,40,2 weeks or less,Direct Deposit,"No pre-existing relationship, They reached out to me with an assignment",,Yes,No,"No, but the job wasn't killed",,Did not require overtime,Job did not expand,Did not require expenses,,Was not hazardous,,No,,,"Science, History",USA,No,New York,Canada,She/Her,White,0-5 years,25,"Loved it, Would recommend to others","Cis, Female",2024-11-15,Hakai Magazine,news
337,Hard Times / Hard Drive,2024-12-19,Writer,350 words satire writing,350 words satire writing,writing and reporting,350,essay,15,per article,15,$15 per article,3,5,New Job - Still Waiting,Direct Deposit,"Pre-existing relationship, Cold pitch - I reached out to them",Work For Hire,No,No,"No, but the job wasn't killed",,Did not require overtime,Job did not expand,Did not require expenses,,Was not hazardous,Publicly Available,No,No,,Entertainment,USA,No,CA,USA,He/His,White,5-10 years,38,Loved it,"Cis, Male",2024-12-19,HARD DRIVE,not_news
338,Harper's Bazaar,2025-04-13,Writer,Book review (web),book review (web),writing and reporting,,review,750,,0,,,,,,,,,,,,,,,,,,,,,,,Yes,,,,,,,,,2025-04-13,Harper's Bazaar,news
339,Harper's Bazaar,2024-08-07,Writer,1200 word reported piece on race/identity and U.S. elections,1200 word reported piece on race/identity and u.s. elections,writing and reporting,1200,article,1200,per word,1,$1 per word,50,24,30 days,Direct Deposit,Pre-existing relationship,Work For Hire,Yes,No,"Yes, but the job wasn't killed",300,Did not require overtime,Job did not expand,Did not require expenses,,Was not hazardous,No,No,No,,Politics,USA,Yes,NEW YORK,US,She/Her,South Asian,10-15 years,,Would recommend to others,Female,2024-08-07,Harper's Bazaar,news
340,Harper's Magazine,2021-04-21,Writer,feature,feature,writing and reporting,,feature,8000,,0,,,,New Job - Still Waiting,Check by mail,They asked me to pitch,1st Rights,Yes,No,"Yes, but the job wasn't killed",4000,Did not require overtime,Job did not expand,Required expenses &amp; I was reimbursed,"sent receipts for reimbursement as soon as incurred, didn't have to wait for publication",Was hazardous &amp; protective measures were not taken,No,No,No,,Non Fiction General/Genre,USA,Yes,NY,USA,He/His,White,5-10 years,44,Loved it,Male,2021-04-21,Harper's Magazine,news
341,Harper's Magazine,2016-03-01,Writer,"6,000-word print feature",6000 word print feature,writing and reporting,6000,feature,6000,per word,0,$1/word,,,2 months,Check by mail,They asked me to pitch,Shared Copyright,Yes,No,"Yes, but the job wasn't killed",,Did not require overtime,,Required expenses &amp; I was reimbursed,Simple invoice (under $1K covered),,No,No,,,,,,,,,,,,,,2016-03-01,Harper's Magazine,news
342,Harper’s Magazine,2021-01-01,Writer,6000 word feature,6000 word feature,writing and reporting,6000,feature,6000,,0,,,,30 days,Check by mail,Cold pitch - I reached out to them,,Yes,Yes,"Yes, but the job wasn't killed",,,,Required expenses &amp; I was reimbursed,,Did not receive hazard pay,No,No,No,,,,,,,She/Her,"East Asian, White, White Passing",5-10 years,30,,Female,2021-01-01,Harper's Magazine,news
343,Harpers,2021-05-01,Writer,"6,000 word reported feature",6000 word reported feature,writing and reporting,6000,feature,8000,,0,,,,2 weeks or less,Check by mail,They asked me to pitch,1st Rights,Yes,No,"Yes, but the job wasn't killed",4000,,Job did not expand,Required expenses &amp; I was reimbursed,submitted receipts,Did not receive hazard pay,No,No,Unsure,,,United States,Yes,NY,United States,He/His,White,5-10 years,44,Loved it,Cis,2021-05-01,Harper's Magazine,news
344,Harvard Review,2020-06-01,,Single-book review,single book review,writing and reporting,,review,50,,0,,20,2.5,,,,,,,,,,,,,,,,,,,,No,,,,,,,,,2020-06-01,Harvard Review,news
345,Harvard Review,2021-05-15,,Single-book review,single book review,writing and reporting,,review,50,,0,,24,2.08,,,,,,,,,,,,,,,,,,,,No,,,,,,,,,2021-05-15,Harvard Review,news
346,Hasbro,2022-03-01,Digital Sculptor,High poly fully articulated action figure (toy) sculpt,high poly fully articulated action figure (toy) sculpt,graphics/design,,other,4000,,0,,,,2 months,Direct Deposit,Pre-existing relationship,Work For Hire,Yes,No,"No, but the job wasn't killed",,Did not require overtime,Job did not expand,Required expenses &amp; I wasn't reimbursed,,Hazard pay was not required,No,No,No,,Entertainment,United States of America,No,Massachusetts,United States of America,Prefer not to say,Prefer not to say,5-10 years,33,Whatevs,Prefer not to say,2022-03-01,Hasbro,not_news
347,Hazlitt,2022-11-01,,Author interview,author interview,writing and reporting,,article,450,,0,,,,,,,,,,,,,,,,,,,,,,,,,,,,,,,,2022-11-01,Hazlitt Magazine,ambiguous
348,Hazlitt,2001-03-15,Writer,"author interview, 2,500 words",author interview 2500 words,writing and reporting,2500,article,350,,0,,,,,,,,,,,,,,,,,,,,,,,,,,,,,,,,2001-03-15,Hazlitt Magazine,ambiguous
349,HBO,2020-08-01,"Animator, Illustrator",6 weeks of animation work for an HBO Documentary Series,6 weeks of animation work for an hbo documentary series,graphics/design,,graphics,4000,flat,4000,Flat Rate,,,2 weeks or less,Check by mail,"Pre-existing relationship, They reached out to me with an assignment, Network referral",Work For Hire,Verbal or ‘handshake’ agreement,No,"No, but the job wasn't killed",,Did not require overtime,Job did not expand,Did not require expenses,,Was not hazardous,No,No,No,,"Entertainment, Non Fiction General/Genre",United States,Yes,NY,United States,He/His,"Hispanic, Latinx, White Passing",5-10 years,33,"Loved it, Would recommend to others",Male,2020-08-01,HBO,not_news
350,Health.com,2024-08-01,Writer,1400-word heavily reported health article with multiple expert sources,1400 word heavily reported health article with multiple expert sources,writing and reporting,1400,article,350,flat,350,Flat fee of $350,8,43.75,New Job - Still Waiting,Direct Deposit,No pre-existing relationship,Unsure,Yes,No,Unsure,,Unsure,Job did not expand,Did not require expenses,,Hazard pay was not required,Unsure,No,No,,Health &amp; Wellness,USA,Yes,NY,USA,She/Her,White,15-20 years,40,Whatevs,"Cis, Female",2024-08-01,Health.com,news
351,Healthline News,2020-12-12,Writer,800-word news article with 4-day turn-around,800 word news article with 4 day turn around,writing and reporting,800,article,300,,0,,,,30 days,Direct Deposit,"Pre-existing relationship, They reached out to me with an assignment",Work For Hire,No,No,"Yes, but the job wasn't killed",50,Did not require overtime,Job did not expand,Did not require expenses,,Was not hazardous,Unsure,Unsure,Unsure,,National News,Canada,No,,United States,She/Her,White,5-10 years,,Would recommend to others,"Cis, Female",2020-12-12,Healthline,ambiguous
352,Hearst,2024-01-01,Writer,feature story,feature story,writing and reporting,,feature,750,flat,750,flat rate web,,,,,,,,,,,,,,,,,,,,,,No,,,,,,,,,2024-01-01,Hearst Corporation,ambiguous
353,Hearst,2020-05-01,"Editor, Writer","Update and edit how-to/advice columns, improve SEO. ",update and edit how to/advice columns improve seo.,editing,,other,100,per article,100,$100 per piece,,,30 days,Direct Deposit,"Pre-existing relationship, They reached out to me with an assignment, Network referral",Unsure,Yes,No,Unsure,,Did not require overtime,Job did not expand,Did not require expenses,,"Was not hazardous, Hazard pay was not required",Unsure,No,No,,"Technology, Science, Travel, Automotive (primary subject)",United States,No,Texas,United States,She/Her,White,5-10 years,34,"Loved it, Would recommend to others","Cis, Female",2020-05-01,Hearst Corporation,ambiguous
354,Hearst,2020-12-01,Writer,"""As told to"" story where the subject tells how a project was done and I edit that down into a narrative feature.","""as told to"" story where the subject tells how a project was done and i edit that down into a narrative feature.",writing and reporting,,feature,1200,per word,1,"$1,200 for 1,200-word piece",,,New Job - Still Waiting,"Haven't been paid yet, but have worked with them before and know it's direct deposit.","Pre-existing relationship, They reached out to me with an assignment, Network referral",Unsure,Yes,No,Unsure,,Did not require overtime,Job did not expand,Did not require expenses,,"Was not hazardous, Hazard pay was not required",Unsure,No,No,,"Entertainment, Technology, Science, Automotive (the real primary section)",United States,No,Texas,United States,She/Her,White,5-10 years,34,"Loved it, Would recommend to others","Cis, Female",2020-12-01,Hearst Corporation,ambiguous
355,Hearst Publication,2024-09-01,Writer,Reported story,reported story,writing and reporting,,article,1600,per word,2,$2/word,8,200,30 days,Direct Deposit,Pre-existing relationship,Work For Hire,Yes,Yes,"Yes, but the job wasn't killed",400,Unsure,Job did not expand,Required expenses &amp; I was reimbursed,emailed receipts with a separate invoice,Was not hazardous,Unsure,No,Unsure,,Entertainment,USA,No,NY,USA,He/His,Pacific Islander,10-15 years,42,Would recommend to others,Cis,2024-09-01,Hearst Corporation,ambiguous
356,Hearst TV,2021-07-07,"Producer, Video Production",Documentary TV Production,documentary tv production,film/video,,video,650,per day,650,$650/day (per deim included),50,13,6 weeks,Direct Deposit,They asked me to pitch,Work For Hire,Yes,Yes,"Yes, but the job wasn't killed",,Did not require overtime,Job did not expand,Required expenses &amp; I was reimbursed,,Was not hazardous,Publicly Available,Publicly Available,Unsure,,National News,USA,Yes,PA,USA,They/Their,White,5-10 years,,"Loved it, Would recommend to others","Genderfluid, Genderqueer, Nonbinary",2021-07-07,Hearst Corporation,ambiguous
357,Hearst/Men's Healh,2024-01-01,Writer,feature reporting longform,feature reporting longform,writing and reporting,,feature,7500,flat,7500,flat rate,,,,,,,,,,,,,,,,,,,,,,,,,,,,,,,2024-01-01,Hearst Corporation,news
358,HerAgenda,2024-12-04,Writer,Article writing,article writing,writing and reporting,,article,65,,0,,,,New Job - Still Waiting,Unsure,They asked me to pitch,,,,,,,,,,,,,,,,,No,,,,,,,,,2024-12-04,Her Agenda,news
359,HeyAlma.com,2021-04-08,Writer,1200 words reported feature,1200 words reported feature,writing and reporting,1200,feature,100,flat,100,$100 flat fee,,,30 days,Direct Deposit,Cold pitch - I reached out to them,,Unsure,No,,,,,,,,,,,,,Taiwan,No,,United States,She/Her,"Jewish, White",0-5 years,23,"it was okay, but I've heard they pay 100 flat to pretty much everyone regardless of the type of piece","Cis, Female",2021-04-08,Hey Alma,news
360,Himalaya,2020-08-01,"Audio Production, Editor, Writer",Script edit 30-minute podcast episodes,script edit 30 minute podcast episodes,audio,,audio,10000,per episode,150,$150 per episode,,,30 days,Direct Deposit,Pre-existing relationship,Work For Hire,Yes,No,"No, but the job wasn't killed",,Did not require overtime,Job did not expand,Did not require expenses,,Was not hazardous,No,No,No,,Non Fiction General/Genre,US,No,MA,China/US,She/Her,White,0-5 years,30,Would recommend to others,"Cis, Female",2020-08-01,UNCLEAR,not_news
361,History Channel (A&amp;E Networks),2024-01-01,"Writer, ",1000 words,1000 words,writing and reporting,1000,article,1000,,0,,,,,,,,,,,,,,,,,,,,,,,Yes,,,,,,,,,2024-01-01,History Channel,news
362,History Channel (A&amp;E Networks),2024-01-01,Writer,500-word timeline,500 word timeline,writing and reporting,500,other,250,,0,,,,,,,,,,,,,,,,,,,,,,,Yes,,,,,,,,,2024-01-01,History Channel,news
363,History Channel (A&amp;E Networks),2024-01-01,Writer,1000 words reporting,1000 words reporting,writing and reporting,1000,article,500,,0,,,,,,,,,,,,,,,,,,,,,,,Yes,,,,,,,,,2024-01-01,History Channel,news
364,History Channel (A&amp;E Networks),2024-01-01,Writer,1000 words reporting for digital,1000 words reporting for digital,writing and reporting,1000,article,500,,0,,,,,,,,,,,,,,,,,,,,,,,Yes,,,,,,,,,2024-01-01,History Channel,news
365,History Channel (A&amp;E Networks),2024-01-01,Writer,1000 words reporting,1000 words reporting,writing and reporting,1000,article,500,,0,,,,,,,,,,,,,,,,,,,,,,,Yes,,,,,,,,,2024-01-01,History Channel,news
366,History Channel (A&amp;E Networks),2024-01-01,Writer,Two 500-word timelines,two 500 word timelines,writing and reporting,1000,other,500,,0,,,,,,,,,,,,,,,,,,,,,,,Yes,,,,,,,,,2024-01-01,History Channel,news
367,History Channel (A&amp;E Networks),2024-01-01,Writer,1000 words reporting,1000 words reporting,writing and reporting,1000,article,500,,0,,,,,,,,,,,,,,,,,,,,,,,Yes,,,,,,,,,2024-01-01,History Channel,news
368,History Channel (A&amp;E Networks),2024-01-01,Writer,1000 words reporting,1000 words reporting,writing and reporting,1000,article,500,,0,,,,,Direct Deposit,Pre-existing relationship,Work For Hire,Yes,No,"No, but the job wasn't killed",,Did not require overtime,Job did not expand,Did not require expenses,,Was not hazardous,Unsure,No,No,,History,United States,Yes,"Washington, Dc",United States,She/Her,White,10-15 years,34,,"Cis, Female",2024-01-01,History Channel,news
369,History Channel (A&amp;E Networks),2024-01-01,Writer,1000 words reporting,1000 words reporting,writing and reporting,1000,article,500,,0,,,,,Direct Deposit,Pre-existing relationship,Work For Hire,Yes,No,"No, but the job wasn't killed",,Did not require overtime,Job did not expand,Did not require expenses,,"Was not hazardous, Hazard pay was not required",Unsure,No,Unsure,,History,United States,Yes,"Washington, DC",United States,She/Her,White,10-15 years,34,Would recommend to others,"Cis, Female",2024-01-01,History Channel,news
370,History Extra - BBC,2023-01-01,Writer,1200 words reporting,1200 words reporting,writing and reporting,1200,article,150,per article,150,150 per article,6,25,30 days,Direct Deposit,"Pre-existing relationship, They reached out to me with an assignment",Work For Hire,Yes,No,"No, but the job wasn't killed",,Unsure,Job did not expand,Did not require expenses,,Was not hazardous,Unsure,Unsure,No,,History,United States,No,New York,United Kingdom,She/Her,"Black, Hispanic, Latine, West Indian",5-10 years,,Loved it,"Cis, Female",2023-01-01,BBC History,news
371,Hornet,2018-02-05,Animator,"Animator - various title effects, some after effects, commercial job",animator  various title effects some after effects commercial job,graphics/design,,graphics,2800,per day,400,$400 per day,,,30 days,Check by mail,They reached out to me with an assignment,Work For Hire,Yes,Yes,"No, but the job wasn't killed",,Did not require overtime,Job did not expand,Did not require expenses,,Was not hazardous,Unsure,No,No,,Branded/Sponsored Content,United States,No,NY,United States,He/His,"Jewish, White",5-10 years,27,"Loved it, Would recommend to others",Cis,2018-02-05,The Hornet,not_news
372,Huffington Post,2025-01-01,Writer,Personal essay approx 1500 to 2000 words,personal essay approx 1500 to 2000 words,writing and reporting,1750,essay,200,,0,,25,8,New Job - Still Waiting,Haven't been paid yet,"No pre-existing relationship, Cold pitch - I reached out to them, Spec work - job was done prior to communication",Work For Hire,Yes,No,Unsure,,Did not require overtime,Job did not expand,Did not require expenses,,,Publicly Available,No,No,,Editorial &amp; Opinion,USA,No,Illinois,USA,She/Her,White,10-15 years,,Whatevs,Female,2025-01-01,HuffPost,news
373,HuffPost,2021-01-01,Photographer,Photo assignment + a couple single drone shots.,photo assignment + a couple single drone shots.,photography,,graphics,600,,0,,,,,Direct Deposit,They reached out to me with an assignment,Unsure,Yes,No,Unsure,,Did not require overtime,Job did not expand,Did not require expenses,"Just for mileage, which is incorporated into their WorkMarket invoice.",Was not hazardous,Unsure,Unsure,No,,Research study,United States,No,AZ,United States,She/Her,White,0-5 years,26,Loved it,"Cis, Female",2021-01-01,HuffPost,news
374,HuffPost,2020-09-01,Writer,1000 reported piece,1000 reported piece,writing and reporting,1000,article,750,,0,,,,30 days,Direct Deposit,They reached out to me with an assignment,,,,,,,,,,,,,,,,United States,Yes,NY,United States,She/Her,East Asian,5-10 years,28,Hated it,"Cis, Female",2020-09-01,HuffPost,news
375,HuffPost,2020-03-26,Writer,1000-1200 word reported story,1000 1200 word reported story,writing and reporting,1100,article,800,,0,,,,2 weeks or less,Direct Deposit,Pre-existing relationship,Unsure,No,No,Unsure,,Did not require overtime,Job did not expand,Did not require expenses,,Was not hazardous,Unsure,Unsure,No,,National News,United States,No,NC,,She/Her,White,0-5 years,25,Loved it,Female,2020-03-26,HuffPost,news
376,HuffPost UK,2020-11-27,Writer,800-900 word first-person article for HuffPost Personal.,800 900 word first person article for huffpost personal.,writing and reporting,850,article,140,per article,140,140 for any article,,,30 days,Haven't been paid yet,Cold pitch - I reached out to them,Work For Hire,Yes,No,Unsure,,Did not require overtime,Job did not expand,Did not require expenses,,"Was not hazardous, Hazard pay was not required",Publicly Available,No,No,,Sex &amp; Relationships,"England, UK",No,,UK,She/Her,White,0-5 years,21,Loved it,Female,2020-11-27,HuffPost,news
377,HustlerMagazine.com,2024-08-23,Writer,700-1000 word article that includes original quotes.,700 1000 word article that includes original quotes.,writing and reporting,850,article,100,,0,,12,8.33,2 weeks or less,Check by mail,Pre-existing relationship,2nd Rights,Yes,No,"Yes, but the job wasn't killed",50,Did not require overtime,Job did not expand,Did not require expenses,,Was not hazardous,No,No,No,,Sex &amp; Relationships,United States,No,Indiana,United States,He/His,White,10-15 years,50,Loved it,Male,2024-08-23,Hustler,ambiguous
378,Hyperallergic,2024-12-08,Writer,Writing a review of an art exhibition ca. 1000 words,writing a review of an art exhibition ca. 1000 words,writing and reporting,1000,review,500,,0,,5,100,30 days,Direct Deposit,Pre-existing relationship,Shared Copyright,No,No,"Yes, but the job wasn't killed",,Did not require overtime,Job did not expand,Did not require expenses,,Was not hazardous,Publicly Available,Unsure,Unsure,,"Non Fiction General/Genre, Art",United States,Yes,New York,US,He/His,Black,5-10 years,54,"Loved it, Would recommend to others","Cis, Male",2024-12-08,Hyperallergic,news
379,Hyperallergic,2023-11-01,Writer,1000 word art review,1000 word art review,writing and reporting,1000,review,500,,0,,,,30 days,Direct Deposit,Pre-existing relationship,1st Rights,Yes,No,Unsure,,,,,,,,,,,,US,No,IL,NY,,,20-25 years,47,Loved it,,2023-11-01,Hyperallergic,news
380,Hyperallergic,2020-11-17,Writer,500 word review,500 word review,writing and reporting,500,review,200,,0,,,,New Job - Still Waiting,Direct Deposit,Pre-existing relationship,,No,No,"No, but the job wasn't killed",,Required overtime &amp; I wasn't compensated,Job did not expand,Did not require expenses,,Was not hazardous,No,No,No,,Art,United States,No,NY,,She/Her,East Asian,0-5 years,23,Loved it,Female,2020-11-17,Hyperallergic,news
381,Hyperallergic,2020-10-27,Writer,750 word op/ed,750 word op/ed,writing and reporting,750,op/ed,200,,0,,,,New Job - Still Waiting,Haven't been paid yet,"Cold pitch - I reached out to them, Network referral",1st Rights,Yes,No,"Yes, but the job wasn't killed",100,Did not require overtime,Job did not expand,Did not require expenses,,"Was not hazardous, Hazard pay was not required",Unsure,No,No,,Editorial &amp; Opinion,United States,Yes,Louisiana,United States,She/Her,White,0-5 years,26,Whatevs,"Cis, Female",2020-10-27,Hyperallergic,news
382,i-D,2023-07-14,Writer,~1200-word feature,~1200 word feature,writing and reporting,1200,feature,400,,0,,20,20,,Haven't been paid yet,Cold pitch - I reached out to them,"No formal contract, email handshake agreement",Verbal or ‘handshake’ agreement,set up a mix of in-person and phone interviews,"No, but the job wasn't killed",,,Job did not expand,Did not require expenses,,Was not hazardous,Publicly Available,No,,,Arts &amp; Culture,USA,Yes,New York City,UK with NYC office,She/Her,White,5-10 years,,,"Cis, Female",2023-07-14,i-D Magazine,news
383,i-D,2020-10-10,Writer,1000 word artist profile,1000 word artist profile,writing and reporting,1000,article,300,,0,,,,30 days,Direct Deposit,"Pre-existing relationship, Cold pitch - I reached out to them",Unsure,Verbal or ‘handshake’ agreement,No,"No, but the job wasn't killed",,,,Did not require expenses,,,Publicly Available,No,No,,"Entertainment, Fashion",United States,No,NY,United States,He/His,White,5-10 years,,,Cis,2020-10-10,i-D Magazine,news
384,IBM @ Special Guest,2024-03-27,"Producer, Social Media Specialist","Project managing/producing an influencer campaign (hiring casting agents, going between the agency and the client, etc.)",project managing/producing an influencer campaign (hiring casting agents going between the agency and the client etc.),consulting,,other,27000,per day,650,$650 per day,,,2 weeks or less,Direct Deposit,Pre-existing relationship,Work For Hire,Yes,No,"No, but the job wasn't killed",,Did not require overtime,Job expanded &amp; I was compensated,Did not require expenses,,Was not hazardous,No,No,No,,Technology,USA,Yes,North Carolina,USA,They/Their,White,5-10 years,29,Loved it,"Genderqueer, Nonbinary, Trans",2024-03-27,Special Guest,not_news
385,Idaho Press-Tribune,2021-02-01,Writer,800-word feature story,800 word feature story,writing and reporting,800,feature,70,,0,,,,2 weeks or less,Check by mail,Pre-existing relationship,Work For Hire,No,No,"No, but the job wasn't killed",,Did not require overtime,Job did not expand,Required expenses &amp; I wasn't reimbursed,,Was not hazardous,No,No,No,,Sports,United States,No,Washington,United States,He/His,White,15-20 years,40,Loved it,Male,2021-02-01,The Idaho Press,news
386,IDW,2020-07-17,Cartoonist,20 page comic pencils/inks,20 page comic pencils/inks,graphics/design,,graphics,3000,per graphic,150,$150 per page,,,New Job - Still Waiting,Haven't been paid yet,They reached out to me with an assignment,Work For Hire,Yes,No,"No, but the job wasn't killed",,Did not require overtime,Job did not expand,Did not require expenses,,,,Unsure,No,,"Entertainment, Fiction Young Adult, Fiction Children",USA,No,Georgia,USA,They/Their,White,0-5 years,21,"Loved it, Would recommend to others","Genderqueer, Nonbinary, Trans",2020-07-17,IDW Publishing,not_news
387,IDW Publishing,2022-09-01,"Cartoonist, Illustrator","40 Page comic (pencils, ink, colors)",40 page comic (pencils ink colors),graphics/design,,graphics,9800,per graphic,245,$245 per page,,,30 days,Direct Deposit,Network referral,Work For Hire,Yes,No,Unsure,,Did not require overtime,Job did not expand,Did not require expenses,,Was not hazardous,Unsure,No,No,,"Fiction General/Genre, Fiction Young Adult",USA,No,California,California,They/Their,East Asian,0-5 years,33,"Loved it, Would recommend to others",Agender,2022-09-01,IDW Publishing,not_news
388,iHeart Radio,2021-03-02,"Audio Production, Editor",Story editing a multi-episode narrative podcast,story editing a multi episode narrative podcast,editing,,audio,7000,,0,,,,30 days,Check by mail,Network referral,,,,,,,,,,,,,,,,United States,Yes,New York,United States,He/His,Black,5-10 years,29,Loved it,Cis,2021-03-02,iHeart Radio,ambiguous
389,In These Times,2024-02-26,Reporter,Feature story,feature story,writing and reporting,,feature,2581,per word,0.5,50 cents a word,15,172.07,New Job - Still Waiting,Direct Deposit,Pre-existing relationship,1st Rights,Yes,No,"Yes, but the job wasn't killed",,Did not require overtime,Job expanded &amp; I was compensated,Did not require expenses,,Was not hazardous,Unsure,Unsure,Unsure,,National News,US,Yes,Louisiana,US,She/Her,Jewish,15-20 years,43,Loved it,Female,2024-02-26,In These Times,news
390,In These Times,2020-11-15,Writer,900 words reporting,900 words reporting,writing and reporting,900,article,300,,0,,,,2 weeks or less,,Cold pitch - I reached out to them,,Yes,,,,,,,,,Publicly Available,,,,,US,Yes,,US,,White,0-5 years,,Would recommend to others,"Cis, Female",2020-11-15,In These Times,news
391,Inanimate Inc.,2024-09-01,"Animator, Producer",Directing and Producing 20 minutes of animation for a feature Documentary,directing and producing 20 minutes of animation for a feature documentary,film/video,,video,100000,per year,50000,$50000 per year,2000,50,2 weeks or less,Check by mail,Pre-existing relationship,Work For Hire,Yes,No,"Yes, but the job wasn't killed",2000,Required overtime &amp; I wasn't compensated,Job did not expand,Did not require expenses,I would put a request in with my client and they would add it to my monthly check,Hazard pay was not required,,,,,"Entertainment, History, Non Fiction General/Genre",France,Yes,,United States,She/Her,"Jewish, White",10-15 years,36,Loved it,Female,2024-09-01,UNCLEAR,not_news
392,Independent,2025-01-31,Writer,2,2,other,,other,2000,per word,1,$ 1 per word,44,45.45,,,,,,,,,,,,,,,,,,,,Yes,,,,,,,,,2025-01-31,UNCLEAR,not_news
393,Independent,2020-09-15,Video Production,Video Editor,video editor,film/video,,video,4550,per hour,70,$70/hr,,,30 days,Direct Deposit,"Pre-existing relationship, They reached out to me with an assignment",Work For Hire,Verbal or ‘handshake’ agreement,No,"No, but the job wasn't killed",,Did not require overtime,Job did not expand,Did not require expenses,,Was not hazardous,No,No,No,,,United States,,CA,United States,,Black,5-10 years,,,Female,2020-09-15,UNCLEAR,not_news
394,Independent,2020-08-01,"Audio Production, Video Production",2 pilot episodes for podcast,2 pilot episodes for podcast,audio,,audio,9000,per hour,70,$70 per hour / we calculated a flat fee based on,,,Over 3 months,Check by mail,"They reached out to me with an assignment, Network referral",Work For Hire,Yes,No,"No, but the job wasn't killed",,Unsure,"Deliverables didn't necessarily expand, but my calculations for the time.  needed did. Originally the deliverables were supposed to be due within 2 months and because of several delays (all understandable) it ended up taking about 5 months to produce",Required expenses &amp; I was reimbursed,Check by mail,Was not hazardous,No,No,Yes,100000,"Health &amp; Wellness, Academic",United States,No,DC,United States,She/Her,White,5-10 years,32,"Loved it, Would recommend to others","Cis, Female",2020-08-01,UNCLEAR,not_news
395,Independent Documentary Film,2022-02-15,Producer,Producing an independent documentary film,producing an independent documentary film,film/video,,video,24000,per hour,75,$75/hour,,,2 weeks or less,Direct Deposit,Pre-existing relationship,Work For Hire,Yes,No,Unsure,,Did not require overtime,Job did not expand,Required expenses &amp; I was reimbursed,I submitted receipts and added expenses to my invoice,Was not hazardous,No,No,Yes,700000,Documentary,United States,No,CA,CA,He/His,White,15-20 years,41,Would recommend to others,"Cis, Male",2022-02-15,UNCLEAR,not_news
396,Independent Podcast,2023-01-01,"Audio Production, Video Production",Video Podcast Editor,video podcast editor,film/video,,video,450,,0,,10,45,2 weeks or less,Venmo,Pre-existing relationship,Work For Hire,Verbal or ‘handshake’ agreement,No,"No, but the job wasn't killed",,Did not require overtime,Job did not expand,Did not require expenses,,Was not hazardous,No,No,No,,Cooking,United States,,California,United States,He/His,White,0-5 years,32,Would recommend to others,Male,2023-01-01,UNCLEAR,not_news
397,Independent Podcast,2022-01-01,Audio Production,Audio Editor &amp; Mixer,audio editor &amp; mixer,audio,,audio,200,per hour,40,$40 per hour,5,40,2 weeks or less,Direct Deposit,No pre-existing relationship,Work For Hire,Verbal or ‘handshake’ agreement,No,"No, but the job wasn't killed",,Required overtime &amp; I was compensated,Job did not expand,Did not require expenses,,Was not hazardous,No,No,No,,Entertainment,United States,,California,United States,He/His,White,0-5 years,32,Would recommend to others,Male,2022-01-01,UNCLEAR,not_news
398,Index on Censorship,2025-01-20,Writer,800-word longform story,800 word longform story,writing and reporting,800,article,264,,0,,40,6.6,2 weeks or less,Direct Deposit,"No pre-existing relationship, Cold pitch - I reached out to them",1st Rights,Yes,No,"No, but the job wasn't killed",,Did not require overtime,Job did not expand,Did not require expenses,,,No,No,,,International News,USA,Yes,,,,White,5-10 years,,,Female,2025-01-20,Index on Censorship,ambiguous
399,individual,2020-07-05,Animator,walk cycles + run cycle,walk cycles + run cycle,graphics/design,,graphics,150,,0,,,,2 weeks or less,Paypal,Pre-existing relationship,Work For Hire,Yes,No,"No, but the job wasn't killed",,Did not require overtime,Job did not expand,Did not require expenses,,Was not hazardous,No,No,No,,Entertainment,US,No,VA,FR,Prefer not to say,Prefer not to say,5-10 years,42,Would recommend to others,Prefer not to say,2020-07-05,Not Specified,not_news
400,Industry Dive,2020-07-10,Writer,1500-word story,1500 word story,writing and reporting,1500,article,700,flat,700,700 flat fee,,,2 weeks or less,Direct Deposit,Pre-existing relationship,,Yes,No,"No, but the job wasn't killed",,Did not require overtime,,,,,,,,,,,,,,,,,,,,2020-07-10,Industry Dive,news
401,Inside Climate News,2025-01-09,Writer,1500 words reporting,1500 words reporting,writing and reporting,1500,article,850,flat,850,850 flat rate,20,42.5,2 weeks or less,Direct Deposit,Cold pitch - I reached out to them,Unsure,Verbal or ‘handshake’ agreement,No,Unsure,,Did not require overtime,Job did not expand,Did not require expenses,,Was not hazardous,No,No,No,,"National News, Science, Climate/environment",United States,Yes,New York,United States,She/Her,White,0-5 years,28,"Loved it, Would recommend to others","Cis, Female",2025-01-09,Inside Climate News,news
402,Inside Hook,2024-06-01,Writer,1000 words,1000 words,writing and reporting,1000,article,450,,0,,5,90,Over 3 months,Direct Deposit,Pre-existing relationship,Unsure,No,,,,,,,,,,,,,,USA,No,,,,,0-5 years,50,Would recommend to others,,2024-06-01,InsideHook,news
403,Insider,2021-03-01,Writer,Investigative Feature,investigative feature,writing and reporting,,feature,7393,per word,1,$1 per word,300,24.64,30 days,Direct Deposit,They reached out to me with an assignment,Work For Hire,Yes,No,"Yes, but the job wasn't killed",,,,Required expenses &amp; I was reimbursed,Submitted invoice,,No,No,No,,International News,USA,Yes,NY,NY,He/His,"Black, White",5-10 years,40,Whatevs,Male,2021-03-01,UNCLEAR,news
404,Insider,2023-06-01,Writer,Investigative mini-feature,investigative mini feature,writing and reporting,,feature,2559,per word,1,$1 per word,,,30 days,Direct Deposit,Pre-existing relationship,1st Rights,Yes,No,"No, but the job wasn't killed",,Did not require overtime,Job did not expand,Required expenses &amp; I was reimbursed,Submitted invoice,Was not hazardous,No,No,No,,National News,usa,Yes,ny,usa,He/His,"Black, White",5-10 years,40,Would recommend to others,Male,2023-06-01,UNCLEAR,news
405,Insider,2023-05-01,Writer,Investigative mini-feature–2300 words,investigative mini feature–2300 words,writing and reporting,2300,feature,2300,per word,1,$1 per word,,,30 days,Direct Deposit,Pre-existing relationship,1st Rights,Yes,No,"Yes, but the job wasn't killed",,Did not require overtime,Job did not expand,Required expenses &amp; I was reimbursed,Submitted invoice,Was not hazardous,No,No,No,,National News,usa,Yes,ny,usa,He/His,"Black, White",5-10 years,40,Would recommend to others,Male,2023-05-01,UNCLEAR,news
406,Institute of Palestine Studies,2024-05-01,Writer,~1500 blog post,~1500 blog post,writing and reporting,1500,article,120,,0,wordcount was more or less up - i moreso wrote it  in support of the cause (i.e. i didnt negotiate rate),9,13.33,New Job - Still Waiting,Haven't been paid yet,"No pre-existing relationship, Cold pitch - I reached out to them, Network referral",Unsure,No,No,Unsure,,Unsure,Unsure,Did not require expenses,,"Was not hazardous, Did not receive hazard pay, Hazard pay was not required",Publicly Available,Unsure,Unsure,,"International News, National News, Local News, Politics, History",U.S.,Yes,NY,,She/Her,White,5-10 years,,Would recommend to others,"Cis, Female",2024-05-01,Institute of Palestine Studies,ambiguous
407,Interior Design Magazine,2024-07-15,Writer,800 words reporting,800 words reporting,writing and reporting,800,article,1600,per word,2,$2 per word,15,106.67,6 weeks,Direct Deposit,Pre-existing relationship,Work For Hire,Verbal or ‘handshake’ agreement,No,"No, but the job wasn't killed",,Did not require overtime,Job did not expand,Did not require expenses,,,Publicly Available,No,No,,,USA,No,NY,USA,She/Her,White,15-20 years,41,Loved it,Female,2024-07-15,Interior Design,news
408,International Transportation Learning Center,2025-01-01,"Copy Editor, Writer",Update / Copy edit 50 page tech guide + 100 powerpoint slides,update / copy edit 50 page tech guide + 100 powerpoint slides,editing,,other,4125,per hour,75,$75 per hour,55,75,2 months,Paypal,"They reached out to me with an assignment, Network referral",Work For Hire,Yes,No,"No, but the job wasn't killed",,Did not require overtime,Scope expansion discussed but not immediately offered,Did not require expenses,,"Was not hazardous, Did not receive hazard pay",Unsure,No,Unsure,,"Technology, Non Fiction General/Genre, Academic, Business / Technical Writing / Education",United States,Yes,Virginia,United States,He/His,,5-10 years,,Would recommend to others,,2025-01-01,International Transportation Learning Center,not_news
409,Intervenxions at The Latinx Project NYU,2024-03-06,Writer,"1,500 words reporting",1500 words reporting,writing and reporting,1500,article,500,,0,,12,41.67,30 days,Direct Deposit,Pre-existing relationship,Unsure,Yes,No,Unsure,,Did not require overtime,Job did not expand,Did not require expenses,,Hazard pay was not required,Publicly Available,Publicly Available,No,,Culture piece,US,No,NY,US,She/Her,Hispanic,0-5 years,36,"Loved it, Would recommend to others",Female,2024-03-06,Intervenxions,ambiguous
410,Interview Magazine,2025-08-01,Writer,Intro and Q&amp;A,intro and q&amp;a,writing and reporting,,article,250,,0,250,3,83.33,2 months,Direct Deposit,Pre-existing relationship,Unsure,Verbal or ‘handshake’ agreement,No,"No, but the job wasn't killed",,Did not require overtime,Job did not expand,Did not require expenses,,Hazard pay was not required,No,No,No,,Art,US,Yes,New York,New York,She/Her,White,0-5 years,29,Whatevs,Female,2025-08-01,Interview Magazine,news
411,J. Jewish News of Northern California,2025-02-15,Writer,"1,000-word personal essay",1000 word personal essay,writing and reporting,1000,essay,150,flat,150,$150 flat fee,5,30,30 days,Check by mail,"Pre-existing relationship, They reached out to me with an assignment",I changed the contract from work for hire to first rights,Yes,No,Unsure,,Did not require overtime,Job did not expand,Did not require expenses,,Was not hazardous,Unsure,Unsure,,,Editorial &amp; Opinion,USA,No,California,US,She/Her,"Jewish, White",25 &amp; up,64,Loved it,Female,2025-02-15,J. Jewish News of Northern California,news
412,Jacobin Magazine,2020-05-10,Writer,"Writing an article, 1300 words. (Flat rate I believe, not paid by word)",writing an article 1300 words. (flat rate i believe not paid by word),writing and reporting,1300,article,100,flat,100,,,,30 days,Paypal,"Cold pitch - I reached out to them, They asked me to pitch",Unsure,No,No,"No, but the job wasn't killed",,Did not require overtime,Job did not expand,Did not require expenses,,Was not hazardous,No,No,Unsure,,"International News, National News, Politics, Editorial &amp; Opinion, History",USA,Yes,WI,New York,He/His,White,5-10 years,33,Whatevs,"Cis, Male",2020-05-10,Jacobin,news
413,Jensen &amp; Jensen Law Firm,2019-02-01,Writer,"Writing EB-1 green card petitions which were sent to the USCIS on behalf of the client, plus 7-10 reference letters for the client. Document was usually around 30 pages describing achievements of the client, plus 8-10 one page reference letters.",writing eb 1 green card petitions which were sent to the uscis on behalf of the client plus 7 10 reference letters for the client. document was usually around 30 pages describing achievements of the client plus 8 10 one page reference letters.,writing and reporting,,other,700,per assignment,700,"$700 per case for EB-1 cases, but $400 per case for O-1 cases which were less critical but around the same amount of work",,,2 weeks or less,Direct Deposit,Pre-existing relationship,,No,No,,,,I worked on many cases over the years,Did not require expenses,,,,,,,Immigration Law,United Atates,No,Pennsylvania,United States,She/Her,White,0-5 years,28,Tedious work,"Cis, Female",2019-02-01,Jensen & Jensen,not_news
414,Jewish Currents,2023-02-10,Writer,2000-word critical essay about an artist's work,2000 word critical essay about an artist's work,writing and reporting,2000,essay,1000,,0,,,,2 weeks or less,Direct Deposit,Pre-existing relationship,1st Rights,Yes,No,"No, &amp; the job was killed",,Did not require overtime,Job did not expand,Did not require expenses,,Was not hazardous,Publicly Available,Unsure,No,,Entertainment,US,Yes,NY,US,She/Her,"Jewish, White",15-20 years,39,"Very happy with how the piece turned out, but there was a lot of editing and revising, which at a certain point felt out of scope for the fee.",Female,2023-02-10,Jewish Currents,news
415,Jewish Currents,2021-08-05,Writer,"~3,000-word investigation",~3000 word investigation,writing and reporting,3000,article,2000,per word,0.5,"$0.50 per word (for a total of $1,500), but paid an extra $500 ($2,000 total) because the piece was ""excellent""",,,2 weeks or less,Direct Deposit,They asked me to pitch,Unsure,Yes,No,Unsure,,Did not require overtime,Unsure,Did not require expenses,,Was not hazardous,Publicly Available,No,No,,"National News, Local News",USA,Yes,California,USA,He/His,"Jewish, White",0-5 years,25,Loved it,"Cis, Male",2021-08-05,Jewish Currents,news
416,Jewish Journal of Greater Boston,2022-09-08,Writer,1000 words reporting,1000 words reporting,writing and reporting,1000,article,200,,0,agreed-upon amount,,,30 days,Check by mail,"Pre-existing relationship, Network referral",Unsure,Verbal or ‘handshake’ agreement,No,"No, but the job wasn't killed",,Did not require overtime,Job did not expand,Did not require expenses,,Was not hazardous,No,No,No,,"Local News, religion",United States,No,MA,United States,Prefer not to say,"Jewish, White",0-5 years,22,,"Genderfluid, Nonbinary",2022-09-08,The Jewish Journal of Greater Boston,news
417,Jewish Journal of Greater Boston,2022-09-01,Writer,800 words reporting,800 words reporting,writing and reporting,800,article,100,,0,agreed-upon amount,,,6 weeks,Check by mail,Network referral,Unsure,Verbal or ‘handshake’ agreement,No,"No, but the job wasn't killed",,Did not require overtime,Job did not expand,Did not require expenses,,,No,No,No,,"Local News, Entertainment",United States,No,MA,United States,Prefer not to say,"Jewish, White",0-5 years,,Would recommend to others,"Genderfluid, Nonbinary",2022-09-01,The Jewish Journal of Greater Boston,news
418,Jezebel,2025-07-14,Writer,"1,500 words Q&amp;A-style interview with author + a 2-paragraph introduction",1500 words q&amp;a style interview with author + a 2 paragraph introduction,writing and reporting,1500,article,300,,0,,25,12,New Job - Still Waiting,Haven't been paid yet,"No pre-existing relationship, Cold pitch - I reached out to them",,,No,"No, but the job wasn't killed",,,,,,,,,No,,,U.S.,No,PA,U.S.,She/Her,White,10-15 years,35,,Female,2025-07-14,Jezebel,news
419,Jezebel,2019-11-22,Writer,1000-word personal essay,1000 word personal essay,writing and reporting,1000,essay,400,flat,400,$400 flat rate,,,2 weeks or less,Direct Deposit,Pre-existing relationship,Work For Hire,No,No,Unsure,,Did not require overtime,,Did not require expenses,,Hazard pay was not required,No,No,No,,Lifestyle,US,Yes,New York,US,She/Her,Latinx,5-10 years,28,"Would recommend to others, Had to wait several weeks for an edit, but process was smooth after that",Female,2019-11-22,Jezebel,news
420,Jezebel (G/O Media),2020-07-01,Writer,1500 word short interviews,1500 word short interviews,writing and reporting,1500,article,800,,0,,,,30 days,Direct Deposit,Pre-existing relationship,,,,,,,,,,,,,,,,United States,Yes,NY,United States,She/Her,East Asian,5-10 years,28,"Whatevs, Would recommend to others","Cis, Female",2020-07-01,Jezebel,news
421,JSTOR Daily,2020-01-15,Writer,1800-word history piece,1800 word history piece,writing and reporting,1800,article,500,,0,,,,30 days,Check by mail,Pre-existing relationship,1st Rights,Yes,No,"No, but the job wasn't killed",,Did not require overtime,Job did not expand,Did not require expenses,,Hazard pay was not required,Publicly Available,Unsure,Unsure,,History,United States,Yes,MA,United States,She/Her,"South Asian, White",5-10 years,,Loved it,Cis,2020-01-15,JSTOR Daily,ambiguous
422,JustWater,2019-06-25,"Animator, Illustrator","Animated doodles on live action for 6 1min videos, and 6 doodles on photos illustrations.",animated doodles on live action for 6 1min videos and 6 doodles on photos illustrations.,graphics/design,,video,3500,,0,,,,30 days,Check by mail,Network referral,Unsure,Yes,No,"No, but the job wasn't killed",,Did not require overtime,Job did not expand,Did not require expenses,,Was not hazardous,Unsure,Unsure,No,,Branded/Sponsored Content,US,No,New York,US,She/Her,"Jewish, White",5-10 years,32,Would recommend to others,Female,2019-06-25,JUST Water,not_news
423,Kaiser Health News,2020-10-01,Writer,1300 words reporting,1300 words reporting,writing and reporting,1300,article,1900,per word,1.5,$1.5 per word,,,,,Cold pitch - I reached out to them,,Verbal or ‘handshake’ agreement,,,,,,,,,,,,,,USA,No,,,She/Her,White,0-5 years,,Loved it,Female,2020-10-01,KFF Health News,news
424,Kaiser Health News,2020-04-01,Producer,"Online interactive database production, planning, and writing",online interactive database production planning and writing,graphics/design,,other,13500,per hour,15,$15 per hour,,,2 weeks or less,Check by mail,They reached out to me with an assignment,Work For Hire,Yes,No,"Yes, but the job wasn't killed",,Did not require overtime,Job did not expand,Did not require expenses,,Was not hazardous,Unsure,Unsure,Yes,,"National News, Health &amp; Wellness",United States,No,District of Columbia,,She/Her,White,0-5 years,23,Would recommend to others,Female,2020-04-01,KFF Health News,news
425,Kiplinger,2024-03-08,Writer,Day's worth of writing dailies (usually expected 2-3 articles around 400-500w each),day's worth of writing dailies (usually expected 2 3 articles around 400 500w each),writing and reporting,1550,article,400,per day,400,$400 per day,8,50,30 days,Direct Deposit,They reached out to me with an assignment,Unsure,Unsure,No,Unsure,,Required overtime &amp; I wasn't compensated,Job expanded &amp; I was compensated,Did not require expenses,,Was not hazardous,No,No,No,,business journalism,US,,California,US,She/Her,South Asian,0-5 years,27,"Whatevs, Loved the editor at the time, who was then let go ","Cis, Female",2024-03-08,Kiplinger,news
426,Kirkus,2023-03-01,,single book review,single book review,writing and reporting,,review,50,,0,,25,2,,,,,,,,,,,,,,,,,,,,No,,,,,,,,,2023-03-01,Kirkus Reviews,ambiguous
427,Kirkus,2022-08-31,,Single book review,single book review,writing and reporting,,review,45,,0,,4,11.25,,,,,,,,,,,,,,,,,,,,No,,,,,,,,,2022-08-31,Kirkus Reviews,ambiguous
428,Kirkus Reviews,2023-05-19,,single-book review,single book review,writing and reporting,,review,45,,0,,7,6.43,,,,,,,,,,,,,,,,,,,,No,,,,,,,,,2023-05-19,Kirkus Reviews,ambiguous
429,KLCC/grant funded project,2021-01-30,Editor,Editing a 4 part radio/digital series,editing a 4 part radio/digital series,editing,,audio,2500,per hour,100,$100/hour,,,New Job - Still Waiting,Unsure,Network referral,Work For Hire,Verbal or ‘handshake’ agreement,No,"No, but the job wasn't killed",,Did not require overtime,Job expanded &amp; I was compensated,Did not require expenses,,Was not hazardous,,,Yes,,Local News,United States,No,California,United States,She/Her,White,25 &amp; up,62,Loved it,Female,2021-01-30,KLCC,news
430,Knowble Magazine,2021-04-21,Writer,"Feature story, around 2,000 words",feature story around 2000 words,writing and reporting,2000,feature,4000,,0,,,,30 days,Direct Deposit,Pre-existing relationship,2nd Rights,Yes,No,"Yes, but the job wasn't killed",2000,Did not require overtime,Job did not expand,Did not require expenses,,Was not hazardous,No,No,No,,Health &amp; Wellness,United States,Yes,Colorado,United States,She/Her,White,0-5 years,28,Loved it,Cis,2021-04-21,Knowble Magazine,news
431,Kohlrabi,2021-12-01,Audio Production,Producer,producer,editing,,other,500,per hour,50,$50 per hour,,,New Job - Still Waiting,Unsure,Network referral,Work For Hire,Verbal or ‘handshake’ agreement,No,"No, but the job wasn't killed",0,Did not require overtime,Job did not expand,Did not require expenses,,Hazard pay was not required,No,No,No,,,,,,,,,,,,,2021-12-01,UNCLEAR,ambiguous
432,KUOW,2020-10-01,"Audio Production, Editor",Radio editor,radio editor,audio,,audio,30000,per hour,38,$38/h4,,,,,,,,,,,,,,,,,,,,,,,,,,,,,,,2020-10-01,KUOW,news
433,L.A. Times Image Magazine,2023-09-18,Writer,2500-word artist profile,2500 word artist profile,writing and reporting,2500,article,2000,,0,,,,2 weeks or less,Direct Deposit,Pre-existing relationship,1st Rights,Yes,No,"No, but the job wasn't killed",,Did not require overtime,Job did not expand,Did not require expenses,,Was not hazardous,No,No,No,,Entertainment,US,Yes,NY,US,She/Her,"Jewish, White",15-20 years,39,Would recommend to others,"Cis, Female",2023-09-18,IMAGE Magazine,news
434,LA Public Press,2025-06-10,Writer,925 words reported,925 words reported,writing and reporting,925,article,925,per word,1,$1 per word,20,46.25,30 days,Direct Deposit,"No pre-existing relationship, Cold pitch - I reached out to them",,Verbal or ‘handshake’ agreement,No,,,,,,,,No,No,,,Local News,USA,No,CA,USA,She/Her,White,15-20 years,37,"Loved it, Would recommend to others","Cis, Female",2025-06-10,LA Public Press,news
435,LA Times,2024-12-01,Writer,"Book review, 800-900 words",book review 800 900 words,writing and reporting,850,review,600,,0,,10,60,,,,,,,,,,,,,,,,,,,,Yes,,,,,,,,,2024-12-01,Los Angeles Times,news
436,LA Times,2024-09-15,Writer,"Book review, 800 words",book review 800 words,writing and reporting,800,review,600,,0,,12,50,,,,,,,,,,,,,,,,,,,,Yes,,,,,,,,,2024-09-15,Los Angeles Times,news
437,LA Times,2024-06-01,Writer,"Book review, 800 words",book review 800 words,writing and reporting,800,review,600,,0,,12,50,,,,,,,,,,,,,,,,,,,,Yes,,,,,,,,,2024-06-01,Los Angeles Times,news
438,LA Times,2023-09-15,Writer,1200-1500 word essay,1200 1500 word essay,writing and reporting,1350,essay,1500,,0,1500,18,83.33,2 weeks or less,Direct Deposit,"Pre-existing relationship, They reached out to me with an assignment",Unsure,Yes,No,"No, but the job wasn't killed",,Did not require overtime,Job did not expand,Did not require expenses,,Was not hazardous,Unsure,Unsure,No,,"Sports, Fashion, Non Fiction Memoir",USA,Yes,CA,USA,She/Her,"Southeast Asian, White",15-20 years,38,Loved it,Female,2023-09-15,Los Angeles Times,news
439,LA Times,2023-12-15,Writer,1200-1500 word essay,1200 1500 word essay,writing and reporting,1350,essay,1500,,0,,18,83.33,2 weeks or less,Direct Deposit,Pre-existing relationship,Unsure,Yes,No,"No, but the job wasn't killed",,Did not require overtime,Job did not expand,Did not require expenses,,Hazard pay was not required,Unsure,Unsure,No,,"Fashion, Non Fiction Memoir",USA,Yes,CA,Los Angeles,She/Her,"Southeast Asian, White",15-20 years,38,Loved it,Female,2023-12-15,Los Angeles Times,news
440,LA Times,2023-07-15,,Single author profile,single author profile,writing and reporting,,article,500,,0,,20,25,,,,,,,,,,,,,,,,,,,,No,,,,,,,,,2023-07-15,Los Angeles Times,news
441,LA Times,2023-08-15,,Single book review,single book review,writing and reporting,,review,400,,0,,,,,,,,,,,,,,,,,,,,,,,No,,,,,,,,,2023-08-15,Los Angeles Times,news
442,Lapham's Quarterly,2020-11-01,Writer,essay,essay,writing and reporting,,essay,400,flat,400,flat,,,,,,,,,,,,,,,,,,,,,,,,,,,,,,,2020-11-01,Lapham's Quarterly,ambiguous
443,Large-ish nonprofit (around 500 staff worldwide),2020-01-05,Copy Editor,"Copyediting grant proposals of about 25 pages, overnight deadline",copyediting grant proposals of about 25 pages overnight deadline,editing,,other,500,per day,500,$500/day,,,2 weeks or less,Direct Deposit,Pre-existing relationship,,,,,,,,,,,,,,,,United States,Yes,New York,United States,She/Her,White,5-10 years,,Loved it,"Cis, Female",2020-01-05,Not Specified,not_news
444,Latino Rebels,2020-06-21,Writer,900 words reported feature,900 words reported feature,writing and reporting,900,feature,150,flat,150,$150 flat rate,,,30 days,Direct Deposit,Cold pitch - I reached out to them,Unsure,Yes,No,"No, but the job wasn't killed",,Did not require overtime,Job did not expand,Did not require expenses,,Hazard pay was not required,No,No,No,,"Local News, Politics",,No,,United States,,Latinx,0-5 years,,Loved it,Male,2020-06-21,Latino Rebels,news
445,Latino Rebels,2021-05-03,Writer,800 word piece,800 word piece,writing and reporting,800,article,150,per article,150,150/story,,,30 days,Direct Deposit,Pre-existing relationship,,Yes,No,,,Did not require overtime,Job did not expand,Did not require expenses,,,,,,,,,,,,,,,,,,2021-05-03,Latino Rebels,news
446,Law.com International,2021-11-01,Writer,"1,100-word feature about a legal industry trend",1100 word feature about a legal industry trend,writing and reporting,1100,feature,1100,per word,1,$1 per word,,,30 days,Direct Deposit,Pre-existing relationship,Work For Hire,Unsure,No,Unsure,,Did not require overtime,Job expanded &amp; I was compensated,Required expenses &amp; I wasn't reimbursed,,Was not hazardous,No,No,No,,International News,,No,,U.S.,She/Her,Prefer not to say,5-10 years,,Loved it,Cis,2021-11-01,Law.com International,news
447,Levels,2024-01-01,Fact-Checker,Fact-checking articles on metabolic health,fact checking articles on metabolic health,fact-check,,article,300,per hour,60,$60/hr,,,30 days,Direct Deposit,Pre-existing relationship,,Yes,No,,,,,Did not require expenses,,,,No,,,Health &amp; Wellness,United States,Yes,Colorado,,They/Their,White,0-5 years,27,Loved it,"Nonbinary, Trans",2024-01-01,Levels Blog,not_news
448,Library Journal,2020-03-11,Writer,"1,500 with five sources",1500 with five sources,writing and reporting,1500,article,150,,0,,,,Never paid,Never paid,They reached out to me with an assignment,,,,,,,,,,,,,,,,,,,,,,,,,,2020-03-11,Library Journal,news
449,Life and Thyme,2020-10-01,"Photographer, Writer",2000 word investigated piece plus accompanying photos,2000 word investigated piece plus accompanying photos,writing and reporting,2000,article,425,,0,,,,2 weeks or less,Direct Deposit,Cold pitch - I reached out to them,Work For Hire,Yes,No,Unsure,,,Job did not expand,,,Was not hazardous,Publicly Available,No,,,Investigative Food Writing,Argentina,No,,United States,He/His,White,5-10 years,32,Loved it,Cis,2020-10-01,Life & Thyme,news
450,Lit Hub,2001-01-01,Writer,"cultural criticism, 3,000 words",cultural criticism 3000 words,writing and reporting,3000,article,200,,0,,,,2 weeks or less,Direct Deposit,Pre-existing relationship,no contract,No,No,"No, but the job wasn't killed",,Did not require overtime,Job did not expand,Did not require expenses,,Was not hazardous,No,No,No,,,,,,,,,,,,,2001-01-01,Literary Hub,news
451,Literary Hub,2023-05-05,Writer,1500-word reported feature (digital only),1500 word reported feature (digital only),writing and reporting,1500,feature,300,,0,,,,2 weeks or less,Check by mail,"Pre-existing relationship, They reached out to me with an assignment",1st Rights,Verbal or ‘handshake’ agreement,,,,,,,,,No,No,,,Entertainment,United States,Yes,,United States,She/Her,White,5-10 years,,Loved it,"Cis, Female",2023-05-05,Literary Hub,news
452,Literary Hub,2023-07-08,Writer,TV review (digital only),tv review (digital only),writing and reporting,,review,200,,0,,12,16.67,2 weeks or less,Check by mail,Pre-existing relationship,Unsure,Verbal or ‘handshake’ agreement,,,,,,,,,No,No,,,,United States,Yes,,,She/Her,White,5-10 years,,Loved it,"Cis, Female",2023-07-08,Literary Hub,news
453,LitHub,2022-12-10,Writer,TV set visit write-up,tv set visit write up,writing and reporting,,other,300,,0,,30,10,2 months,Check by mail,Pre-existing relationship,Work For Hire,,Yes,,,Required overtime &amp; I wasn't compensated,,Required expenses &amp; I wasn't reimbursed,,,No,No,,,Entertainment,US,Yes,MD,US,She/Her,White,5-10 years,,,"Cis, Female",2022-12-10,Literary Hub,news
454,LitHub,2022-09-26,Writer,TV review/title round-up,tv review/title round up,writing and reporting,,review,200,,0,,,,,Check by mail,Pre-existing relationship,Unsure,Yes,No,"Yes, but the job wasn't killed",,Did not require overtime,Job did not expand,Did not require expenses,,Was not hazardous,Unsure,No,,,Entertainment,,Yes,,,She/Her,White,0-5 years,,,Female,2022-09-26,Literary Hub,news
455,Live Science,2024-01-01,Writer,600 word story,600 word story,writing and reporting,600,article,50,,0,kill fee,,,,Direct Deposit,They reached out to me with an assignment,Work For Hire,Yes,,"Yes, &amp; the job was killed",50,,,,,,,,,,,us,Yes,,uk,,,,,,,2024-01-01,Live Science,news
456,Live Science,2024-01-01,Writer,1500 word reported story,1500 word reported story,writing and reporting,1500,article,1200,,0,,40,30,,,They reached out to me with an assignment,Work For Hire,Yes,No,"Yes, but the job wasn't killed",,Did not require overtime,Job expanded &amp; I wasn't compensated,Did not require expenses,,,,,,,,us,Yes,ny,uk,,,,,,,2024-01-01,Live Science,news
457,Live Science,2024-05-01,Writer,"600 word reported story, 2 sources",600 word reported story 2 sources,writing and reporting,600,article,250,,0,,6,41.67,30 days,Direct Deposit,They reached out to me with an assignment,Work For Hire,,,,,Did not require overtime,Job did not expand,Did not require expenses,,,,,,,,United States,Yes,NY,UK,,,,,,,2024-05-01,Live Science,news
458,Live Science,2024-07-04,Writer,"Writing a 2 source, 600 word article",writing a 2 source 600 word article,writing and reporting,600,article,250,,0,,,,,,,,,,,,,,,,,,,,,,,,,,,,,,,,2024-07-04,Live Science,news
459,Live Science,2024-04-19,Writer,600 word story,600 word story,writing and reporting,600,article,250,,0,,10,25,New Job - Still Waiting,Haven't been paid yet,They reached out to me with an assignment,Unsure,Yes,No,"Yes, but the job wasn't killed",,Did not require overtime,Job did not expand,Did not require expenses,,Was not hazardous,Unsure,Unsure,No,,Science,USA,Yes,D.C.,U.S.A,She/Her,White,0-5 years,29,It was too much work for such a small pay check,Female,2024-04-19,Live Science,news
460,Live Science,2024-01-01,Writer,"Writing a Life's Little Mysteries story, 600 words, 2 sources",writing a life's little mysteries story 600 words 2 sources,writing and reporting,600,article,250,,0,,,,30 days,,Pre-existing relationship,,,,,,,,,,,,,,,"Health &amp; Wellness, Science",,Yes,,,,,,,,,2024-01-01,Live Science,news
461,Live Science,2024-03-29,Writer,700 words reporting,700 words reporting,writing and reporting,700,article,250,per article,250,$250 per story,5,50,30 days,Direct Deposit,Pre-existing relationship,Unsure,Yes,No,"Yes, but the job wasn't killed",125,Did not require overtime,Job did not expand,Did not require expenses,,Was not hazardous,No,Unsure,No,,Life's Little Mysteries,USA,Yes,NY,USA,She/Her,White,0-5 years,24,Whatevs,Cis,2024-03-29,Live Science,news
462,Locket Creative,2024-03-28,Writer,Direct mail copywriting: Email and postcard,direct mail copywriting: email and postcard,writing and reporting,,social content,2400,,0,,12,200,2 weeks or less,Check by mail,Pre-existing relationship,Unsure,No,No,Unsure,,Did not require overtime,Job did not expand,Did not require expenses,,Was not hazardous,No,No,No,,Direct mail advertising,United States,No,Massachusetts,Unites States,She/Her,Hispanic,25 &amp; up,58,Whatevs,Female,2024-03-28,"Locket Creative, LLC",not_news
463,Lonely Planet,2024-08-26,Writer,"800-1,000-word listicle; no quotes needed, but on-the-ground expertise necessary",800 1000 word listicle; no quotes needed but on the ground expertise necessary,writing and reporting,900,article,400,,0,,6,66.67,2 months,Direct Deposit,"Pre-existing relationship, They asked me to pitch",Unsure,Yes,No,"No, but the job wasn't killed",,Did not require overtime,Job did not expand,Did not require expenses,,Was not hazardous,Publicly Available,No,No,,Travel,USA,No,NY,USA,He/His,White,0-5 years,,"Whatevs, Would recommend to others","Cis, Male",2024-08-26,Lonely Planet,ambiguous
464,Lonely Planet,2019-08-30,Writer,Personal essay of about 1200 words,personal essay of about 1200 words,writing and reporting,1200,essay,260,flat,300,"Commissioned at $300 USD, but there were wire fees paying from their HQ in Ireland and they weren't reimbursed.",,,2 weeks or less,Wire transfer - my bank charges $15 to receive and some intermediary bank also took $25,They asked me to pitch,I retained all rights to the piece since no contract was signed,No,No,"No, but the job wasn't killed",,Did not require overtime,,Did not require expenses,,Was not hazardous,,,,,Travel,United States,Yes,New York,Ireland,She/Her,White,5-10 years,38,Pros: they approached me to write a piece for a theme package. Cons: Editor barely edited my work and I like to be edited! Didn't receive full commissioned amount due to wire fees and they wouldn't reimburse those.,"Cis, Female",2019-08-30,Lonely Planet,ambiguous
465,Longreads,2022-03-30,Writer,"wrote a ""reading list"" for their website","wrote a ""reading list"" for their website",writing and reporting,,article,350,,0,,,,30 days,Direct Deposit,Cold pitch - I reached out to them,Unsure,Yes,No,Unsure,,Did not require overtime,Job did not expand,Did not require expenses,,,Publicly Available,Publicly Available,,,,,,,,,,,,"Loved it, Would recommend to others",,2022-03-30,Longreads,news
466,Longreads,2018-01-11,Illustrator,Header illustration,header illustration,graphics/design,,graphics,400,,0,,,,30 days,Direct Deposit,Cold pitch - I reached out to them,Unsure,Yes,No,Unsure,,Did not require overtime,Job did not expand,Did not require expenses,,Was not hazardous,Unsure,No,Unsure,,,United States,Yes,New York,United States,She/Her,Middle Eastern,5-10 years,,Would recommend to others,Female,2018-01-11,Longreads,news
467,Los Angeles Blade,2024-08-05,Writer,"800-1,000 reported story with at least one source",800 1000 reported story with at least one source,writing and reporting,900,article,100,,0,,6,16.67,New Job - Still Waiting,Check by mail,They reached out to me with an assignment,,No,No,"No, but the job wasn't killed",,Did not require overtime,Job did not expand,Did not require expenses,,"Was not hazardous, Did not receive hazard pay, Hazard pay was not required",No,No,No,,"Local News, Education/Gender Policy",United States,No,California,United States,They/Their,"Hispanic, Latine",0-5 years,26,"Hated it, Would not recommend to others","Genderfluid, Nonbinary",2024-08-05,Los Angeles Blade,news
468,Los Angeles Review of Books,2024-05-01,Writer,"Interview with author, 3000ish work",interview with author 3000ish work,writing and reporting,3000,article,100,,0,,10,10,,,,,,,,,,,,,,,,,,,,Yes,,,,,,,,,2024-05-01,Los Angeles Review of Books,news
469,Los Angeles Review of Books,2023-06-01,,Single book review essay,single book review essay,writing and reporting,,review,100,,0,,40,2.5,,,,,,,,,,,,,,,,,,,,No,,,,,,,,,2023-06-01,Los Angeles Review of Books,news
470,Los Angeles Review of Books,2023-06-01,,1500 word book review,1500 word book review,writing and reporting,1500,review,100,,0,,,,,,,,,,,,,,,,,,,,,,,,,,,,,,,,2023-06-01,Los Angeles Review of Books,news
471,Los Angeles Review of Books,2023-04-01,,Single book review,single book review,writing and reporting,,review,100,,0,,16,6.25,,,,,,,,,,,,,,,,,,,,No,,,,,,,,,2023-04-01,Los Angeles Review of Books,news
472,Los Angeles Review of Books,2020-04-20,Writer,2000 word article,2000 word article,writing and reporting,2000,article,150,flat,150,flat rate,,,2 months,Direct Deposit,Cold pitch - I reached out to them,1st Rights,Yes,No,"No, but the job wasn't killed",,Did not require overtime,Job expanded &amp; I wasn't compensated,Did not require expenses,,Was not hazardous,No,No,No,,Entertainment,United States,No,CA,United States,Prefer not to say,White,0-5 years,27,,Prefer not to say,2020-04-20,Los Angeles Review of Books,news
473,Los Angeles Times,2023-03-06,Writer,Reported feature (digital + full-page print in Sunday edition),reported feature (digital + full page print in sunday edition),writing and reporting,,feature,650,,0,,,,30 days,Direct Deposit,Cold pitch - I reached out to them,1st Rights,Yes,,,,,,,,,No,No,,,Entertainment,United States,Yes,,,She/Her,White,5-10 years,,Whatevs,Cis,2023-03-06,Los Angeles Times,news
474,Lose It! (Everyday Health),2024-11-05,Writer,Reported feature story,reported feature story,writing and reporting,,feature,450,per article,450,$450 per story,5,90,New Job - Still Waiting,Direct Deposit,Pre-existing relationship,Work For Hire,Yes,No,Unsure,,Did not require overtime,Job did not expand,Did not require expenses,,,Unsure,Unsure,No,,Health &amp; Wellness,USA,No,NJ,USA,She/Her,White,10-15 years,37,Loved it,Female,2024-11-05,Lose It!,not_news
475,Lost In Cult,1994-03-27,Writer,2250 words criticism,2250 words criticism,writing and reporting,2250,review,202.43,,0,,13,15.57,2 weeks or less,Paypal,"Pre-existing relationship, They reached out to me with an assignment",Work For Hire,Yes,No,"No, but the job wasn't killed",,Did not require overtime,Job did not expand,Did not require expenses,,,,Unsure,Unsure,,Entertainment,USA,Yes,UT,,She/Her,White,0-5 years,30,Would recommend to others,"Female, Trans",1994-03-27,Lost In Cult,not_news
476,Lover boy/Topshop,2018-04-01,Illustrator,Illustration for Tshirt,illustration for tshirt,graphics/design,,graphics,1349,,0,,,,3 months,Direct Deposit,Network referral,Work For Hire,Yes,No,Unsure,,Did not require overtime,Job expanded &amp; I wasn't compensated,Did not require expenses,,Hazard pay was not required,,No,No,,Fashion,united states of america,No,portland,london,They/Their,"Jewish, White",0-5 years,22,Whatevs,Nonbinary,2018-04-01,Topshop & Topman,not_news
477,Lux Magazine,2024-09-20,Writer,~2400-word two-book review,~2400 word two book review,writing and reporting,2400,review,1186,per word,0.5,$0.50 per word,30,39.53,2 weeks or less,Direct Deposit,Pre-existing relationship,1st Rights,Yes,No,"Yes, but the job wasn't killed",,,,,,,,,,,,,Yes,,,,,,,Loved it,,2024-09-20,Lux Magazine,news
478,Lux Magazine,2024-01-30,Writer,2500 word reported article,2500 word reported article,writing and reporting,2500,article,2500,per word,1,$1 per word,,,2 weeks or less,Direct Deposit,Pre-existing relationship,,Yes,No,"Yes, but the job wasn't killed",,,,Did not require expenses,,,Unsure,Unsure,Unsure,,"Politics, Science",United States,No,California,United States,She/Her,White,0-5 years,29,"Loved it, Would recommend to others","Cis, Female",2024-01-30,Lux Magazine,news
479,LWC Studios,2024-07-20,"Audio Production, Producer, Writer","Two-part, 30-minutes episode for an investigative audio documentary podcast (or two episodes)",two part 30 minutes episode for an investigative audio documentary podcast (or two episodes),audio,,audio,4000,,0,,80,50,Over 3 months,Direct Deposit,Pre-existing relationship,Unsure,Yes,Sent on-site to report,Unsure,,Did not require overtime,Job expanded &amp; I was compensated,Required expenses &amp; I was reimbursed,"Submit an itemized invoice, with receipts and receive a check ",Did not receive hazard pay,Unsure,No,Yes,,"Local News, Health &amp; Wellness",U.S.,No,Philadelphia,U.S.,She/Her,"Hispanic, Latine",5-10 years,36,Loved it,Female,2024-07-20,LWC Studios,ambiguous
480,LWC Studios,2024-01-01,"Audio Production, Producer, Writer","Reported, produced, and wrote 30-minute episode of documentary podcast",reported produced and wrote 30 minute episode of documentary podcast,audio,,audio,4000,per episode,4000,$4000 per episode,222,18.02,30 days,Direct Deposit,"Pre-existing relationship, They asked me to pitch",Work For Hire,Yes,No,"Yes, but the job wasn't killed",1000,Required overtime &amp; I wasn't compensated,Job expanded &amp; I wasn't compensated,Required expenses &amp; I was reimbursed,"Emailed receipts for travel, was reimbursed via ACH; only flight was purchased by client, all other expenses I paid",Was not hazardous,No,No,Yes,,National News,USA,Yes,CA,USA,She/Her,"Hispanic, Indigenous, Latine",15-20 years,42,Would not recommend to others,"Cis, Female",2024-01-01,LWC Studios,ambiguous
481,MacMillan,2020-04-22,Illustrator,"Full color, 116 page comic",full color 116 page comic,graphics/design,,graphics,15000,,0,,,,2 weeks or less,Direct Deposit,Pre-existing relationship,Work For Hire,Yes,No,Unsure,,Required overtime &amp; I wasn't compensated,Job did not expand,Did not require expenses,,,,,,,Fiction Children,,,,,,White,5-10 years,30,Whatevs,"Cis, Female",2020-04-22,Macmillan Publishers,not_news
482,Macmillan Children's Publishing,2020-03-03,"Cartoonist, Illustrator",Children's comic book colorist,children's comic book colorist,graphics/design,,graphics,6500,flat,6500,Flat fee,,,2 weeks or less,Direct Deposit,"Pre-existing relationship, They reached out to me with an assignment",Work For Hire,Yes,No,"Yes, but the job wasn't killed",3250,Did not require overtime,Job did not expand,Did not require expenses,,Was not hazardous,Unsure,No,No,,Fiction Children,United States,No,New York,United States,They/Their,"Jewish, White",5-10 years,26,Would recommend to others,"Gender expansive, Nonbinary, Trans, Transmasc",2020-03-03,Macmillan Publishers,not_news
483,Magic Leap,2014-10-01,"Animator, Producer, Consultant",3D/Gameplay Animation Lead,3d/gameplay animation lead,graphics/design,,graphics,78000,per hour,65,$65 per hour,,,2 weeks or less,Direct Deposit,"They reached out to me with an assignment, Network referral",Work For Hire,Yes,Yes,"No, but the job wasn't killed",,"Required overtime (&gt;40 hours) on occasion, but paid regular hourly rate","Job only expanded in length of time, not additional responsibilities","Some I was reimbursed for, others written off for taxes",Fairly simple. Submit receipts with explanation of use. HR/Accounting took care of the clerical paperwork stuff,Was not hazardous,Unsure,No,No,,"Entertainment, Technology",USA,No,Prefer not to answer,USA,He/His,White,20-25 years,44,"Whatevs, Would not recommend to others, Decent experience work-wise, but lots of internal politics getting in the way of the actual work and the people performing it, and the company seemed to thrive more on the politics than on getting anything done competently. Ultimately would not have recommended at the time; don't know if this has improved now.",Male,2014-10-01,"Magic Leap, Inc.",not_news
484,"Major Record Labels (RCA, Warner, Sony)",2020-08-30,"Audio Production, Music Producer",The composition and production of two songs to be used on artists' albums,the composition and production of two songs to be used on artists' albums,music,,music,5000,,0,,,,6 weeks,Direct Deposit,They reached out to me with an assignment,"Company retained master ownership, I retained composition rights and royalties from exploitation of master recording",Yes,No,Unsure,,Did not require overtime,Job did not expand,Did not require expenses,,Hazard pay was not required,No,No,No,,Entertainment,Jamaica,No,,U.S.,He/His,"Black, White Passing",0-5 years,23,Loved it,Prefer not to say,2020-08-30,Not Specified,not_news
485,Marie Claire,2021-03-01,Writer,"Reported feature, assigned at 1700 words, ended up being closer to 2500",reported feature assigned at 1700 words ended up being closer to 2500,writing and reporting,2500,feature,750,,0,,,,2 weeks or less,Direct Deposit,Cold pitch - I reached out to them,Work For Hire,Yes,No,"Yes, but the job wasn't killed",,,Job expanded &amp; I wasn't compensated,Did not require expenses,,,No,No,No,,"National News, Politics",US,Yes,NY,NY,She/Her,White,5-10 years,30,Whatevs,Female,2021-03-01,Marie Claire,news
486,Marie Claire,2018-09-01,Writer,Deeply reported feature 5000+ words,deeply reported feature 5000+ words,writing and reporting,5000,feature,5000,flat,5000,$5000 flat rate for feature,,,30 days,Check by mail,Pre-existing relationship,1st Rights,Yes,No,"Yes, but the job wasn't killed",,Did not require overtime,Job expanded &amp; I wasn't compensated,Required expenses &amp; I was reimbursed,Invoices after spending and got reimbursed in 30 days,Was not hazardous,No,No,No,,,,,,,,,,,,,2018-09-01,Marie Claire,news
487,Marketing company,2020-12-15,Audio Production,"Producing a 45-ish min pilot episode of a business podcast, 3 guest recording sessions + VO recording, writing the episode, project management (someone else edited the audio)",producing a 45 ish min pilot episode of a business podcast 3 guest recording sessions + vo recording writing the episode project management (someone else edited the audio),audio,,audio,3000,,0,,,,2 weeks or less,Direct Deposit,Cold pitch - I reached out to them,Work For Hire,Yes,No,Unsure,,"required more time than I planned, but not formally overtime",,Required expenses &amp; I was reimbursed,,Was not hazardous,No,No,No,,"National News, business",United States,Yes,New York,United States,She/Her,White,5-10 years,,"Whatevs, Lots of client education about what it means to make a podcast and how it works. ","Cis, Female",2020-12-15,Not Specified,not_news
488,Mashable,2024-03-26,Writer,1200 word write up on the Anjali/Sufi breakup (popular South Asian American lesbian couple),1200 word write up on the anjali/sufi breakup (popular south asian american lesbian couple),writing and reporting,1200,article,450,,0,,8,56.25,New Job - Still Waiting,Haven't been paid yet,No pre-existing relationship,Unsure,Yes,No,Unsure,,Unsure,Unsure,Did not require expenses,,Was not hazardous,No,No,No,,"Technology, Sex &amp; Relationships",USA,Yes,Illinois,USA,She/Her,South Asian,0-5 years,25,Loved it,"Cis, Female",2024-03-26,Mashable,news
489,Media company,2024-12-18,Writer,Feature story,feature story,writing and reporting,,feature,400,,0,,72,5.56,30 days,Direct Deposit,"No pre-existing relationship, Cold pitch - I reached out to them",Shared Copyright,No,No,"No, but the job wasn't killed",,Unsure,Unsure,Required expenses &amp; I wasn't reimbursed,,Was not hazardous,No,Publicly Available,Unsure,,International News,Nigeria,No,Kwara state,US,He/His,Black,5-10 years,28,"Loved it, Would recommend to others",Male,2024-12-18,Not Specified,not_news
490,Mediaplanet,2021-05-06,"Copy Editor, Writer","This is an ongoing anchor job for me, and I do copywriting and editorial writing for them. This is what I get paid for one article. ",this is an ongoing anchor job for me and i do copywriting and editorial writing for them. this is what i get paid for one article.,writing and reporting,,article,400,per word,0.5,$0.50 per word,,,2 weeks or less,Direct Deposit,"Pre-existing relationship, They reached out to me with an assignment",Work For Hire,Yes,No,"Yes, but the job wasn't killed",200,Did not require overtime,Job did not expand,Did not require expenses,,,,,,,Branded/Sponsored Content,United States,No,NY,Sweden,She/Her,White,5-10 years,31,"Hated it, Would recommend to others",Female,2021-05-06,Mediaplanet,not_news
491,Medium,2020-12-14,Illustrator,Lead illustration,lead illustration,graphics/design,,graphics,650,,0,,,,New Job - Still Waiting,Direct Deposit,Cold pitch - I reached out to them,1st Rights,Yes,No,"Yes, but the job wasn't killed",650,Did not require overtime,Job did not expand,Did not require expenses,,Was not hazardous,Unsure,No,No,,Technology,Canada,No,,United States,They/Their,White,0-5 years,23,Loved it,Nonbinary,2020-12-14,Medium,not_news
492,MEDSCAPE,2024-08-01,Writer,"Reported story, 2 sources, 1000ish words, study interpretation",reported story 2 sources 1000ish words study interpretation,writing and reporting,1000,article,525,,0,525,3.5,150,30 days,Direct Deposit,"No pre-existing relationship, Cold pitch - I reached out to them",Work For Hire,Yes,No,Unsure,,Did not require overtime,Job did not expand,Did not require expenses,,Was not hazardous,No,No,No,,Health &amp; Wellness,USA,No,NY,unsure,,Prefer not to say,10-15 years,35,"Whatevs, Editors are demanding but with good reason",Prefer not to say,2024-08-01,Medscape,news
493,Meduza,2024-12-10,Writer,"2,000 words reporting",2000 words reporting,writing and reporting,2000,article,483,flat,483,$483 flat rate,30,16.1,30 days,Direct Deposit,Pre-existing relationship,Unsure,No,No,"No, but the job wasn't killed",,Did not require overtime,Job did not expand,Required expenses &amp; I wasn't reimbursed,,"Was not hazardous, Did not receive hazard pay",No,No,Yes,,International News,United States,No,New York,Latvia,She/Her,White,0-5 years,28,"Loved it, Would recommend to others","Cis, Female",2024-12-10,Meduza.io,news
494,Meduza,2024-09-06,Writer,"2,000 words reporting",2000 words reporting,writing and reporting,2000,article,483,flat,483,$483 flat fee,20,24.15,30 days,Direct Deposit,Pre-existing relationship,Unsure,Verbal or ‘handshake’ agreement,No,Unsure,,Did not require overtime,Job did not expand,Did not require expenses,,"Was not hazardous, Hazard pay was not required",No,No,No,,International News,United States,Yes,New York,Latvia,She/Her,White,0-5 years,27,"Loved it, Would recommend to others","Cis, Female",2024-09-06,Meduza.io,news
495,Meduza,2024-05-17,Writer,"2,000 words reporting with photos",2000 words reporting with photos,writing and reporting,2000,article,483,flat,483,$483 flat fee,30,16.1,30 days,Direct Deposit,Pre-existing relationship,Unsure,Verbal or ‘handshake’ agreement,No,"No, but the job wasn't killed",,Did not require overtime,Job did not expand,"I put in the expenses ahead of time to report the story because it was supposed to be for another publication, but got killed.",,Was not hazardous,No,No,Unsure,,International News,United States,Yes,New York,Latvia,She/Her,White,0-5 years,27,Loved it,"Cis, Female",2024-05-17,Meduza.io,news
496,Mental Floss,2024-01-01,Writer,Article just under 800 words,article just under 800 words,writing and reporting,800,article,175,,0,,,,2 weeks or less,Direct Deposit,"Pre-existing relationship, They reached out to me with an assignment",Work For Hire,Unsure,No,Unsure,,,,Did not require expenses,,Hazard pay was not required,Publicly Available,Unsure,No,,,UK,No,,US,She/Her,White,5-10 years,,"Loved it, Would recommend to others","Cis, Female",2024-01-01,Mental Floss,news
497,Mental Floss,2024-06-20,Writer,600 word article,600 word article,writing and reporting,600,article,150,,0,,3,50,30 days,Direct Deposit,Pre-existing relationship,Unsure,Yes,No,Unsure,,Unsure,Job did not expand,Did not require expenses,,,,No,,,Entertainment,United States,No,Oregon,,She/Her,,,,,Female,2024-06-20,Mental Floss,news
498,Meredith E-Commerce,2021-04-12,Writer,"1,000 ""best of"" e-comm shopping roundup","1000 ""best of"" e comm shopping roundup",writing and reporting,1000,article,400,,0,,,,New Job - Still Waiting,Paypal,Network referral,Unsure,Yes,No,Unsure,,,,,,,,No,No,,Health &amp; Wellness,US,No,New York,US,She/Her,"Hispanic, White Passing",5-10 years,33,Whatevs,Female,2021-04-12,People Inc.,not_news
499,Metropolis Magazine/Sandow Inc.,2020-10-02,Writer,600 words reporting,600 words reporting,writing and reporting,600,article,600,per word,1,$1 per word,,,New Job - Still Waiting,Check by mail,Pre-existing relationship,1st Rights,Yes,No,"Yes, but the job wasn't killed",,Unsure,Job did not expand,Did not require expenses,,,,No,No,,Architecture/Design,US,No,WA,US,She/Her,White,10-15 years,38,Whatevs,Female,2020-10-02,Metropolis Magazine,news
500,Mic,2021-02-01,Writer,1200 words reporting,1200 words reporting,writing and reporting,1200,article,400,,0,,,,,,Cold pitch - I reached out to them,,Yes,No,"Yes, but the job wasn't killed",,,,Required expenses &amp; I was reimbursed,,,Unsure,No,No,,Politics,Usa,No,New York,USA,She/Her,Asian,0-5 years,,,"Cis, Female",2021-02-01,Mic,news
501,Mic,2021-02-01,Writer,1200 words reporting,1200 words reporting,writing and reporting,1200,article,400,,0,,,,,,Cold pitch - I reached out to them,,Yes,No,"Yes, but the job wasn't killed",,,,Required expenses &amp; I was reimbursed,,,Unsure,No,No,,Politics,Usa,No,New York,USA,She/Her,Asian,0-5 years,,,"Cis, Female",2021-02-01,Mic,news
502,Minneapolis Star Tribune,2023-08-01,,single book review,single book review,writing and reporting,,review,150,per word,0.3,$150 flat fee for 500 words,9,16.67,,,,,,,,,,,,,,,,,,,,No,,,,,,,,,2023-08-01,The Minnesota Star Tribune,news
503,Mirza,2020-09-01,Audio Production,Entire audio production/mixing of a remote podcast. The season was 6 episode I believe.,entire audio production/mixing of a remote podcast. the season was 6 episode i believe.,audio,,audio,3300,,0,,,,2 weeks or less,Direct Deposit,,Work For Hire,No,No,"No, but the job wasn't killed",,Did not require overtime,Job expanded &amp; I was compensated,Did not require expenses,,Was not hazardous,No,Publicly Available,No,,"Editorial &amp; Opinion, Entertainment, Branded/Sponsored Content",USA,No,"New Mexico, previously LA, NYC",England,She/Her,White,0-5 years,25,Whatevs,Female,2020-09-01,UNCLEAR,not_news
504,MIT Technology Review,2024-01-01,Writer,feature story deep reporting,feature story deep reporting,writing and reporting,,feature,8000,per word,2,$2 a word plus travel,,,,,,,,,,,,,,,,,,,,,,No,,,,,,,,,2024-01-01,MIT Technology Review,ambiguous
505,MIT Technology Review,2024-01-01,Writer,2000 word reported feature,2000 word reported feature,writing and reporting,2000,feature,3000,per word,1.5,$1.5/word for the assigned length (published version was longer),100,30,30 days,Direct Deposit,Pre-existing relationship,Unsure,Yes,No,"Yes, but the job wasn't killed",750,Did not require overtime,Job did not expand,Did not require expenses,,Was not hazardous,Unsure,Unsure,Unsure,,Technology,US,No,NY,US,She/Her,White,,,"Loved it, Would recommend to others",Female,2024-01-01,MIT Technology Review,ambiguous
506,MIT Technology Review,2021-01-25,Writer,Two front-of-book magazine pieces (op-ed + illustration annotations),two front of book magazine pieces (op ed + illustration annotations),writing and reporting,,op/ed,2400,per word,1.5,$1.50 per word,,,New Job - Still Waiting,Check by mail,They asked me to pitch,1st Rights,Yes,No,"Yes, &amp; the job was killed",600,Did not require overtime,Job did not expand,Did not require expenses,,"Was not hazardous, Did not receive hazard pay, Hazard pay was not required",Publicly Available,Unsure,No,,"International News, National News, Editorial &amp; Opinion, Technology, Science",US,No,NY,US,He/His,"East Asian, White",5-10 years,28,Would recommend to others,Cis,2021-01-25,MIT Technology Review,ambiguous
507,Modern Farmer,2025-01-10,Writer,1000 words reporting,1000 words reporting,writing and reporting,1000,article,400,,0,,10,40,2 weeks or less,Direct Deposit,Pre-existing relationship,,No,No,"No, but the job wasn't killed",,Did not require overtime,Job did not expand,Did not require expenses,,,Publicly Available,No,No,,,United State,No,North Carolina,,He/His,White,5-10 years,33,Whatevs,"Cis, Male",2025-01-10,Modern Farmer,news
508,Momus,1995-08-21,Writer,2000 word review,2000 word review,writing and reporting,2000,review,600,,0,,,,6 weeks,Paypal,Pre-existing relationship,,,,,,,,,,,,,,,,,,,,,,,,The editors are lovely but the editorial process took so long that even the comparatively generous rate started to feel thin,,1995-08-21,Momus,news
509,Mondoweiss,2024-06-30,Writer,1200 reporting,1200 reporting,writing and reporting,1200,article,300,,0,,10,30,2 weeks or less,Direct Deposit,Cold pitch - I reached out to them,Work For Hire,No,No,"No, but the job wasn't killed",,Did not require overtime,Job did not expand,Did not require expenses,,Was not hazardous,Publicly Available,No,No,,International News,United States,Yes,IL,United States,She/Her,White,15-20 years,68,Loved it,Female,2024-06-30,Mondoweiss,ambiguous
510,Mongabay,2024-08-01,Writer,"1,200 reported article",1200 reported article,writing and reporting,1200,article,600,per word,0.5,$.50 per word,20,30,2 weeks or less,Direct Deposit,"No pre-existing relationship, Cold pitch - I reached out to them, Network referral",1st Rights,Yes,No,"No, but the job wasn't killed",,Did not require overtime,Job did not expand,Did not require expenses,,"Was not hazardous, Did not receive hazard pay, Hazard pay was not required",Publicly Available,No,No,,"International News, Science",US,No,WA,US,He/His,White,25 &amp; up,53,"Whatevs, Would recommend to others",Male,2024-08-01,Mongabay,news
511,Mongabay,2025-01-10,Writer,1000 words reporting,1000 words reporting,writing and reporting,1000,article,529,,0,,9,58.78,30 days,Direct Deposit,Pre-existing relationship,Unsure,Yes,No,"Yes, but the job wasn't killed",,Did not require overtime,Job did not expand,Did not require expenses,,,,,,,"International News, Science",USA,Yes,NY,USA,She/Her,White,0-5 years,25,"Loved it, Would recommend to others","Cis, Female",2025-01-10,Mongabay,news
512,Mongabay,2024-10-03,Writer,1200 words reporting,1200 words reporting,writing and reporting,1200,article,600,per word,0.5,$0.50 per word,13.5,44.44,2 weeks or less,Direct Deposit,"Pre-existing relationship, Cold pitch - I reached out to them",,,No,,,Did not require overtime,Job did not expand,Did not require expenses,,Was not hazardous,,Unsure,,,"International News, Science",USA,No,NY,USA,She/Her,White,0-5 years,25,"Whatevs, Would recommend to others","Cis, Female",2024-10-03,Mongabay,news
513,Monocle Magazine,2024-05-15,Writer,3500 word feature story,3500 word feature story,writing and reporting,3500,feature,3100,per word,0.9,0.90/word,90,34.44,New Job - Still Waiting,Haven't been paid yet,They reached out to me with an assignment,Unsure,Verbal or ‘handshake’ agreement,Yes,Unsure,,Did not require overtime,Job did not expand,Did not require expenses,,Was not hazardous,No,No,No,,Cities,South Africa,No,,United Kingdom,She/Her,White,10-15 years,35,Hated it,"Cis, Female",2024-05-15,Monocle,news
514,Montana Outdoors magazine,2023-03-31,"Illustrator, Writer","Illustrated article (600-1,000 words; multiple illustrations)",illustrated article (600 1000 words; multiple illustrations),writing and reporting,800,article,1500,,0,See above,13.83,108.46,30 days,Check by mail,Cold pitch - I reached out to them,Unsure,No,No,"No, but the job wasn't killed",,Did not require overtime,Job did not expand,Did not require expenses,,Was not hazardous,Unsure,No,No,,"Outdoors (nature, etc.)",United States,No,Wyoming,United States,She/Her,White,15-20 years,40,"Loved it, Would recommend to others","Cis, Female",2023-03-31,Montana Outdoors,ambiguous
515,Montreal Gazette,2022-04-15,Writer,500-word reported article,500 word reported article,writing and reporting,500,article,180,per article,180,"150$ first article, 180$ for articles afterwards",,,30 days,Check by mail,Cold pitch - I reached out to them,Work For Hire,Yes,No,Unsure,,Did not require overtime,Job did not expand,Did not require expenses,,Hazard pay was not required,No,No,No,,Local News,Canada,No,,Canada,She/Her,Mixed White/Asian,0-5 years,31,Would recommend to others,Female,2022-04-15,Montreal Gazette,news
516,More Perfect Union,2025-01-07,"Video Production, Videographer",Two full days of shooting video including talking head interviews and b-roll,two full days of shooting video including talking head interviews and b roll,film/video,,video,2600,per day,1300,$1300/day,16,162.5,New Job - Still Waiting,Haven't been paid yet,"Pre-existing relationship, They reached out to me with an assignment",Work For Hire,Yes,Yes,"Yes, but the job wasn't killed",750,Did not require overtime,Unsure,Unsure,,"Was not hazardous, Hazard pay was not required",Unsure,No,Unsure,,"National News, Sports, Labor",U.S.,No,Utah,U.S.,They/Their,White,5-10 years,31,Would recommend to others,Nonbinary,2025-01-07,More Perfect Union,news
517,Mother Jones,2025-09-10,Writer,1900 words reporting,1900 words reporting,writing and reporting,1900,article,1700,,0,,30,56.67,New Job - Still Waiting,Haven't been paid yet,"No pre-existing relationship, Cold pitch - I reached out to them",Unsure,No,No,"Yes, but the job wasn't killed",850,,Job expanded &amp; I was compensated,Did not require expenses,,,Publicly Available,Publicly Available,No,,"Local News, Politics",USA,Yes,New York,New York,She/Her,White,0-5 years,27,"Loved it, Would recommend to others","Cis, Female",2025-09-10,Mother Jones,news
518,Mother Jones,2024-03-11,Writer,2,2,other,,other,1500,,0,,40,37.5,,,,,,,,,,,,,,,,,,,,Yes,,,,,,,,,2024-03-11,Mother Jones,news
519,Mother Jones,2024-01-23,Writer,2,2,other,,other,1500,,0,-,40,37.5,,,,,,,,,,,,,,,,,,,,Yes,,,,,,,,,2024-01-23,Mother Jones,news
520,Motherly,2024-10-11,Writer,Quick-hit trending news assignment,quick hit trending news assignment,writing and reporting,,article,100,per article,100,"$100 per story, roughly 300-500 words",1,100,30 days,Direct Deposit,Pre-existing relationship,Work For Hire,Yes,No,Unsure,,Did not require overtime,Job did not expand,Did not require expenses,,Was not hazardous,Unsure,No,No,,"Entertainment, Health &amp; Wellness",United States,Yes,New York,United States,She/Her,White,5-10 years,35,"Loved it, but was unceremoniously let go along with the entire editorial staff with zero notice and had to chase back payment down, so I cannot recommend working for this company in any capacity.","Cis, Female",2024-10-11,Motherly,news
521,MovieMaker Magazine,2021-02-15,Writer,"8000 word feature list, including lots of research.",8000 word feature list including lots of research.,writing and reporting,8000,feature,700,flat,700,Flat rate.,,,30 days,Direct Deposit,"Pre-existing relationship, They reached out to me with an assignment",Shared Copyright,Yes,No,"No, but the job wasn't killed",,Required overtime &amp; I wasn't compensated,Job expanded &amp; I wasn't compensated,Did not require expenses,,Was not hazardous,No,No,No,,Entertainment,United States,No,California,United States,Prefer not to say,White,0-5 years,28,Hated it,Prefer not to say,2021-02-15,MovieMaker Magazine,news
522,Ms. Magazine,2024-01-01,Writer,"640 words, reported",640 words reported,writing and reporting,640,article,320,,0,,,,3 months,Direct Deposit,,,,,,,,,,,,,,,,,,Yes,,,,,,,,,2024-01-01,Ms. Magazine,news
523,MSNBC,2025-01-01,Writer,800 word opinion piece,800 word opinion piece,writing and reporting,800,op/ed,500,per article,500,$500/PIECE,,,30 days,Direct Deposit,,Work For Hire,Yes,No,"Yes, but the job wasn't killed",250,Did not require overtime,Job did not expand,,,,,,,,"Politics, Editorial &amp; Opinion",,,,,,,,,,,2025-01-01,MSNBC,news
524,Multiple Advertising Agencies,2020-01-01,Retoucher,"Photo editing, color correction, image compositions ",photo editing color correction image compositions,photography,,graphics,180000,per hour,150,$150 per hour,,,6 weeks,Check by mail,Pre-existing relationship,Work For Hire,Verbal or ‘handshake’ agreement,No,"No, but the job wasn't killed",,Unsure,,Did not require expenses,,,,,,,"Branded/Sponsored Content, General Advertising ",USA,No,California,USA,He/His,White,20-25 years,47,,Male,2020-01-01,Not Specified,not_news
525,Narrative Initiative,2024-04-01,Writer,"1,261 words, reported",1261 words reported,writing and reporting,1261,article,1261,,0,,,,2 weeks or less,Direct Deposit,,,,,,,,,,,,,,,,,,,,,,,,,,,2024-04-01,Narrative Initiative,not_news
526,Narratively,2019-07-26,"Cartoonist, Illustrator",Editorial illustration: One header and two spots,editorial illustration: one header and two spots,graphics/design,,graphics,300,flat,300,flat,,,6 weeks,I believe it was a check but I'm having trouble finding my record of it!,They reached out to me with an assignment,Work For Hire,Yes,No,Unsure,,Did not require overtime,Job did not expand,Did not require expenses,,Was not hazardous,No,No,No,,"Editorial &amp; Opinion, Non Fiction Memoir",United States,No,RI,United States,They/Their,"Jewish, White",5-10 years,26,"Loved it, I would've liked a higher pay but the subject matter was a lot of fun for me to draw.","Gender expansive, Nonbinary, Trans",2019-07-26,Narratively,news
527,Narratively,2020-04-07,Illustrator,(Web) header and four spots,(web) header and four spots,graphics/design,,graphics,500,flat,500,500 for the entire job.,,,30 days,Check by mail,"Pre-existing relationship, They reached out to me with an assignment",1st Rights,Yes,No,"No, but the job wasn't killed",,Did not require overtime,Job did not expand,Did not require expenses,,Was not hazardous,Unsure,No,No,,Non Fiction General/Genre,USA,No,NY,USA,She/Her,White,0-5 years,28,Whatevs,"Cis, Female, Butch",2020-04-07,Narratively,news
528,Narratively,2020-05-01,Writer,2000-3000 word profile of a band,2000 3000 word profile of a band,writing and reporting,2500,article,1000,,0,,,,Over 3 months,Zelle,They reached out to me with an assignment,Work For Hire,Yes,No,"Yes, &amp; the job was killed",1000,"The job did require a fair amount of meetings, edits, etc, under tight timeframe, but was then slept on for months and eventually killed",Job expanded &amp; I wasn't compensated,Did not require expenses,,Was not hazardous,Unsure,Unsure,No,,Entertainment,US,No,IL,US,Prefer not to say,White,0-5 years,,Whatevs,Female,2020-05-01,Narratively,news
529,Nashville Scene,2020-11-01,Writer,1000 word personal essay,1000 word personal essay,writing and reporting,1000,essay,120,,0,,,,2 weeks or less,Direct Deposit,Cold pitch - I reached out to them,,No,No,,,,Job did not expand,Did not require expenses,,,Unsure,Unsure,,,Non Fiction Memoir,USA,No,TX,USA,She/Her,East Asian,0-5 years,26,Loved it,"Cis, Female",2020-11-01,Nashville Scene,news
530,"National Academies of Sciences, Engineering and Medicine",2024-06-17,Writer,"11,000 word proceedings",11000 word proceedings,writing and reporting,11000,other,7500,,0,,40,187.5,2 weeks or less,Direct Deposit,Pre-existing relationship,Work For Hire,Yes,Yes,"No, but the job wasn't killed",,Did not require overtime,Job did not expand,Did not require expenses,,Was not hazardous,No,No,No,,Science,USA,Yes,Maryland,USA,She/Her,"Jewish, White",5-10 years,42,Whatevs,"Cis, Female",2024-06-17,"National Academies of Sciences, Engineering, and Medicine",not_news
531,National Geographic,2025-03-10,Writer,1000 words reporting,1000 words reporting,writing and reporting,1000,article,1000,,0,,15,66.67,,Direct Deposit,Pre-existing relationship,Work For Hire,Yes,No,"Yes, but the job wasn't killed",500,Did not require overtime,Job did not expand,Did not require expenses,,Hazard pay was not required,Publicly Available,Unsure,No,,Science,United States,Yes,New York,United States,She/Her,Latine,0-5 years,32,Would recommend to others,Cis,2025-03-10,National Geographic,news
532,National Geographic,2024-07-01,Writer,"1,000 words reporting",1000 words reporting,writing and reporting,1000,article,1000,per word,1,$1 per word,,,2 weeks or less,Direct Deposit,"Pre-existing relationship, Cold pitch - I reached out to them",Work For Hire,Yes,No,"Yes, but the job wasn't killed",500,Did not require overtime,Job did not expand,Did not require expenses,,Was not hazardous,No,Unsure,No,,Science,USA,Yes,NY,USA,She/Her,White,0-5 years,24,"Loved it, Would recommend to others","Cis, Female",2024-07-01,National Geographic,news
533,National Geographic,2024-05-08,Writer,900 words reporting,900 words reporting,writing and reporting,900,article,900,per word,1,$1 per word,,,2 weeks or less,Direct Deposit,"No pre-existing relationship, Cold pitch - I reached out to them",Work For Hire,Yes,No,"Yes, but the job wasn't killed",450,Did not require overtime,Job did not expand,Did not require expenses,,Was not hazardous,No,Unsure,No,,Science,USA,Yes,NY,USA,She/Her,White,0-5 years,24,Would recommend to others,"Cis, Female",2024-05-08,National Geographic,news
534,National Geographic,2024-01-01,Writer,350 words reporting for magazine,350 words reporting for magazine,writing and reporting,350,article,500,,0,,,,,,,,,,,,,,,,,,,,,,,Yes,,,,,,,,,2024-01-01,National Geographic,news
535,National Geographic,2024-04-23,Writer,"1,000 words reporting + photos",1000 words reporting + photos,writing and reporting,1000,article,1150,per word,1,$1 per word + $75 per photo,20,57.5,6 weeks,Direct Deposit,"No pre-existing relationship, Cold pitch - I reached out to them",Work For Hire,Yes,No,"Yes, but the job wasn't killed",500,Did not require overtime,Job did not expand,Required expenses &amp; I wasn't reimbursed,,Was not hazardous,No,No,Yes,,Environment,United States,Yes,California,United States,She/Her,White,0-5 years,27,"Loved it, Would recommend to others","Cis, Female",2024-04-23,National Geographic,news
536,National Geographic,2021-04-07,Writer,1200 words light reporting,1200 words light reporting,writing and reporting,1200,article,800,,0,,,,New Job - Still Waiting,Direct Deposit,"Pre-existing relationship, Cold pitch - I reached out to them",Work For Hire,No,No,"No, but the job wasn't killed",,Did not require overtime,Job did not expand,Did not require expenses,,Was not hazardous,No,No,No,,Travel,United States,Yes,MA,United States,He/His,White,5-10 years,32,Loved it,"Cis, Male",2021-04-07,National Geographic,news
537,National Geographic (digital),2024-01-01,Writer,800 words reporting,800 words reporting,writing and reporting,800,article,800,,0,,,,,,,,,,,,,,,,,,,,,,,Yes,,,,,,,,,2024-01-01,National Geographic,news
538,National Geographic / Disney,2020-08-03,Writer,"~1,200 words reporting",~1200 words reporting,writing and reporting,1200,article,700,per word,0.5,$0.50/wd,,,30 days,Direct Deposit,Cold pitch - I reached out to them,Work For Hire,Yes,No,"Yes, but the job wasn't killed",300,Did not require overtime,Job expanded &amp; I was compensated,Did not require expenses,,Was not hazardous,Unsure,Unsure,No,,Travel,US,Yes,Minnesota,US,She/Her,White,5-10 years,33,"Editor was great, legal team negotiating the contract was awful","Cis, Female",2020-08-03,National Geographic,news
539,National Geographic Online,2019-09-15,Writer,600 word story for natgeo.com,600 word story for natgeo.com,writing and reporting,600,article,600,flat,600,600 for the story,,,6 weeks,Direct Deposit,They reached out to me with an assignment,Work For Hire,Yes,No,"Yes, but the job wasn't killed",,Did not require overtime,Job did not expand,Did not require expenses,,Hazard pay was not required,Unsure,Unsure,Unsure,,Environment-Wildlife,United States,No,CO,,She/Her,White,15-20 years,,Would recommend to others,"Cis, Female",2019-09-15,National Geographic,news
540,Nature,2025-01-01,Writer,Writer 2500 words,writer 2500 words,writing and reporting,2500,article,3750,per word,1.5,$1.50/word,90,41.67,30 days,Direct Deposit,They asked me to pitch,,Yes,No,,,,,,,,,,,,Science,United States,No,Texas,UK,She/Her,White,15-20 years,,Loved it,Female,2025-01-01,Nature,ambiguous
541,NBC News,2023-04-10,Writer,"1,700-word reported feature",1700 word reported feature,writing and reporting,1700,feature,550,,0,,,,30 days,Direct Deposit,"Pre-existing relationship, They asked me to pitch",,,No,Unsure,,,,,,Was not hazardous,,No,,,Health &amp; Wellness,USA,No,,United States,She/Her,White,5-10 years,29,Loved it,Female,2023-04-10,NBC News,news
542,NC Local,2025-08-13,Writer,Three ~600-word explainer articles on government topics,three ~600 word explainer articles on government topics,writing and reporting,1800,article,1500,per article,500,$500 per article,24,62.5,2 weeks or less,Direct Deposit,They asked me to pitch,Work For Hire,Yes,No,"No, but the job wasn't killed",,Did not require overtime,Job did not expand,Did not require expenses,,,No,No,Unsure,,Local News,United States,No,North Carolina,United States,He/His,White,5-10 years,34,Loved it,"Cis, Male",2025-08-13,NC Local,news
543,Netflix,2021-04-15,"Animator, Illustrator",Made a graphics package for a new Netflix show,made a graphics package for a new netflix show,graphics/design,,graphics,6500,per week,2500,"5000 for 2 weeks, 1500 for a week of revisions",,,2 weeks or less,Check by mail,They reached out to me with an assignment,Work For Hire,Verbal or ‘handshake’ agreement,No,"No, but the job wasn't killed",,Required overtime &amp; I wasn't compensated,Job expanded &amp; I was compensated,Did not require expenses,,Was not hazardous,No,No,No,,"Entertainment, Fiction General/Genre, Fiction Young Adult",USA,Yes,NY,USA,He/His,,5-10 years,33,"Loved it, Would recommend to others","Cis, Male",2021-04-15,Netflix,not_news
544,new orleans jazz &amp; heritage foundation archive,2024-08-01,transcriber,transcribing recorded interviews from jazz fest's allison miner music heritage stage for the archive,transcribing recorded interviews from jazz fest's allison miner music heritage stage for the archive,writing and reporting,,other,6297.5,per minute,2.5,$2.50/recorded minute; added 30 minutes to each interview to account for time required to also generate abstracts,65,96.88,30 days,Direct Deposit,Pre-existing relationship,Work For Hire,Verbal or ‘handshake’ agreement,No,"No, but the job wasn't killed",,Did not require overtime,Job did not expand,Did not require expenses,,"Was not hazardous, Hazard pay was not required",Unsure,Unsure,Unsure,,archival,USA,Yes,NY/LA,USQ,She/Her,White,10-15 years,39,Would recommend to others,Female,2024-08-01,New Orleans Jazz & Heritage Foundation Archive,not_news
545,New Paradigm,2019-12-01,"Cartoonist, Illustrator",151 page full color graphic novel,151 page full color graphic novel,graphics/design,,graphics,22650,per graphic,150,"150 per page, split 50/50/50 between pencils, inks, and colors. Finished roughly a batch of 15 pgs inked per month, so 750/mo. Colors were done all at once, so I was paid 750 about twice a month during the coloring process.",,,2 weeks or less,Paypal,They reached out to me with an assignment,Unsure,Yes,No,"No, but the job wasn't killed",,,,,,,No,No,No,,Fiction Young Adult,United States,No,Georgia,United States,Prefer not to say,White,0-5 years,,Would recommend to others,Trans,2019-12-01,New Paradigm Studios,not_news
546,New Republic,2024-07-01,Writer,Book review - print,book review  print,writing and reporting,,review,1000,,0,,,,,,,,,,,,,,,,,,,,,,,,,,,,,,,,2024-07-01,The New Republic,news
547,New Republic,2024-06-01,Writer,Book review - web,book review  web,writing and reporting,,review,500,,0,,,,,,,,,,,,,,,,,,,,,,,,,,,,,,,,2024-06-01,The New Republic,news
548,New Republic,2022-09-15,,Book criticism,book criticism,writing and reporting,,review,500,per article,500,500 per review,10,50,,,,,,,,,,,,,,,,,,,,No,,,,,,,,,2022-09-15,The New Republic,news
549,New Scientist,2021-04-27,Writer,1400 word article,1400 word article,writing and reporting,1400,article,1764,per word,1.26,$1.26/word,,,,Direct Deposit,Cold pitch - I reached out to them,Work For Hire,Yes,No,"No, but the job wasn't killed",,Did not require overtime,,,,,,,,,,,,,,,,,,,,2021-04-27,New Scientist,news
550,New York Focus,2023-02-15,Writer,1500 word investigative story about SNAP benefits in New York state.,1500 word investigative story about snap benefits in new york state.,writing and reporting,1500,article,800,flat,800,"The $800 was a flat rate, Focus also helped get a $3,000 grant from the Economic Hardship Reporting Project",40,20,New Job - Still Waiting,Haven't been paid yet,They reached out to me with an assignment,1st Rights,Yes,No,"Yes, but the job wasn't killed",200,Did not require overtime,Job expanded &amp; I was compensated,Did not require expenses,,Was not hazardous,Publicly Available,Publicly Available,Yes,3000,Local News,United States,Yes,New York,United States,He/His,White,5-10 years,32,Loved it,Cis,2023-02-15,New York Focus,news
551,New York Focus,2021-10-21,Writer,2000 word reported articles,2000 word reported articles,writing and reporting,2000,article,800,flat,800,Flat rate,,,2 weeks or less,Direct Deposit,Pre-existing relationship,Unsure,Yes,No,"Yes, but the job wasn't killed",200,Unsure,,,,,Publicly Available,,,,Local News,USA,No,,,,,,,,,2021-10-21,New York Focus,news
552,New York Focus,2021-03-25,Writer,1500-2000 words reported piece,1500 2000 words reported piece,writing and reporting,1750,article,500,flat,500,Flat rate per piece,,,2 weeks or less,Direct Deposit,They reached out to me with an assignment,1st Rights,Yes,No,Unsure,,Unsure,Unsure,Did not require expenses,,Was not hazardous,Unsure,Unsure,Unsure,,"Local News, Politics",USA,Yes,NY,USA,He/His,White,5-10 years,30,"Loved it, Would recommend to others",Cis,2021-03-25,New York Focus,news
553,New York Focus,2021-02-10,Writer,1500-2000 words reported piece,1500 2000 words reported piece,writing and reporting,1750,article,350,flat,350,Flat rate per piece,,,2 weeks or less,Direct Deposit,Cold pitch - I reached out to them,1st Rights,Yes,No,Unsure,,,Unsure,Did not require expenses,,Was not hazardous,Unsure,Unsure,Unsure,,"Local News, Politics",USA,Yes,NY,USA,He/His,White,5-10 years,30,"Loved it, Would recommend to others",Cis,2021-02-10,New York Focus,news
554,New York Magazine,2021-12-04,Writer,Magazine feature story,magazine feature story,writing and reporting,,feature,8184,per word,2,$2 per word,150,54.56,2 months,Direct Deposit,They reached out to me with an assignment,1st Rights,Yes,No,"Yes, but the job wasn't killed",1750,,,Required expenses &amp; I was reimbursed,Submitted invoice,,No,No,No,,National News,USA,Yes,NY,NY,He/His,"Black, White",5-10 years,40,Whatevs,Male,2021-12-04,New York,news
555,New York Magazine,2023-10-09,Writer,500-word news writeup of SAG-AFTRA video game actors' strike,500 word news writeup of sag aftra video game actors' strike,writing and reporting,500,article,250,flat,250,$250 for overall assignment,6,41.67,2 weeks or less,Direct Deposit,Cold pitch - I reached out to them,Work For Hire,Yes,No,"No, but the job wasn't killed",,Did not require overtime,Job did not expand,Did not require expenses,,Was not hazardous,Publicly Available,Unsure,No,,"National News, Entertainment",United States,Yes,New York,United States,He/His,"Hispanic, Latine",0-5 years,23,Loved it,"Cis, Male",2023-10-09,New York,news
556,New York Magazine,2023-09-15,Writer,1500-word review,1500 word review,writing and reporting,1500,review,1250,,0,,,,2 weeks or less,Direct Deposit,Pre-existing relationship,1st Rights,Yes,No,"Yes, but the job wasn't killed",312.5,Did not require overtime,Job did not expand,Did not require expenses,,Was not hazardous,No,No,No,,Entertainment,US,Yes,NY,US,She/Her,"Jewish, White",15-20 years,,Loved it,"Cis, Female",2023-09-15,New York,news
557,New York Magazine,2021-01-26,Writer,Artist profile,artist profile,writing and reporting,,article,3000,,0,,,,30 days,Direct Deposit,Cold pitch - I reached out to them,1st Rights,Yes,No,"Yes, but the job wasn't killed",750,Did not require overtime,Job expanded &amp; I was compensated,Did not require expenses,,Was not hazardous,Unsure,No,No,,Entertainment,US,Yes,NY,US,She/Her,"Jewish, White",10-15 years,36,Loved it,Female,2021-01-26,New York,news
558,New York Magazine,2021-01-19,Writer,Reported web piece (1500 words),reported web piece (1500 words),writing and reporting,1500,article,1000,,0,,,,30 days,Direct Deposit,Pre-existing relationship,Work For Hire,Yes,No,"Yes, but the job wasn't killed",250,Did not require overtime,Job did not expand,Did not require expenses,,Was not hazardous,Unsure,No,No,,"National News, Politics, Technology",US,No,NY,US,He/His,White,5-10 years,29,"Loved it, Would recommend to others",Cis,2021-01-19,New York,news
559,New York Magazine,2020-02-03,Writer,"2500 word print essay, part of larger package that was killed due to pandemic",2500 word print essay part of larger package that was killed due to pandemic,writing and reporting,2500,essay,625,flat,0,"offered flat fee of $2500, ultimately paid $625 kill fee when the package was killed",,,,,,,,,"Yes, &amp; the job was killed",625,,,,,,,,,,,,,,,,,,,,,2020-02-03,New York,news
560,New York Public Radio,2021-06-11,Illustrator,Illustration for podcast episode,illustration for podcast episode,graphics/design,,graphics,500,,0,,,,New Job - Still Waiting,Check by mail,They reached out to me with an assignment,Work For Hire,Yes,No,"No, but the job wasn't killed",,Did not require overtime,Job did not expand,Did not require expenses,,Was not hazardous,Unsure,No,Unsure,,"Local News, Entertainment, Sex &amp; Relationships",United States,Yes,New York,United States,She/Her,Middle Eastern,0-5 years,,"Whatevs, assignment was relatively painless, but wish I had received the contract sooner",Female,2021-06-11,New York Public Radio,news
561,New York Review of Books,2023-05-01,,Multi-book review,multi book review,writing and reporting,,review,3550,per word,1.05,1.05 per word,24,147.92,,,,,,,,,,,,,,,,,,,,Yes,,,,,,,,,2023-05-01,The New York Review of Books,news
562,New York Time,2016-10-26,"Cartoonist, Illustrator",Editorial illustration 3200w x 1800h pixels,editorial illustration 3200w x 1800h pixels,graphics/design,,graphics,300,flat,300,flat fee,,,30 days,Check by mail,They reached out to me with an assignment,Unsure,Yes,No,Unsure,,Did not require overtime,Job did not expand,Did not require expenses,,Was not hazardous,Unsure,No,No,,Editorial &amp; Opinion,United States,No,New York,United States,They/Their,"Jewish, White",5-10 years,26,Whatevs,"Gender expansive, Nonbinary, Trans",2016-10-26,The New York Times,news
563,New York Times,2025-01-01,Writer,"Three short art reviews, 800 words total",three short art reviews 800 words total,writing and reporting,800,review,800,per word,1,$1 per word,15,53.33,2 weeks or less,Direct Deposit,Pre-existing relationship,Work For Hire,Yes,No,"Yes, but the job wasn't killed",,Did not require overtime,Job did not expand,Did not require expenses,,Was not hazardous,No,No,No,,Entertainment,,Yes,,,,,,,,,2025-01-01,The New York Times,news
564,New York Times,2024-11-05,Writer,1000 word review of Call of Duty: Black Ops 6,1000 word review of call of duty: black ops 6,writing and reporting,1000,review,1000,per word,1,$1 per word,20,50,30 days,Direct Deposit,"Pre-existing relationship, They reached out to me with an assignment",Work For Hire,Verbal or ‘handshake’ agreement,No,Unsure,,Did not require overtime,Job did not expand,Did not require expenses,Game is provided for free,Was not hazardous,No,Unsure,No,,Entertainment,USA,No,Massachusetts,USA,He/His,"Arab, Black",15-20 years,41,"Loved it, Would recommend to others",Male,2024-11-05,The New York Times,news
565,New York Times,2024-01-01,Writer,feature story,feature story,writing and reporting,,feature,1900,per word,1,$1 a word,,,,,,,,,,,,,,,,,,,,,,No,,,,,,,,,2024-01-01,The New York Times,news
566,New York Times,2023-03-01,Writer,2000 words reporting,2000 words reporting,writing and reporting,2000,article,5000,,0,,110,45.45,2 weeks or less,Direct Deposit,They reached out to me with an assignment,Unsure,Yes,No,"Yes, but the job wasn't killed",,Did not require overtime,No but the edits dragged on for a year,Required expenses &amp; I was reimbursed,"Paid for travel myself, was reimbursed with receipts",Hazard pay was not required,Unsure,No,Unsure,,"Headway/""Solutions"" vertical",USA,Yes,NY,USA,Prefer not to say,South Asian,5-10 years,,Whatevs,Male,2023-03-01,The New York Times,news
567,New York Times,2024-03-07,Writer,News story,news story,writing and reporting,,article,1100,per word,1,$1/word,,,2 weeks or less,Direct Deposit,Pre-existing relationship,,Yes,No,,,,,,,,,,,,Science,USA,Yes,"Washington, D.C.",USA,She/Her,White,0-5 years,29,Loved it,Female,2024-03-07,The New York Times,news
568,New York Times,2023-09-27,Writer,900-word review,900 word review,writing and reporting,900,review,905,per word,1,$1 per word,,,2 weeks or less,Direct Deposit,Pre-existing relationship,Work For Hire,Yes,No,"No, but the job wasn't killed",,Did not require overtime,Job did not expand,Did not require expenses,,Was not hazardous,No,No,No,,Entertainment,US,Yes,NY,US,She/Her,"Jewish, White",15-20 years,39,Complicated feelings,"Cis, Female",2023-09-27,The New York Times,news
569,New York Times,2022-12-15,Writer,1700-word artist profile,1700 word artist profile,writing and reporting,1700,article,1700,per word,1,$1 per word,,,2 weeks or less,Direct Deposit,Pre-existing relationship,Work For Hire,Yes,No,"No, but the job wasn't killed",,Did not require overtime,Job did not expand,Did not require expenses,,Was not hazardous,No,No,No,,Entertainment,US,Yes,NY,US,She/Her,"Jewish, White",15-20 years,39,Complicated feelings,Female,2022-12-15,The New York Times,news
570,New York Times,2022-03-11,Illustrator,"Illustration approximately  2.25” wide, 2.44 (for print) and a web ratio of 3:2 to accompany a book review.",illustration approximately 2.25” wide 2.44 (for print) and a web ratio of 3:2 to accompany a book review.,graphics/design,,review,400,,0,,,,30 days,Direct Deposit,They reached out to me with an assignment,Work For Hire,Yes,No,"No, but the job wasn't killed",,Did not require overtime,Job did not expand,Did not require expenses,,Was not hazardous,No,No,Unsure,,Fiction General/Genre,USA,No,Florida,USA,She/Her,Hispanic,0-5 years,27,Loved it,"Cis, Female",2022-03-11,The New York Times,news
571,New York times book review,2023-08-16,,"Two books, one review ",two books one review,writing and reporting,,review,1200,,0,,16,75,,,,,,,,,,,,,,,,,,,,No,,,,,,,,,2023-08-16,The New York Times Book Review,news
572,New York Times Book Review,2023-08-01,,Essay on children's books,essay on children's books,writing and reporting,,essay,1000,,0,,15,66.67,,,,,,,,,,,,,,,,,,,,No,,,,,,,,,2023-08-01,The New York Times Book Review,news
573,New York Times Magazine,2025-03-04,Writer,Screenland essay,screenland essay,writing and reporting,,essay,3287.5,per word,2.5,$2.50 per word,30,109.58,30 days,Direct Deposit,No pre-existing relationship,,Yes,,"Yes, but the job wasn't killed",,,,,,,,,,,,,Yes,,,,,,,,,2025-03-04,The New York Times Magazine,news
574,New York Times Opinion,2024-05-01,Writer,800-1200 word opinion piece on complex scientific and historical phenomenon,800 1200 word opinion piece on complex scientific and historical phenomenon,writing and reporting,1000,op/ed,500,flat,500,1000 words or under: $500; 1001-1200 words: $700; 1201+: $1200,8,62.5,New Job - Still Waiting,,"Pre-existing relationship, They reached out to me with an assignment",Unsure,No,No,Unsure,,Required overtime &amp; I wasn't compensated,Job did not expand,Did not require expenses,,Was not hazardous,Unsure,Unsure,No,,Editorial &amp; Opinion,United States,Yes,New York,New York,She/Her,White,10-15 years,41,Hated it,Female,2024-05-01,The New York Times,news
575,New York Times Opinion,2021-02-01,Writer,950-word opinion piece,950 word opinion piece,writing and reporting,950,op/ed,500,flat,500,$250 for online only; $500 if also in print,,,Over 3 months,Haven't been paid yet,Pre-existing relationship,Unsure,Yes,No,"No, but the job wasn't killed",,Did not require overtime,Job did not expand,Did not require expenses,,Was not hazardous,No,No,No,,Editorial &amp; Opinion,Germany,No,,,She/Her,White,10-15 years,32,"Loved it, Would recommend to others","Cis, Female",2021-02-01,The New York Times,news
576,New Yorker,2023-04-01,Writer,Profile,profile,writing and reporting,,article,3000,,0,,300,10,6 weeks,Direct Deposit,"Pre-existing relationship, Cold pitch - I reached out to them",Unsure,No,Yes,Unsure,,Unsure,Initial job scope was bigger; word count got cut halfway through,Required expenses &amp; I was reimbursed,"I had to put money up front, did not get a perdiem rate",Was not hazardous,No,No,No,,National News,Canada,Yes,,New York,She/Her,White,0-5 years,37,New Yorker -- can't eat prestige,Female,2023-04-01,The New Yorker,news
577,New Yorker,2019-11-20,Writer,1550 words criticism/reporting,1550 words criticism/reporting,writing and reporting,1550,article,325,,0,,,,30 days,,,,,,,,,,,,,,,,,,,,,,,,,,,,2019-11-20,The New Yorker,news
578,Next Avenue,2024-10-07,Writer,"Election story, approximately 1100 words",election story approximately 1100 words,writing and reporting,1100,article,500,,0,,8,62.5,New Job - Still Waiting,Haven't been paid yet,Cold pitch - I reached out to them,Unsure,Yes,No,"Yes, but the job wasn't killed",100,Did not require overtime,Job did not expand,Did not require expenses,,Hazard pay was not required,Publicly Available,No,Unsure,,"National News, Politics, Health &amp; Wellness",United States,No,California,United States,She/Her,South Asian,10-15 years,,Loved it,"Cis, Female",2024-10-07,Next Avenue,news
579,Next Avenue,2023-07-13,Writer,900-1400 words personal essay,900 1400 words personal essay,writing and reporting,1150,essay,300,,0,,5,60,2 weeks or less,Direct Deposit,"No pre-existing relationship, Cold pitch - I reached out to them",Unsure,Yes,No,Unsure,,Did not require overtime,Job did not expand,Did not require expenses,,Was not hazardous,Publicly Available,No,No,,Health &amp; Wellness,United States,No,New York,United States,She/Her,Latine,0-5 years,35,Loved it,Female,2023-07-13,Next Avenue,news
580,Next City,2024-08-01,Writer,"800 words, reported",800 words reported,writing and reporting,800,article,400,,0,,,,30 days,Direct Deposit,,,,,,,,,,,,,,,,,,Yes,,,,,,,,,2024-08-01,Next City,news
581,Nieman,2020-12-01,Writer,2000 word reported piece,2000 word reported piece,writing and reporting,2000,article,2000,per word,1,$1/word,,,New Job - Still Waiting,,They reached out to me with an assignment,1st Rights,Yes,,"No, but the job wasn't killed",,,,,,,,,,,,United States,Yes,NY,United States,She/Her,East Asian,5-10 years,28,"Whatevs, Would recommend to others","Cis, Female",2020-12-01,Nieman Reports,news
582,Nieman Reports,2021-01-15,Writer,Reported feature essay,reported feature essay,writing and reporting,,feature,2000,per word,1,$1/ word,,,2 weeks or less,Direct Deposit,Cold pitch - I reached out to them,1st Rights,Yes,No,"Yes, but the job wasn't killed",,,,,,,,,,,,,,,,,,,,,,2021-01-15,Nieman Reports,news
583,Nikkei Asia,2023-11-01,Writer,700 words exclusive reporting,700 words exclusive reporting,writing and reporting,700,article,400,,0,,,,2 weeks or less,Direct Deposit,"Cold pitch - I reached out to them, Network referral",,,,,,,,,,,,,,,Politics,,No,,,,,,,,,2023-11-01,The Nikkei,news
584,Noema,2024-03-01,Writer,Reported 3000 word piece,reported 3000 word piece,writing and reporting,3000,article,750,,0,,,,30 days,Direct Deposit,Cold pitch - I reached out to them,1st Rights,Yes,,"Yes, &amp; the job was killed",750,,Job expanded &amp; I wasn't compensated,Required expenses &amp; I wasn't reimbursed,,,Publicly Available,Unsure,No,,,USA,No,California,USA,Prefer not to say,,5-10 years,,"Hated it, Would not recommend to others",,2024-03-01,Noema,news
585,NOEMA,2024-01-05,Writer,Reported feature,reported feature,writing and reporting,,feature,5000,per word,1,$1 per word,240,20.83,30 days,Direct Deposit,Pre-existing relationship,Work For Hire,Yes,,"Yes, but the job wasn't killed",2500,,,,,,,,,,,,Yes,,,He/His,White,10-15 years,,Would recommend to others,"Cis, Male",2024-01-05,Noema,news
586,Nonprofit Quarterly,2024-01-01,Writer,1000-plus word story,1000 plus word story,writing and reporting,1000,article,500,,0,,,,,,,,,,,,,,,,,,,,,,,No,,,,,,,,,2024-01-01,Nonprofit Quarterly,news
587,NPR,2024-09-15,Writer,"10 blurbs, 100-150 words each, for the site's Books We Love roundup",10 blurbs 100 150 words each for the site's books we love roundup,writing and reporting,1500,article,400,,0,,3,133.33,,,,,,,,,,,,,,,,,,,,Yes,,,,,,,,,2024-09-15,NPR,news
588,NPR,2024-10-11,"Audio Production, Producer, Writer","Reported, field produced, and wrote 4-minute radio story",reported field produced and wrote 4 minute radio story,audio,,audio,650,per article,650,$650 per story,40.25,16.15,New Job - Still Waiting,Direct Deposit,Pre-existing relationship,1st Rights,Yes,No,Unsure,,Did not require overtime,Job did not expand,Required expenses &amp; I was reimbursed,Added mileage to my invoice,Was not hazardous,No,No,No,,"National News, Arts &amp; Culture",USA,Yes,CA,Washington DC,She/Her,"Indigenous, Latine",15-20 years,42,Whatevs,"Cis, Female",2024-10-11,NPR,news
589,NPR,2023-04-07,,single-book review,single book review,writing and reporting,,review,350,,0,,17,20.59,,,,,,,,,,,,,,,,,,,,Yes,,,,,,,,,2023-04-07,NPR,news
590,NPR,2023-01-17,Writer,800-word book review,800 word book review,writing and reporting,800,review,300,,0,,,,,,,,,,,,,,,,,,,,,,,Yes,,,,,,,,,2023-01-17,NPR,news
591,NPR,2022-01-01,Writer,Book Review,book review,writing and reporting,,review,300,per article,300,$300 per review,,,30 days,Direct Deposit,They asked me to pitch,Work For Hire,Verbal or ‘handshake’ agreement,No,"No, &amp; the job was killed",,Did not require overtime,Job did not expand,Did not require expenses,,Hazard pay was not required,No,No,No,,Fiction Young Adult,USA,No,Florida,NY,She/Her,White,25 &amp; up,46,"Loved it, Would not recommend to others","Cis, Female",2022-01-01,NPR,news
592,NPR,2022-07-13,Writer,book review,book review,writing and reporting,,review,300,,0,,,,2 weeks or less,Direct Deposit,Pre-existing relationship,,,,,,,,,,,,,,,,,,,,,,,,,,2022-07-13,NPR,news
593,NPR,2022-10-01,Writer,Books We Love,books we love,writing and reporting,,article,240,per article,40,40 per title,,,30 days,Direct Deposit,Pre-existing relationship,Work For Hire,Yes,No,"No, but the job wasn't killed",,Did not require overtime,Job did not expand,Did not require expenses,,Hazard pay was not required,Unsure,No,No,,"Fiction General/Genre, Fiction Young Adult",usa,No,ca,usa,They/Their,"Black, White",10-15 years,39,Whatevs,Genderqueer,2022-10-01,NPR,news
594,NPR,2022-01-05,"Translator, Writer, Writing Instructor",Book review,book review,writing and reporting,,review,300,,0,,,,2 weeks or less,Direct Deposit,"Pre-existing relationship, They reached out to me with an assignment",Work For Hire,No,No,Unsure,,Did not require overtime,Job did not expand,Did not require expenses,Email invoice to payments department,Was not hazardous,Unsure,Unsure,Unsure,,Non Fiction Memoir,United States,No,Texas,USA,She/Her,South Asian,0-5 years,50,Would recommend to others,"Cis, Female",2022-01-05,NPR,news
595,NPR,2022-11-01,Writer,Book review,book review,writing and reporting,,review,300,,0,,,,2 months,Check by mail,Cold pitch - I reached out to them,Work For Hire,No,No,"No, but the job wasn't killed",,Did not require overtime,Job did not expand,Did not require expenses,,Was not hazardous,No,No,No,,Entertainment,United States,No,CA,,He/His,East Asian,10-15 years,46,Would recommend to others,Male,2022-11-01,NPR,news
596,NPR,2022-08-29,Writer,book reviews,book reviews,writing and reporting,,review,400,,0,,,,2 weeks or less,Direct Deposit,,,Yes,No,,,,,,,,No,No,,,,,No,,,,,,,,,2022-08-29,NPR,news
597,NPR,2022-09-10,Writer,1000-word book review *roundup*,1000 word book review *roundup*,writing and reporting,1000,review,500,,0,,,,30 days,Direct Deposit,Pre-existing relationship,Unsure,No,No,"No, but the job wasn't killed",,Did not require overtime,,,,,,,,,,,,,,,,,,,,2022-09-10,NPR,news
598,NPR,2020-11-15,Writer,1000 word trend piece with 5 interviews,1000 word trend piece with 5 interviews,writing and reporting,1000,article,400,,0,,,,30 days,Direct Deposit,"Pre-existing relationship, Cold pitch - I reached out to them",,,,,,,Job did not expand,Did not require expenses,,,Unsure,Unsure,,,Health &amp; Wellness,United States,No,DC,United States,She/Her,White,0-5 years,,Would recommend to others,"Cis, Female",2020-11-15,NPR,news
599,NPR,2021-03-15,Writer,1000 word news report,1000 word news report,writing and reporting,1000,article,350,,0,,,,30 days,Direct Deposit,"Pre-existing relationship, They reached out to me with an assignment",,Verbal or ‘handshake’ agreement,No,,,,Job did not expand,Did not require expenses,,,Unsure,No,,,Health &amp; Wellness,United States,No,DC,United States,She/Her,White,0-5 years,,Would recommend to others,"Cis, Female",2021-03-15,NPR,news
600,NPR,2021-12-15,"Editor, Writer",1200-word book review,1200 word book review,writing and reporting,1200,review,300,,0,,,,2 weeks or less,Check by mail,Pre-existing relationship,1st Rights,Yes,No,"Yes, but the job wasn't killed",300,Did not require overtime,Job did not expand,Did not require expenses,,Was not hazardous,No,No,No,,Entertainment,US,No,NY,US,She/Her,White,5-10 years,31,Would recommend to others,"Cis, Female",2021-12-15,NPR,news
601,NPR,2020-11-12,Writer,800-word book review,800 word book review,writing and reporting,800,review,300,,0,,,,30 days,Direct Deposit,Pre-existing relationship,Work For Hire,No,No,"Yes, but the job wasn't killed",300,,,,,,,,,,,,Yes,,,She/Her,"Jewish, White",0-5 years,,Would recommend to others,Female,2020-11-12,NPR,news
602,NUVO,2021-05-13,Writer,2000 word feature,2000 word feature,writing and reporting,2000,feature,125,,0,,,,2 weeks or less,Check by mail,Pre-existing relationship,Unsure,Yes,No,"No, but the job wasn't killed",,,Job did not expand,Did not require expenses,,Was not hazardous,No,No,No,,Politics,United States,Yes,Colorado,Canada,He/His,White,0-5 years,28,Nice to work with but pay was exceptionally low.,"Cis, Male",2021-05-13,NUVO,news
603,NY Post,2022-04-01,Writer,1200 word feature,1200 word feature,writing and reporting,1200,feature,1200,per word,1,$1 a word,,,New Job - Still Waiting,Direct Deposit,They reached out to me with an assignment,Work For Hire,Yes,No,Unsure,,Did not require overtime,Job did not expand,Did not require expenses,,Hazard pay was not required,No,No,Unsure,,Entertainment,United States,Yes,NY,United States,He/His,White,5-10 years,44,Whatevs,Cis,2022-04-01,New York Post,news
604,NY Times,2024-05-31,Writer,"1,400 word article in the Business section",1400 word article in the business section,writing and reporting,1400,article,1400,per word,1,$1 per word,40,35,2 weeks or less,Direct Deposit,No pre-existing relationship,Work For Hire,Yes,No,Unsure,,Unsure,Job did not expand,Did not require expenses,,Was not hazardous,No,Unsure,No,,Business,US,No,California,California,She/Her,East Asian,0-5 years,,Loved it,"Cis, Female",2024-05-31,The New York Times,news
605,NY Times Book Review,2023-06-15,,Single book review,single book review,writing and reporting,,review,1000,per word,1,$1/word,25,40,,,,,,,,,,,,,,,,,,,,No,,,,,,,,,2023-06-15,The New York Times Book Review,news
606,Nyc productions,2021-04-15,"Editor, Producer, Videographer",Podcast production,podcast production,audio,,audio,3500,per hour,35,35 per hour,,,2 weeks or less,Direct Deposit,Network referral,Unsure,Yes,Yes,Unsure,,Unsure,Job expanded &amp; I was compensated,Required expenses &amp; I was reimbursed,Invoice,Was not hazardous,No,No,Unsure,,Entertainment,USA,No,NY,,,Jewish,5-10 years,,Loved it,,2021-04-15,UNCLEAR,not_news
607,Observer,2023-03-01,,Author Q&amp;A,author q&amp;a,writing and reporting,,article,350,flat,350,$350 for the piece,7,50,,,,,,,,,,,,,,,,,,,,No,,,,,,,,,2023-03-01,Observer,news
608,Observer,2023-06-01,,Essay + interviews,essay + interviews,writing and reporting,,essay,400,per article,400,$400 per piece,6,66.67,,,,,,,,,,,,,,,,,,,,No,,,,,,,,,2023-06-01,Observer,news
609,Observer.com,2024-08-01,Writer,review,review,writing and reporting,,review,200,,0,,,,,Direct Deposit,Pre-existing relationship,Unsure,,,,,,,,,,,,,,,,No,,,,,,,,,2024-08-01,Observer,news
610,Off Assignment,2024-02-01,Writer,800-1800 word essay,800 1800 word essay,writing and reporting,1300,essay,300,flat,300,$300 for essay,10,30,2 weeks or less,Paypal,They reached out to me with an assignment,1st Rights,Yes,No,"Yes, but the job wasn't killed",25,Did not require overtime,Job did not expand,Did not require expenses,,Was not hazardous,Publicly Available,Publicly Available,Unsure,,Non Fiction Memoir,USA,Yes,CA,USA,She/Her,"Southeast Asian, White",15-20 years,38,Loved it,Female,2024-02-01,Off Assignment,not_news
611,Offrange,2025-06-03,Writer,1000 words book review,1000 words book review,writing and reporting,1000,review,50,,0,,12.75,3.92,New Job - Still Waiting,Haven't been paid yet,Pre-existing relationship,Unsure,No,No,"No, but the job wasn't killed",,,Job did not expand,Did not require expenses,,,Publicly Available,Publicly Available,No,,,United States,No,North Carolina,,He/His,White,5-10 years,34,,Male,2025-06-03,Offrange,ambiguous
612,Ohio State University Press,2020-09-20,"Cartoonist, Illustrator",illustrating full color pages for a children’s book; initially 14 pages then about doubled including cover once there was more direct communication with the editor.,illustrating full color pages for a children’s book; initially 14 pages then about doubled including cover once there was more direct communication with the editor.,graphics/design,,graphics,4500,,0,,,,2 months,Check by mail,Pre-existing relationship,Shared Copyright,Yes,No,"No, but the job wasn't killed",,"the deadlines were kept somewhat loose/changed, but there was no explicit hourly requirement or overtime mentioned",Job expanded &amp; I was compensated,Did not require expenses,,Was not hazardous,No,No,Unsure,,Fiction Children,US,No,Colorado,Ohio,She/Her,"Latinx, White",0-5 years,25,"Loved it, Would recommend to others","Cis, Female",2020-09-20,Ohio State University Press,not_news
613,Oil Change International,2021-02-01,Illustrator,"34 digital b/w illustrations and graphs, 5-minute video featuring hand-drawn animation",34 digital b/w illustrations and graphs 5 minute video featuring hand drawn animation,graphics/design,,video,12000,per hour,40,$40/hr,,,2 weeks or less,Direct Deposit,Pre-existing relationship,Unsure,Yes,No,"No, but the job wasn't killed",,Did not require overtime,Job expanded &amp; I was compensated,Required expenses &amp; I was reimbursed,"Present invoices and receipts, pretty simple",Was not hazardous,No,Unsure,Unsure,,"International News, National News, Editorial &amp; Opinion, Science",USA,Yes,Ohio,USA,he/they,White,0-5 years,25,"Loved it, Would recommend to others","Cis, Male, Nonbinary",2021-02-01,Oil Change International,not_news
614,Old School Gamer Magazine,2025-04-17,Writer,200 word news article,200 word news article,writing and reporting,200,article,18,per article,18,I've been invoicing $250 for 14 articles of any length.,1,18,New Job - Still Waiting,Paypal,Pre-existing relationship,Unsure,Verbal or ‘handshake’ agreement,No,Unsure,,Did not require overtime,Job did not expand,Did not require expenses,,Was not hazardous,No,No,No,,Entertainment,United States,No,Illinois,United States,He/His,White,10-15 years,37,"Loved it, Would recommend to others",Male,2025-04-17,Old School Gamer Magazine,news
615,one5c,2024-01-01,Writer,"writing a 1,000 word guide (no interviews)",writing a 1000 word guide (no interviews),writing and reporting,1000,article,500,,0,,,,,,,,,,,,,,,,,,,,,,,,,,,,,,,,2024-01-01,one5c,news
616,Oneiro | Real Estate services,2023-02-15,Photographer,"Photographing a 50sqm property, still photo shoot, plus a 360 virtual tour",photographing a 50sqm property still photo shoot plus a 360 virtual tour,photography,,graphics,350,per graphic,150,"150 for still photos, 200 for virtual tour, for properties up to 30 sqm, anything bigger is +1 euro per extra square meter.",,,2 weeks or less,Cash,"They asked me to pitch, Network referral",Unsure,Verbal or ‘handshake’ agreement,Yes,"No, but the job wasn't killed",,Did not require overtime,Job expanded &amp; I was compensated,Did not require expenses,,Was not hazardous,No,No,No,,Real Estate,Greece,No,,Greece,,,0-5 years,28,"Loved it, Would recommend to others",,2023-02-15,UNCLEAR,not_news
617,Oni,2018-06-01,"Cartoonist, Illustrator",120 page full color graphic novel,120 page full color graphic novel,graphics/design,,graphics,6900,,0,,,,2 weeks or less,Direct Deposit,They reached out to me with an assignment,Unsure,Yes,No,"No, but the job wasn't killed",,Did not require overtime,,Did not require expenses,,,Unsure,No,No,,Fiction Young Adult,United States,No,Georgia,United States,Prefer not to say,White,0-5 years,24,Whatevs,Trans,2018-06-01,Oni Press,not_news
618,Optimism,2024-01-01,Writer,600-word-ish article with three sections,600 word ish article with three sections,writing and reporting,600,article,250,per article,250,$250 per piece,4,62.5,2 weeks or less,Direct Deposit,"Pre-existing relationship, Network referral",Work For Hire,Yes,No,Unsure,,Did not require overtime,Job did not expand,Did not require expenses,,Was not hazardous,Unsure,No,No,,History,United States,No,WA,United States,She/Her,White,15-20 years,37,"Whatevs, Would recommend to others","Cis, Female",2024-01-01,Optimism Monthly,ambiguous
619,Our State,2025-03-01,Writer,500 words reporting,500 words reporting,writing and reporting,500,article,500,,0,,11,45.45,New Job - Still Waiting,Haven't been paid yet,"Pre-existing relationship, They reached out to me with an assignment",,Unsure,No,"Yes, but the job wasn't killed",,Did not require overtime,Job did not expand,Did not require expenses,,,Unsure,No,No,,Local News,United States,No,North Carolina,,He/His,White,5-10 years,33,Loved it,Cis,2025-03-01,Our State,news
620,Outrider,2024-03-14,Writer,1k words(ish) article,1k words(ish) article,writing and reporting,1000,article,1000,,0,,40,25,30 days,Direct Deposit,Cold pitch - I reached out to them,Unsure,Yes,No,"Yes, but the job wasn't killed",,Did not require overtime,Job did not expand,Did not require expenses,,Was not hazardous,Unsure,Publicly Available,No,,,United States of America,Yes,Ohio,,He/His,,0-5 years,,Loved it,,2024-03-14,Outrider Foundation,ambiguous
621,Outside Magazine,2020-03-18,Writer,3k word web feature/essay,3k word web feature/essay,writing and reporting,3000,feature,3750,per word,1.25,$1.25/word (this assignment was salvaged from a print assignment that would have paid $2/word but became unfeasible in the pandemic),,,,,,,,,,,,,,,,,,,,,,,,,,,,,,,2020-03-18,Outside Magazine,news
622,Outside Magazine,2020-11-01,Writer,"1,000-word essay for the website",1000 word essay for the website,writing and reporting,1000,essay,500,per word,0.5,.50 per word,,,,,,,,,,,,,,,,,,,,,,,,,,,,,,,2020-11-01,Outside Magazine,news
623,Outside Magazine,2020-08-01,Writer,"5,000-word magazine feature",5000 word magazine feature,writing and reporting,5000,feature,9000,per word,2,$2 per word,,,2 months,Check by mail,Network referral,Shared Copyright,Yes,No,"Yes, but the job wasn't killed",1500,Did not require overtime,Job did not expand,Required expenses &amp; I was reimbursed,"easy and drama-free. just slow to pay, which is my only complaint.",Hazard pay was not required,Unsure,Unsure,No,,National News,us,Yes,colorado,us,He/His,"Jewish, White",5-10 years,32,"Loved it, Would recommend to others",Male,2020-08-01,Outside Magazine,news
624,Oxford American,2020-12-09,Writer,"Essay, 1500 words",essay 1500 words,writing and reporting,1500,essay,500,,0,,,,Over 3 months,Haven't been paid yet,Network referral,1st Rights,Yes,,"Yes, but the job wasn't killed",250,,,,,,,,,,,,,,,,,,,,,2020-12-09,Oxford American,news
625,Paizo,2020-06-02,Writer,"1550 words detailing fictional cultural information, to be used as a jumping off point for future customers to build on.",1550 words detailing fictional cultural information to be used as a jumping off point for future customers to build on.,writing and reporting,1550,other,,per word,0.07,$.07/word,,,30 days,Check by mail,Pre-existing relationship,Work For Hire,No,No,Unsure,,Did not require overtime,Job expanded &amp; I was compensated,Did not require expenses,,Hazard pay was not required,No,No,No,,"Fiction General/Genre, Tabletop Roleplaying",USA,No,Texas,USA,They/Their,Native American or First Nation,0-5 years,29,Loved it,"Agender, Two-spirit",2020-06-02,Paizo,not_news
626,palabra,2024-02-04,Writer,"2,000 words deep reporting",2000 words deep reporting,writing and reporting,2000,article,1200,,0,,40,30,2 weeks or less,Direct Deposit,No pre-existing relationship,1st Rights,Yes,No,"Yes, but the job wasn't killed",300,Did not require overtime,Job expanded &amp; I was compensated,Did not require expenses,,Was not hazardous,Publicly Available,No,No,,Editorial &amp; Opinion,US,No,NY,US,She/Her,Hispanic,0-5 years,36,Hated it,Female,2024-02-04,palabra.,ambiguous
627,Parents,2024-01-01,Writer,Writing a news story with 2 sources,writing a news story with 2 sources,writing and reporting,,article,150,,0,,3,50,2 months,Direct Deposit,Pre-existing relationship,,Yes,No,,,,,,,,,,,,Health &amp; Wellness,United States,Yes,Colorado,,They/Their,White,0-5 years,27,Whatevs,"Nonbinary, Trans",2024-01-01,Parents,news
628,Parents Magazine,2020-02-01,Writer,800 words reporting,800 words reporting,writing and reporting,800,article,200,per word,0.25,0.25 per word,,,2 weeks or less,Paypal,Cold pitch - I reached out to them,Unsure,Unsure,No,Unsure,,Did not require overtime,Job did not expand,Did not require expenses,,Was not hazardous,Publicly Available,No,No,,Family,,No,,,She/Her,"Hispanic, White",0-5 years,,Loved it,Female,2020-02-01,Parents,news
629,Parents.com,2025-01-02,Writer,"Reported article, rate was flat, they asked for 600-1,000 words",reported article rate was flat they asked for 600 1000 words,writing and reporting,800,article,225,flat,225,,10,22.5,30 days,Direct Deposit,Cold pitch - I reached out to them,Unsure,Yes,No,"Yes, but the job wasn't killed",,Did not require overtime,Job did not expand,Did not require expenses,,,Publicly Available,No,Unsure,,,USA,No,PA,,She/Her,"Latine, White",10-15 years,34,Would recommend to others,"Cis, Female",2025-01-02,Parents,news
630,Paste Magazine,1994-06-17,Writer,800-1000 criticism,800 1000 criticism,writing and reporting,900,op/ed,100,,0,,5,20,30 days,Paypal,Pre-existing relationship,Work For Hire,Yes,No,"No, but the job wasn't killed",,Did not require overtime,Job did not expand,Required expenses &amp; I wasn't reimbursed,,,No,No,No,,Entertainment,USA,Yes,Illinois,USA,She/Her,White,0-5 years,30,"I enjoy working with Paste because they give me wiggleroom, but the pay rates are low.","Female, Trans",1994-06-17,Paste Magazine,news
631,Paste Magazine,2023-09-12,Writer,Video Game Criticism,video game criticism,writing and reporting,,video,100,,0,$100.00,5,20,30 days,Paypal,Pre-existing relationship,Work For Hire,Yes,No,Unsure,,Did not require overtime,Job did not expand,Did not require expenses,,Was not hazardous,No,Unsure,No,,Entertainment,USA,Yes,Illinois,USA,She/Her,White,0-5 years,29,Would recommend to others,"Female, Trans",2023-09-12,Paste Magazine,news
632,Paste Magazine,2023-07-17,Writer,TV criticism (digital only),tv criticism (digital only),writing and reporting,,review,100,,0,,12,8.33,30 days,Paypal,Pre-existing relationship,,,,,,,,,,,,,,,,,Yes,,,,,,,,,2023-07-17,Paste Magazine,news
633,Paste Magazine,2022-09-23,Writer,TV review,tv review,writing and reporting,,review,100,,0,,,,30 days,Paypal,Pre-existing relationship,Unsure,Yes,No,Unsure,,Did not require overtime,Job did not expand,,,,No,Unsure,,,Entertainment,,Yes,,,She/Her,White,0-5 years,,,Female,2022-09-23,Paste Magazine,news
634,Paste Media Group,2024-12-01,Writer,Feature essay with interview,feature essay with interview,writing and reporting,,essay,250,,0,,12,20.83,New Job - Still Waiting,Paypal,Pre-existing relationship,Unsure,No,No,"No, but the job wasn't killed",,Did not require overtime,Job did not expand,Did not require expenses,,Hazard pay was not required,Unsure,No,No,,Entertainment,USA,No,NY,USA,,White,0-5 years,,Loved it,Nonbinary,2024-12-01,Paste Magazine,news
635,Pave Studios,2025-01-01,Writer,Researching and writing a ~6000 word script for a true crime podcast,researching and writing a ~6000 word script for a true crime podcast,writing and reporting,6000,audio,1000,,0,,25,40,30 days,Direct Deposit,"Pre-existing relationship, They reached out to me with an assignment",Unsure,Verbal or ‘handshake’ agreement,No,"No, but the job wasn't killed",,Did not require overtime,Job did not expand,Did not require expenses,,Was not hazardous,No,No,No,,"Entertainment, Non Fiction General/Genre, True Crime; Podcast",United States,No,California,United States,She/Her,White,0-5 years,24,"Loved it, Would recommend to others","Cis, Female",2025-01-01,Pave Studios,ambiguous
636,Payload space,2023-07-17,Writer,Daily stories for newsletters,daily stories for newsletters,writing and reporting,,article,130,per article,100,"$100 for 300-400w, plus $30 an hour",1,130,2 weeks or less,Direct Deposit,Network referral,Unsure,Unsure,No,Unsure,,Did not require overtime,Job did not expand,Did not require expenses,,Was not hazardous,No,No,No,,Technology,US,No,California,remote,She/Her,South Asian,0-5 years,27,Whatevs,"Cis, Female",2023-07-17,Payload Space,ambiguous
637,PBS,2024-03-01,Writer,~800 word essay,~800 word essay,writing and reporting,800,essay,750,,0,,4,187.5,6 weeks,Direct Deposit,They reached out to me with an assignment,Work For Hire,Yes,No,"No, but the job wasn't killed",,,,,,,,,,,History,US,No,DC,VA,,,10-15 years,,Would recommend to others,,2024-03-01,PBS,news
638,PCGamesN/FutureNet,2024-08-07,Writer,"1,000 word video game review",1000 word video game review,writing and reporting,1000,review,230.97,,0,,8,28.87,30 days,Direct Deposit,They reached out to me with an assignment,Work For Hire,Yes,No,"No, but the job wasn't killed",,Did not require overtime,Job did not expand,Did not require expenses,,,Publicly Available,No,No,,Entertainment,USA,Yes,IL,UK,She/Her,White,0-5 years,30,Would recommend to others,"Female, Trans",2024-08-07,PCGamesN,ambiguous
639,Peach News Now LLC,2021-09-17,"Producer, Video Production, Writer",Political reporting,political reporting,writing and reporting,,other,75,per assignment,75,Per job,,,2 weeks or less,Paypal,Network referral,Work For Hire,Verbal or ‘handshake’ agreement,No,Unsure,,Did not require overtime,Job expanded &amp; I was compensated,Did not require expenses,,Was not hazardous,Publicly Available,Publicly Available,No,,"National News, Local News, Politics, Editorial &amp; Opinion, Travel",USA,Yes,GA,USA,He/His,White,0-5 years,41,"Loved it, Would recommend to others","Cis, Male",2021-09-17,Peach News Now LLC,not_news
640,Penguin Publishing,2024-04-01,Copy Editor,approx. 200 page nonfiction manuscript,approx. 200 page nonfiction manuscript,writing and reporting,,other,703,per hour,37,$37/hour,19,37,30 days,Direct Deposit,Pre-existing relationship,Unsure,No,No,"No, but the job wasn't killed",,Did not require overtime,Job did not expand,Did not require expenses,,Was not hazardous,Unsure,Unsure,No,,Non Fiction Memoir,USA,No,New York,USA,She/Her,White,0-5 years,27,"Whatevs, Would recommend to others","Cis, Female",2024-04-01,Penguin Random House,not_news
641,Penguin Random House,2020-06-01,Illustrator,Illustration for article on rush order,illustration for article on rush order,graphics/design,,article,500,,0,,,,2 months,Check by mail,Network referral,Work For Hire,Yes,No,"No, but the job wasn't killed",,Turnaround was 2 days. I believe I was compensated for the short turnaround.,Job did not expand,Did not require expenses,,Was not hazardous,Unsure,No,No,,Obituary,United States,No,CT,Canada,She/Her,White,0-5 years,26,"Work was good, but pay took forever and was a pain.",Female,2020-06-01,Penguin Random House,not_news
642,Penguin Random House,2017-06-06,Designer,Book cover designer,book cover designer,graphics/design,,graphics,2000,,0,,,,,Direct Deposit,Pre-existing relationship,Work For Hire,Yes,No,"Yes, but the job wasn't killed",1000,,,Did not require expenses,,,No,No,No,,Fiction General/Genre,USA,No,NY,USA,She/Her,Prefer not to say,5-10 years,,Whatevs,Female,2017-06-06,Penguin Random House,not_news
643,Perpetual Sports / R1S1 Sports,2023-08-01,Writer,Write articles about Kansas basketball ~ 800 words,write articles about kansas basketball ~ 800 words,writing and reporting,800,article,2500,per article,500,500 per story,20,125,2 months,Direct Deposit,They reached out to me with an assignment,Work For Hire,No,No,"No, &amp; the job was killed",,Did not require overtime,Job did not expand,Did not require expenses,,Was not hazardous,No,No,,,,USA,No,DC,USA,He/His,"Jewish, White",5-10 years,30,Hated it,"Cis, Male",2023-08-01,R1S1 Sports,news
644,Pineapple Street Studios,2021-10-31,Audio Production,Podcast Producer for narrative project,podcast producer for narrative project,audio,,audio,48000,per week,2000,2000/week,,,2 weeks or less,Direct Deposit,"Pre-existing relationship, Network referral",Work For Hire,Yes,No,"No, but the job wasn't killed",,Required overtime &amp; I wasn't compensated,Job expanded &amp; I was compensated,Required expenses &amp; I was reimbursed,Via invoice,Was not hazardous,Unsure,No,No,,Politics,United States,No,,USA,She/Her,White,5-10 years,,"Whatevs, Would recommend to others","Cis, Female",2021-10-31,Pineapple Street Studios,ambiguous
645,Pineapple Street Studios,2020-10-10,Editor,2 days of edited - listened to 8 episodes and then did a group edit,2 days of edited  listened to 8 episodes and then did a group edit,editing,,audio,1000,per day,500,$500 per day,,,2 weeks or less,Direct Deposit,Pre-existing relationship,Work For Hire,Verbal or ‘handshake’ agreement,No,"No, &amp; the job was killed",,Did not require overtime,Job did not expand,Did not require expenses,,Was not hazardous,Unsure,No,No,,Non Fiction Memoir,United States,No,NY,United States,She/Her,White,15-20 years,39,"Whatevs, Would recommend to others",Prefer not to say,2020-10-10,Pineapple Street Studios,ambiguous
646,Pipe Wrench Magazine,2021-03-15,Writer,"Long-form, research-heavy, first-person reported story",long form research heavy first person reported story,writing and reporting,,article,3000,,0,,,,2 weeks or less,Direct Deposit,Cold pitch - I reached out to them,Unsure,Yes,No,"Yes, but the job wasn't killed",1500,,Job did not expand,Did not require expenses,,Was not hazardous,Publicly Available,Unsure,No,,"Editorial &amp; Opinion, Non Fiction General/Genre",Germany,No,,United States,,,5-10 years,37,"Loved it, Would recommend to others",Female,2021-03-15,Pipe Wrench Magazine,news
647,Pipe Wrench Magazine,2021-02-08,Writer,6000 word narrative non-fiction,6000 word narrative non fiction,writing and reporting,6000,article,2750,,0,,,,2 weeks or less,Direct Deposit,Cold pitch - I reached out to them,They got 90 days exclusive after that the work and all rights are mines,Yes,No,"Yes, but the job wasn't killed",1375,,Job did not expand,Required expenses &amp; I was reimbursed,submit receipts and reimbursed with final payment,,Publicly Available,No,No,,Non Fiction General/Genre,US,No,MD,US,She/Her,Black,0-5 years,,,Female,2021-02-08,Pipe Wrench Magazine,news
648,Pipe Wrench Magazine,2021-04-25,Writer,"1,500-word essay",1500 word essay,writing and reporting,1500,essay,500,,0,,,,2 weeks or less,Direct Deposit,They reached out to me with an assignment,1st Rights,Yes,No,"Yes, but the job wasn't killed",250,Did not require overtime,Job did not expand,Did not require expenses,,Was not hazardous,Unsure,Unsure,Unsure,,Non Fiction Memoir,United States,No,PA,,She/Her,Black,15-20 years,50,"Loved it, Would recommend to others","Cis, Female",2021-04-25,Pipe Wrench Magazine,news
649,Pitchfork,2025-02-13,Writer,800-word album review,800 word album review,writing and reporting,800,review,200,,0,,8,25,2 months,Direct Deposit,They asked me to pitch,Unsure,Verbal or ‘handshake’ agreement,No,"No, but the job wasn't killed",,Unsure,Job did not expand,Did not require expenses,,Was not hazardous,Publicly Available,No,No,,Entertainment,USA,Yes,New York,USA,He/His,White,10-15 years,34,Whatevs,"Cis, Male",2025-02-13,Pitchfork,news
650,Ploughshares,2020-12-01,,Single book critical essay,single book critical essay,writing and reporting,,essay,25,per article,25,$25 per article,30,0.83,,,,,,,,,,,,,,,,,,,,No,,,,,,,,,2020-12-01,Ploughshares,ambiguous
651,Pod People,2024-11-10,"Audio Production, Copy Editor, Editor, Producer, Writer","Development Producer, focusing on content",development producer focusing on content,audio,,audio,2500,per month,2400,2400 per month,28,89.29,30 days,Direct Deposit,They asked me to pitch,Work For Hire,Yes,Yes,"No, but the job wasn't killed",,Required overtime &amp; I was compensated,Job did not expand,Required expenses &amp; I was reimbursed,"Same as other invoicing, through bill.com",Was not hazardous,No,No,No,,Editorial &amp; Opinion,,Yes,,,,,,,,,2024-11-10,Pod People,ambiguous
652,Pod People,2020-04-01,Producer,senior podcast producer,senior podcast producer,audio,,audio,21000,per episode,750,$750 per episode,,,30 days,Direct Deposit,Cold pitch - I reached out to them,Work For Hire,Yes,No,Unsure,,Did not require overtime,Job did not expand,Did not require expenses,,Was not hazardous,Unsure,No,No,,Cooking,United STtates,No,,United States,,White,Prefer not to say,,"Loved it, Would recommend to others",Female,2020-04-01,Pod People,ambiguous
653,Pod People,2020-10-01,Audio Production,"Hourly production work -- producing interviews, voice coaching host",hourly production work  producing interviews voice coaching host,audio,,audio,75,per hour,75,$75/hr (negotiated up from initial offer of $50),,,30 days,Direct Deposit,Pre-existing relationship,Work For Hire,,No,,,,,,,,,,,,,United States,Yes,New York,,She/Her,White,5-10 years,,,"Cis, Female",2020-10-01,Pod People,ambiguous
654,Pod People,2020-03-01,"Audio Production, Producer",Producing 12 epsiodes of a 20-30 minute interview podcast. Did not include audio editing.,producing 12 epsiodes of a 20 30 minute interview podcast. did not include audio editing.,audio,,audio,12000,per episode,1000,$1000 per episode: $500 on delivery of initial script and $500 on acceptance by client,,,30 days,Direct Deposit,They reached out to me with an assignment,Work For Hire,Yes,No,Unsure,,"Required a lot of work, but contract was written to be very broad so I can't say it included ""overtime."" But it was a lot!",Unsure,Did not require expenses,,Was not hazardous,No,No,No,,,US,Yes,NY,US,She/Her,White,5-10 years,,"PP said they were going to dock my pay to $850 per episode due to a production schedule issue -- deadlines moved up significantly, so they hired another freelancer to do the script writing which was part of my original scope of work. Ultimately after some discussion I did get the full rate. The pay per episode was low for the level of work required - pitching guests, booking, preparing release forms, producing remote interviews, sound checks, overseeing host tracking and scripting (I was editing the other freelancer's draft scripts and submitting them to the client), client calls and writing weekly project update emails.","Female, Cis",2020-03-01,Pod People,ambiguous
655,Poetry Foundation,2023-04-01,Poet,Archival Reprint,archival reprint,writing and reporting,,other,750,per assignment,250,$250/poem,1,750,30 days,Direct Deposit,"No pre-existing relationship, They reached out to me with an assignment",Unsure,Yes,No,"No, but the job wasn't killed",,Did not require overtime,Job expanded &amp; I was compensated,Did not require expenses,,Was not hazardous,No,No,Unsure,,Poetry Archive,United States,Yes,Ohio,United States,He/His,White,5-10 years,31,"Hated it, Would not recommend to others",Cis,2023-04-01,Poetry Foundation,not_news
656,Poetry Foundation,2019-11-20,Writer,2500-word profile,2500 word profile,writing and reporting,2500,article,1500,,0,,,,2 weeks or less,Check by mail,They reached out to me with an assignment,1st Rights,Yes,No,"Yes, but the job wasn't killed",375,Did not require overtime,Job expanded &amp; I wasn't compensated,Did not require expenses,,,Unsure,Unsure,No,,"Entertainment, I don't think their website really has sections, but it's a poetry pub.",US,Yes,NY,US,She/Her,"Jewish, White",10-15 years,36,Loved it,Female,2019-11-20,Poetry Foundation,not_news
657,Poets &amp; Writers Magazine,2023-03-16,,profile,profile,writing and reporting,,article,1000,,0,,30,33.33,,,,,,,,,,,,,,,,,,,,No,,,,,,,,,2023-03-16,Poets and Writers Magazine,ambiguous
658,Pointe Magazine,2022-09-01,Writer,author interview,author interview,writing and reporting,,article,275,,0,,,,2 months,Check by mail,Cold pitch - I reached out to them,Work For Hire,Yes,No,"No, but the job wasn't killed",,Did not require overtime,Job did not expand,,"several checks were lost in the mail, but eventually it worked out",Was not hazardous,No,No,,,Fiction General/Genre,usa,Yes,md,don't know probably ny,She/Her,Jewish,15-20 years,65,Loved it,Female,2022-09-01,Pointe Magazine,news
659,Politico Europe,2021-01-11,Illustrator,Front Page Illustration,front page illustration,graphics/design,,graphics,650,,0,,,,30 days,Direct Deposit,Cold pitch - I reached out to them,,Yes,No,,,,,,,,,,,,Editorial &amp; Opinion,United States,No,NY,,He/His,"Jewish, White",0-5 years,33,Loved it,Male,2021-01-11,Politico,news
660,Politico Magazine,2023-11-01,Writer,2500 words reported feature with travel.,2500 words reported feature with travel.,writing and reporting,2500,feature,3500,per word,1,$1 per word and travel reimbursement.,500,7,30 days,Direct Deposit,"Pre-existing relationship, They asked me to pitch",Work For Hire,Yes,Yes,"Yes, but the job wasn't killed",1250,Did not require overtime,compensated for photographs taken ($250),Required expenses &amp; I was reimbursed,"Had to file an invoice of expenses with receipts to editor. Reimbursed through Worksuite, BIll.com",Was not hazardous,No,No,No,,National News,USA,Yes,NEW YORKL,USA,She/Her,South Asian,10-15 years,35,Would recommend to others,Female,2023-11-01,Politico,news
661,Polygon,2025-02-03,Writer,streaming guide,streaming guide,writing and reporting,,other,300,,0,,5,60,30 days,Direct Deposit,Pre-existing relationship,,Yes,No,"Yes, but the job wasn't killed",150,Did not require overtime,Job did not expand,Did not require expenses,,Was not hazardous,Publicly Available,No,No,,Entertainment,USA,Yes,Massachusetts,USA,She/Her,White,10-15 years,37,Loved it,"Cis, Female",2025-02-03,Polygon,news
662,Polygon,2020-11-30,Writer,1600 word feature,1600 word feature,writing and reporting,1600,feature,350,,0,,,,New Job - Still Waiting,Direct Deposit,Pre-existing relationship,Unsure,Verbal or ‘handshake’ agreement,No,"No, but the job wasn't killed",,Did not require overtime,Job did not expand,Did not require expenses,,Hazard pay was not required,Publicly Available,Unsure,No,,Entertainment,US,No,NY,US,He/His,White,5-10 years,37,"Loved it, Would recommend to others",Cis,2020-11-30,Polygon,news
663,Polygon,2020-11-30,Writer,1000 word guide,1000 word guide,writing and reporting,1000,article,250,,0,,,,New Job - Still Waiting,,Pre-existing relationship,Unsure,Verbal or ‘handshake’ agreement,No,"No, but the job wasn't killed",,Did not require overtime,Job did not expand,Did not require expenses,,Hazard pay was not required,Publicly Available,Unsure,No,,Entertainment,US,No,NY,US,He/His,White,5-10 years,37,"Loved it, Would recommend to others",Cis,2020-11-30,Polygon,news
664,Pop Heist,2025-01-01,Writer,Trend essay,trend essay,writing and reporting,,essay,84,per word,0.06,$0.06/word flat rate for all contributors (AND worker-owners),5,16.8,2 weeks or less,Direct Deposit,"No pre-existing relationship, Cold pitch - I reached out to them",Unsure,Verbal or ‘handshake’ agreement,No,"No, but the job wasn't killed",,Did not require overtime,Job expanded &amp; I was compensated,,,Was not hazardous,Publicly Available,Publicly Available,No,,Entertainment,United States,Yes,Maryland,United States,She/Her,White,5-10 years,,"Loved it, Would recommend to others","Cis, Female",2025-01-01,Pop Heist,news
665,Pop Heist,2024-12-09,"Editor, Writer",1000 word media analysis essay,1000 word media analysis essay,writing and reporting,1000,essay,63.3,per word,0.06,$0.06 per word,3,21.1,New Job - Still Waiting,Direct Deposit,"No pre-existing relationship, Cold pitch - I reached out to them",Work For Hire,No,No,"No, but the job wasn't killed",,Did not require overtime,Job did not expand,Did not require expenses,,Was not hazardous,Publicly Available,Publicly Available,Unsure,,Entertainment,United States,No,"Washington, DC",United States,He/They,Black,0-5 years,29,Whatevs,"Cis, Male",2024-12-09,Pop Heist,news
666,Popular Science,2025-01-01,Writer,Reported story,reported story,writing and reporting,,article,350,,0,,,,,,,,,,,,,,,,,,,,,,,,,,,,,,,,2025-01-01,Popular Science,news
667,Popular Science,2021-04-01,Writer,2000 word reported feature story,2000 word reported feature story,writing and reporting,2000,feature,1500,per word,0.75,0.75 per word,,,30 days,Direct Deposit,Pre-existing relationship,I was sent WFH language and asked for a first rights agreement and got it.,Yes,No,"Yes, but the job wasn't killed",375,,Job expanded &amp; I wasn't compensated,Did not require expenses,,Was not hazardous,No,No,No,,National News,USA,Yes,NY,USA,He/His,White,10-15 years,38,Would not recommend to others,Male,2021-04-01,Popular Science,news
668,Portland Monthly,2024-09-15,Writer,500 word column,500 word column,writing and reporting,500,essay,230,per article,230,$230 per piece,3,76.67,New Job - Still Waiting,new job,Network referral,Work For Hire,Yes,No,"Yes, but the job wasn't killed",50,Did not require overtime,Job did not expand,Did not require expenses,,Was not hazardous,Unsure,No,No,,Home &amp; Garden,United States,No,WA,United States,She/Her,White,15-20 years,37,Whatevs,"Cis, Female",2024-09-15,Portland Monthly,news
669,Post Script Media,2020-06-30,Audio Production,10-episode podcast series,10 episode podcast series,audio,,audio,30000,per month,5000,5000 per month for 6 months,,,,Direct Deposit,Pre-existing relationship,,Yes,No,"No, but the job wasn't killed",,,,Did not require expenses,,,,,,,,,,,,,,,,,,2020-06-30,Post Script Media,not_news
670,POWER Engineers,2023-06-01,Designer,Social media asset production,social media asset production,writing and reporting,,social content,375,per hour,75,$75 per hour,5,75,6 weeks,Check by mail,"Pre-existing relationship, They reached out to me with an assignment",Work For Hire,Yes,No,"No, but the job wasn't killed",,Did not require overtime,Job did not expand,Did not require expenses,,Was not hazardous,No,No,No,,Technology,United States,No,Washington,United States,He/His,White,0-5 years,26,Would recommend to others,Male,2023-06-01,POWER Engineers,not_news
671,PPN Resource Central,2024-07-01,Designer,Redesigning the landing page and designing solutions to major UX issues on site.,redesigning the landing page and designing solutions to major ux issues on site.,graphics/design,,graphics,14000,per hour,65,$65 per hour,215,65.12,2 months,Check by mail,"No pre-existing relationship, They reached out to me with an assignment",Work For Hire,Yes,No,"No, but the job wasn't killed",,Did not require overtime,Job expanded &amp; I was compensated,Did not require expenses,,Was not hazardous,No,No,Yes,14000,Health &amp; Wellness,US,No,PA,US,She/Her,"East Asian, White, White Passing",0-5 years,38,"Loved it, Would recommend to others",Female,2024-07-01,PPN Resource Central,not_news
672,Prefer not to say (a very new and small indie comics publisher),2020-05-05,"Cartoonist, Illustrator","40 page graphic novel, all the artwork: pencils, inking, coloring, and lettering",40 page graphic novel all the artwork: pencils inking coloring and lettering,graphics/design,,graphics,2600,per graphic,65,$65 per page,,,2 weeks or less,Paypal,Pre-existing relationship,Shared Copyright,Verbal or ‘handshake’ agreement,No,"No, but the job wasn't killed",,Required overtime &amp; I wasn't compensated,Job expanded &amp; I wasn't compensated,Required expenses &amp; I wasn't reimbursed,,Was not hazardous,No,No,Unsure,,"Entertainment, Fiction General/Genre, Fiction Young Adult",,No,,USA,They/Their,"Southeast Asian, White Passing",0-5 years,,Loved it,Nonbinary,2020-05-05,,not_news
673,Pressland,2019-06-01,Writer,Reported piece about 1800-2000 words (don't remember for sure),reported piece about 1800 2000 words (don't remember for sure),writing and reporting,1900,article,1000,,0,,,,30 days,Direct Deposit,Cold pitch - I reached out to them,,,,,,,,,,,,,,,,United States,Yes,New York,United States,She/Her,White,5-10 years,,Loved it,"Cis, Female",2019-06-01,Pressland,not_news
674,Prevention,2024-03-11,Writer,"2,000 word feature",2000 word feature,writing and reporting,2000,feature,4000,per word,2,$2 per word,60,66.67,2 weeks or less,Direct Deposit,They reached out to me with an assignment,Work For Hire,Yes,No,"Yes, but the job wasn't killed",1000,Did not require overtime,Job did not expand,Did not require expenses,,Was not hazardous,No,No,No,,Health &amp; Wellness,USA,Yes,Maryland,USA,She/Her,"Jewish, White",5-10 years,42,Loved it,"Cis, Female",2024-03-11,Prevention,news
675,Prevention,2024-03-11,Writer,2000 word reported feature,2000 word reported feature,writing and reporting,2000,feature,4000,per word,2,$2 per word,30,133.33,New Job - Still Waiting,Direct Deposit,No pre-existing relationship,Work For Hire,Yes,No,"Yes, but the job wasn't killed",1000,Did not require overtime,Job did not expand,Did not require expenses,,Was not hazardous,No,No,No,,Science,USA,No,MD,,She/Her,"Jewish, White",5-10 years,41,Would recommend to others,"Cis, Female",2024-03-11,Prevention,news
676,Prism,2024-01-01,Writer,1800 words reporting,1800 words reporting,writing and reporting,1800,article,900,per word,0.5,$.50 per word,160,5.62,New Job - Still Waiting,Haven't been paid yet,"No pre-existing relationship, Cold pitch - I reached out to them, Network referral",Unsure,Yes,No,Unsure,,Unsure,Unsure,Required expenses &amp; I wasn't reimbursed,,"Was hazardous &amp; protective measures were not taken, Did not receive hazard pay, Hazard pay was not required",No,No,No,,National News,usa,Yes,Oregon,USA,They/Their,White,5-10 years,33,,"Genderqueer, Nonbinary",2024-01-01,Prism Reports,news
677,Prism,2024-06-01,Writer,"1,745 words, reported",1745 words reported,writing and reporting,1745,article,872.5,,0,,,,2 weeks or less,Direct Deposit,,,,,,,,,,,,,,,,,,,,,,,,,,,2024-06-01,Prism Reports,news
678,Prism Report,2023-01-19,Writer,2,2,other,,other,1113,,0,,40,27.82,,,,,,,,,,,,,,,,,,,,Yes,,,,,,,,,2023-01-19,Prism Reports,news
679,Prism Report,2022-02-17,Writer,800 words report,800 words report,writing and reporting,800,article,429,,0,no,30,14.3,,,,,,,,,,,,,,,,,,,,Yes,,,,,,,,,2022-02-17,Prism Reports,news
680,Prism Reports,2024-09-30,"Video Production, Writer, Film critic",A ~1600-word reported feature (published article nears 2000 words),a ~1600 word reported feature (published article nears 2000 words),writing and reporting,2000,feature,978,per word,0.5,$0.5 per word,,,New Job - Still Waiting,Haven't been paid yet,"Pre-existing relationship, Cold pitch - I reached out to them",Unsure,Verbal or ‘handshake’ agreement,I took personal time and used personal budget to travel and conduct interviews on site,Unsure,,,,I tried to external grant to compensate,,,Publicly Available,Publicly Available,No,,"Local News, Politics, Economy, workers rights",the U.S.,No,New York,,She/Her,East Asian,0-5 years,24,Would recommend to others,"Cis, Female",2024-09-30,Prism Reports,news
681,Private Law Firm,2019-07-01,"Writer, Web Content Developer",Content Writing,content writing,writing and reporting,,social content,230,per word,0.15,$0.15 per werd,,,2 weeks or less,Zelle,Pre-existing relationship,Work For Hire,Verbal or ‘handshake’ agreement,No,"No, but the job wasn't killed",,Did not require overtime,Job did not expand,Did not require expenses,,Was not hazardous,No,No,No,,Branded/Sponsored Content,United States,Yes,RI,United States,He/His,White,0-5 years,62,Whatevs,Male,2019-07-01,,not_news
682,Private University,2021-01-11,Writer,"1,000 words, marketing content",1000 words marketing content,writing and reporting,1000,social content,1000,per word,1,$1 per word,,,2 weeks or less,Check by mail,"Pre-existing relationship, They reached out to me with an assignment",Work For Hire,No,No,"No, but the job wasn't killed",,Did not require overtime,Job did not expand,Did not require expenses,,Was not hazardous,,,,,,United States,,FL,,She/Her,White,15-20 years,,,"Cis, Female",2021-01-11,,not_news
683,ProPublica,2020-10-01,Writer,Reported guide on voting about 1900 words,reported guide on voting about 1900 words,writing and reporting,1900,article,1965,per word,1,$1/word,,,2 weeks or less,Direct Deposit,"Pre-existing relationship, They reached out to me with an assignment",Unsure,Verbal or ‘handshake’ agreement,No,"No, but the job wasn't killed",,Did not require overtime,Job did not expand,Did not require expenses,,Was not hazardous,No,No,No,,"National News, Politics",US,Yes,NY,US,She/Her,White,5-10 years,,"Loved it, Would recommend to others","Female, Cis",2020-10-01,ProPublica,news
684,Prose Media,2025-03-15,Writer,Three blog posts,three blog posts,writing and reporting,,article,600,,0,50,12,50,2 weeks or less,Paypal,Pre-existing relationship,Unsure,Verbal or ‘handshake’ agreement,No,"No, but the job wasn't killed",,Did not require overtime,Job did not expand,Did not require expenses,,Hazard pay was not required,Unsure,Unsure,No,,Branded/Sponsored Content,United States,Yes,California,United States,He/His,White,10-15 years,34,"Loved it, Would recommend to others",Cis,2025-03-15,Prose Media,not_news
685,Protean Magazine,2021-01-01,Writer,4000 word essay,4000 word essay,writing and reporting,4000,essay,400,per word,0.1,$0.10 per word,,,2 weeks or less,Cashapp,Network referral,Unsure,Yes,No,Unsure,,Did not require overtime,Job did not expand,Did not require expenses,,Was not hazardous,No,No,Unsure,,Editorial &amp; Opinion,United States,No,Maryland,United States,She/Her,Black,0-5 years,26,Would recommend to others,"Female, Trans",2021-01-01,Protean Magazine,news
686,Protected by NDA,2022-07-01,Writer,"Full manuscript (ballpark of 60k words) prepped for layout, formatting, etc",full manuscript (ballpark of 60k words) prepped for layout formatting etc,writing and reporting,60000,other,15000,,0,,800,18.75,3 months,Direct Deposit,Network referral,Work For Hire,Yes,No,"No, &amp; the job was killed",,Required overtime &amp; I wasn't compensated,Job expanded &amp; I wasn't compensated,Required expenses &amp; I wasn't reimbursed,,Was not hazardous,No,No,Unsure,,Technology,United States,No,Idaho,United States,He/His,White,20-25 years,,Would not recommend to others,Male,2022-07-01,,not_news
687,Protocol,2019-11-15,Writer,3500 word profile of an organization,3500 word profile of an organization,writing and reporting,3500,article,7334,per word,2,$2/word,,,,,,,,,,,,,,,,,,,,,,,,,,,,,,,2019-11-15,Protocol Magazine,ambiguous
688,PRX,2025-02-01,Producer,5-minute radio piece,5 minute radio piece,audio,,audio,700,flat,700,700 flat rate,25,28,2 weeks or less,Direct Deposit,Pre-existing relationship,Unsure,No,No,Unsure,,Did not require overtime,Job did not expand,Did not require expenses,,Was not hazardous,No,No,Unsure,,International News,,No,,,,,,,,,2025-02-01,PRX Productions,ambiguous
689,Publishers Weekly,2024-01-01,Writer,2750-word reported feature package,2750 word reported feature package,writing and reporting,2750,feature,1375,per word,0.5,50 cents/word,30,45.83,30 days,Check by mail,Pre-existing relationship,Work For Hire,Yes,,,,,,,,,,,,,,,Yes,,,,,,,,,2024-01-01,Publishers Weekly,news
690,Publishers Weekly,2023-04-08,,Single Book Review,single book review,writing and reporting,,review,35,,0,,6,5.83,,,,,,,,,,,,,,,,,,,,No,,,,,,,,,2023-04-08,Publishers Weekly,news
691,Publishers Weekly,2023-09-01,,Single-book review,single book review,writing and reporting,,review,35,per article,35,$35 per review,6,5.83,,,,,,,,,,,,,,,,,,,,No,,,,,,,,,2023-09-01,Publishers Weekly,news
692,Publishers Weekly,2023-08-15,,single-book review,single book review,writing and reporting,,review,25,,0,,25,1,,,,,,,,,,,,,,,,,,,,No,,,,,,,,,2023-08-15,Publishers Weekly,news
693,Publishers Weekly,2023-09-04,,Single book review,single book review,writing and reporting,,review,35,per article,35,$35.00 per single book review,5,7,,,,,,,,,,,,,,,,,,,,No,,,,,,,,,2023-09-04,Publishers Weekly,news
694,Publishers Weekly,2023-03-22,Writer,two book listicles,two book listicles,writing and reporting,,article,1125,per word,0.5,$.50 per word,,,6 weeks,Check by mail,"Pre-existing relationship, They reached out to me with an assignment",Work For Hire,Yes,No,"No, but the job wasn't killed",,,,,,,No,No,,,,,Yes,,,,,,,,,2023-03-22,Publishers Weekly,news
695,Punch,2024-03-01,Writer,800 words about the history of the gin and tonic in India,800 words about the history of the gin and tonic in india,writing and reporting,800,article,400,,0,,5,80,2 weeks or less,Direct Deposit,"Pre-existing relationship, They asked me to pitch",Work For Hire,Verbal or ‘handshake’ agreement,No,"No, but the job wasn't killed",,Did not require overtime,Job did not expand,Did not require expenses,,Was not hazardous,Publicly Available,No,No,,Cooking,USA,Yes,New York,New York,She/Her,"South Asian, White",10-15 years,37,Loved it,"Cis, Female",2024-03-01,Punch,ambiguous
696,Punch,2022-09-01,Writer,800 words trend/lifestyle reporting,800 words trend/lifestyle reporting,writing and reporting,800,article,400,per article,400,$400 per assignment,,,30 days,Direct Deposit,Pre-existing relationship,Unsure,Verbal or ‘handshake’ agreement,No,"No, but the job wasn't killed",,Did not require overtime,Job did not expand,Did not require expenses,,Was not hazardous,Publicly Available,No,No,,Cooking,United States,Yes,New York,United STates,She/Her,"South Asian, White",10-15 years,35,"Loved it, Would recommend to others","Cis, Female",2022-09-01,Punch,ambiguous
697,PV Magazine USA,2024-01-01,Writer,400-plus word story,400 plus word story,writing and reporting,400,article,150,,0,,,,2 weeks or less,,,,,,,,,,,,,,,,,,,No,,,,,,,,,2024-01-01,pv magazine USA,ambiguous
698,Quanta Magazine,2025-02-24,Fact checker,"2,800 words fact-checking",2800 words fact checking,fact-check,2800,other,450,per hour,50,$50 per hour,9,50,2 weeks or less,Direct Deposit,Pre-existing relationship,,Yes,No,,,Did not require overtime,,,,,,,,,,USA,Yes,NY,USA,She/Her,White,0-5 years,25,"Loved it, Would recommend to others","Cis, Female",2025-02-24,Quanta Magazine,news
699,Quartz,2024-04-01,Editor,day rate editing breaking news,day rate editing breaking news,editing,,other,500,per day,500,$500 per day,7,71.43,2 months,Direct Deposit,Pre-existing relationship,Unsure,Yes,No,"No, but the job wasn't killed",0,Did not require overtime,Job did not expand,Did not require expenses,,Was not hazardous,Unsure,Unsure,Unsure,,"National News, Politics, Technology",US,Yes,CA,US,She/Her,White,10-15 years,33,Whatevs,Trans,2024-04-01,Quartz,news
700,rabble.ca,2023-02-14,Writer,"1200 words reporting, including 3 interviews",1200 words reporting including 3 interviews,writing and reporting,1200,article,111,,0,,,,2 weeks or less,Direct Deposit,They asked me to pitch,Unsure,No,No,"Yes, but the job wasn't killed","111,36",Did not require overtime,Job did not expand,Did not require expenses,,Was not hazardous,Publicly Available,Publicly Available,No,,National News,Canada,No,,Canada,She/Her,White,0-5 years,21,Loved it,"Cis, Female",2023-02-14,rabble.ca,news
701,Rapid Media (Paddling Magazine),2023-04-01,Writer,"1000 words, reported",1000 words reported,writing and reporting,1000,article,235,per word,0.2,.2 per word,15,15.67,30 days,Paypal,Cold pitch - I reached out to them,Unsure,No,No,Unsure,,,Job expanded &amp; I was compensated,Did not require expenses,,,Publicly Available,No,No,,Sports,US,No,Massachusetts,Canada,She/Her,White,10-15 years,43,Whatevs,Female,2023-04-01,Paddling Magazine,news
702,Record label,2020-11-09,"Animator, Cartoonist, Designer, Illustrator",Album cover and accompanying branding,album cover and accompanying branding,graphics/design,,graphics,250,,0,250,,,2 months,Paypal,"They reached out to me with an assignment, Network referral",Work For Hire,Verbal or ‘handshake’ agreement,No,"No, but the job wasn't killed",,Unsure,Job expanded &amp; I was compensated,Did not require expenses,,Was not hazardous,Unsure,No,No,,"Entertainment, Branded/Sponsored Content",United States,No,Maryland,United States,She/Her,Prefer not to say,10-15 years,32,"Loved it, Whatevs, Would recommend to others, It depends on the person if I’d recommend or not ","Cis, Female",2020-11-09,,not_news
703,ReedPop,2023-01-26,Writer,1200 word guide for upcoming tv series,1200 word guide for upcoming tv series,writing and reporting,1200,article,100,,0,,,,New Job - Still Waiting,Direct Deposit,"Pre-existing relationship, They asked me to pitch",Unsure,Yes,No,"No, but the job wasn't killed",,Did not require overtime,Job did not expand,Did not require expenses,"ReedPop will reimburse some of a writer's research expenses (except travel, I believe) at its discretion, but I've never gone through the process. However, in the past, my rate was more than doubled when a piece took substantially more research and time than expected. ",Was not hazardous,No,Unsure,No,,Entertainment,United States,No,CA,United States,She/He,"Jewish, White, Mexican step grandma played a significant role in raising me; our family also lived in Mexico",0-5 years,,Would recommend to others,"Female, Genderqueer, Male, Trans, bigender",2023-01-26,ReedPop,not_news
704,refinery29,2020-03-14,Writer,work on call for r29 twice / week writing 3-4 400-word to 700-word blog posts each day,work on call for r29 twice / week writing 3 4 400 word to 700 word blog posts each day,writing and reporting,550,article,200,per day,175,$150-200 / day,,,,Direct Deposit,Cold pitch - I reached out to them,Unsure,Yes,No,Unsure,,Unsure,,Unsure,,Was not hazardous,,,,,"National News, Politics",US,No,louisiana,,Prefer not to say,Prefer not to say,5-10 years,27,"Whatevs, Would recommend to others",Prefer not to say,2020-03-14,refinery29,news
705,Resident Advisor,2024-04-15,Writer,300-word review of an upcoming electronic music duo.,300 word review of an upcoming electronic music duo.,writing and reporting,300,review,100,flat,100,$100 for overall assignment.,3,33.33,30 days,Paypal,They asked me to pitch,Unsure,No,No,Unsure,,Did not require overtime,Job did not expand,Did not require expenses,,Was not hazardous,Publicly Available,Publicly Available,No,,Entertainment,United States,Yes,New York,United Kingdom,He/His,"Hispanic, Latine",0-5 years,23,Whatevs,Cis,2024-04-15,Resident Advisor,ambiguous
706,Rest of World,2021-04-05,Writer,1000 word article,1000 word article,writing and reporting,1000,article,500,,0,,,,2 weeks or less,Direct Deposit,Cold pitch - I reached out to them,Unsure,Yes,No,"No, but the job wasn't killed",,Did not require overtime,Job did not expand,Did not require expenses,,Was not hazardous,Publicly Available,Unsure,No,,Technology,Zimbabwe,No,,USA,She/Her,"Black, African",0-5 years,21,Loved it,Female,2021-04-05,Rest of World,news
707,Resy,2024-11-15,Writer,1200-word reported profile/QA,1200 word reported profile/qa,writing and reporting,1200,article,1100,flat,1100,flat rate,60,18.33,30 days,Direct Deposit,Pre-existing relationship,Work For Hire,Yes,Yes,"No, but the job wasn't killed",,Did not require overtime,Job did not expand,result of a media trip,,Was not hazardous,No,No,No,,Editorial &amp; Opinion,USA,No,PA,USA,She/Her,"Hispanic, Latine",5-10 years,39,Loved it,Female,2024-11-15,Resy,not_news
708,Resy,2024-11-01,Writer,1200 word reported restaurant feature including a QA section,1200 word reported restaurant feature including a qa section,writing and reporting,1200,feature,1100,flat,1100,1100 flat fee no hard word count limit,8,137.5,New Job - Still Waiting,Direct Deposit,Pre-existing relationship,Work For Hire,Yes,Yes,Unsure,,Did not require overtime,Job did not expand,included media trip with select meals/hotel covered,,Was not hazardous,No,No,No,,Resy.com doesn't have typical sections like the ones listed above,USA,No,Pennsylvania,USA,She/Her,Hispanic,5-10 years,38,"Loved it, Would recommend to others",Female,2024-11-01,Resy,not_news
709,Resy,2024-08-19,Writer,1000ish-word feature based on an interview with the subject,1000ish word feature based on an interview with the subject,writing and reporting,1000,feature,750,per article,750,flat $750/article,5,150,2 months,Direct Deposit,"Pre-existing relationship, They reached out to me with an assignment",Unsure,Verbal or ‘handshake’ agreement,No,Unsure,,Did not require overtime,Job did not expand,Did not require expenses,,Was not hazardous,No,Unsure,No,,dining,USA,Yes,NY,USA,She/Her,White,5-10 years,30,Loved it,"Cis, Female",2024-08-19,Resy,not_news
710,REVOLT TV,2024-08-26,"Writer, Research Assistant","Two-week contract gig as a research assistant for an upcoming true crime docuseries, where I worked approximately two weeks researching multiple criminal cases and helped book studio spaces for shoots.",two week contract gig as a research assistant for an upcoming true crime docuseries where i worked approximately two weeks researching multiple criminal cases and helped book studio spaces for shoots.,writing and reporting,,other,2000,per week,1000,"$1,000 per week.",40,50,2 months,Direct Deposit,Network referral,Work For Hire,Yes,No,"No, but the job wasn't killed",,Did not require overtime,Job expanded &amp; I wasn't compensated,Did not require expenses,,Was not hazardous,No,No,Unsure,,"Editorial &amp; Opinion, Entertainment, Non Fiction General/Genre, True Crime",United States,Yes,New York,United States,He/His,"Hispanic, Latine",0-5 years,24,Whatevs,"Cis, Male",2024-08-26,REVOLT TV,news
711,Rewire,2025-07-04,Writer,1500 words reporting,1500 words reporting,writing and reporting,1500,article,500,,0,,15,33.33,2 weeks or less,Direct Deposit,Pre-existing relationship,Unsure,Yes,No,Unsure,,,,,,,Publicly Available,,No,,,,No,Michigan,USA,,White,5-10 years,28,Would recommend to others,Nonbinary,2025-07-04,Rewire News Group,news
712,Rolling stone,2024-05-01,Writer,A multi Source reported piece for rolling stone 2500 words 8 celebrity interviews,a multi source reported piece for rolling stone 2500 words 8 celebrity interviews,writing and reporting,2500,article,500,flat,500,500 dollars for 2500 words fucking bullshit,150,3.33,30 days,Direct Deposit,Pre-existing relationship,Work For Hire,Yes,No,"No, but the job wasn't killed",,Unsure,Job expanded &amp; I wasn't compensated,Required expenses &amp; I wasn't reimbursed,,"Was not hazardous, Did not receive hazard pay",No,No,No,,Entertainment,,Yes,,,,,,,,,2024-05-01,Rolling Stone,news
713,Rolling Stone,2024-02-17,Writer,Reported longform feature,reported longform feature,writing and reporting,,feature,6000,,0,,100,60,30 days,Direct Deposit,"Pre-existing relationship, They reached out to me with an assignment",Unsure,Yes,No,"Yes, but the job wasn't killed",2000,Did not require overtime,Job did not expand,Required expenses &amp; I was reimbursed,I paid expenses and submitted invoice for reimbursment,Was not hazardous,No,No,No,,Sports,USA,Yes,NY,NY,He/His,White,10-15 years,47,"Loved it, Would recommend to others",Male,2024-02-17,Rolling Stone,news
714,Rolling Stone,2025-04-01,Writer,"2,000-2,500 words reporting",2000 2500 words reporting,writing and reporting,2250,article,1000,,0,,15,66.67,2 months,Direct Deposit,Pre-existing relationship,Unsure,No,No,Unsure,,,,Did not require expenses,,Hazard pay was not required,,,,,National News,,No,,,,,,,,,2025-04-01,Rolling Stone,news
715,Rolling Stone,2025-01-17,Writer,1100 word interview feature with a director,1100 word interview feature with a director,writing and reporting,1100,feature,450,,0,,11,40.91,30 days,Direct Deposit,Cold pitch - I reached out to them,Unsure,No,No,Unsure,,Did not require overtime,Job did not expand,Did not require expenses,,Was not hazardous,Unsure,No,No,,Entertainment,USA,Yes,MA,USA,She/Her,White,10-15 years,37,Would recommend to others,"Cis, Female",2025-01-17,Rolling Stone,news
716,Rolling Stone,2023-03-01,Writer,Reported longform feature,reported longform feature,writing and reporting,,feature,4000,per word,1,$1 per word,,,30 days,Direct Deposit,They asked me to pitch,1st Rights,Yes,No,"Yes, but the job wasn't killed",2000,Did not require overtime,Job did not expand,Required expenses &amp; I was reimbursed,"they paid for most expenses directly, reimbursed for some with receipts",Was not hazardous,No,No,No,,Sports,United States,Yes,NY,United States,He/His,White,10-15 years,46,Loved it,Cis,2023-03-01,Rolling Stone,news
717,Rolling Stone,2022-01-24,Writer,2000 word article,2000 word article,writing and reporting,2000,article,1500,,0,Expenses were also paid,,,,Check by mail,Pre-existing relationship,Work For Hire,No,No,"No, but the job wasn't killed",,Did not require overtime,Job did not expand,Required expenses &amp; I wasn't reimbursed,"Sent receipts as requested, never heard back. Sent invoice with receipts, never heard back",Was not hazardous,No,No,No,,Politics,United States,No,New York,United States,She/Her,"Arab, White",0-5 years,35,Would not recommend to others,"Cis, Female",2022-01-24,Rolling Stone,news
718,Romper,2023-06-01,,Single book review,single book review,writing and reporting,,review,500,,0,,12,41.67,,,,,,,,,,,,,,,,,,,,No,,,,,,,,,2023-06-01,Romper,news
719,Russian nonprofit organization,2021-02-01,Translator,"Translating copy from Russian to English for their website, about 15 short blurbs per month",translating copy from russian to english for their website about 15 short blurbs per month,translation,,other,200,per month,200,$200 per month,,,2 weeks or less,Direct Deposit,Pre-existing relationship,Work For Hire,Verbal or ‘handshake’ agreement,No,"No, &amp; the job wasn't killed",,Did not require overtime,Job did not expand,Did not require expenses,,Was not hazardous,,,,,International News,United States,Yes,New York,United States,She/Her,White,5-10 years,,"Loved it, the rate is much lower than what I would charge otherwise since they are a nonprofit and I'm not a professional translator. I view the amount as sort of an honorarium.","Cis, Female",2021-02-01,,not_news
720,Salon.com,2024-05-16,Writer,1k+ straight q&amp;a interview w a little intro w an actor about a show,1000 straight q&amp;a interview w a little intro w an actor about a show,writing and reporting,1000,article,150,,0,,6,25,2 weeks or less,Direct Deposit,Cold pitch - I reached out to them,Unsure,Yes,No,Unsure,,Did not require overtime,Job did not expand,,,,No,No,,,"National News, Entertainment",US,Yes,Georgia,,She/Her,Southeast Asian,0-5 years,,"Loved it, Would recommend to others","Cis, Female",2024-05-16,Salon,news
721,Salt Lake City Weekly,2016-05-01,Writer,800 words reporting,800 words reporting,writing and reporting,800,article,200,flat,200,$200 flat rate,,,30 days,Direct Deposit,Pre-existing relationship,Work For Hire,Verbal or ‘handshake’ agreement,No,"No, but the job wasn't killed",0,Did not require overtime,Job expanded &amp; I wasn't compensated,Required expenses &amp; I wasn't reimbursed,,Was not hazardous,No,No,Unsure,,"Local News, Politics",USA,No,Utah,USA,She/They,White,10-15 years,36,Would not recommend to others,Trans,2016-05-01,Salt Lake City Weekly,news
722,Salty,2023-01-01,Writer,Personal essay,personal essay,writing and reporting,,essay,0.01,,0,0,40,0,Never paid,Never paid,Network referral,Unsure,Verbal or ‘handshake’ agreement,No,"No, but the job wasn't killed",,Did not require overtime,Job did not expand,Did not require expenses,,"Was not hazardous, Was hazardous &amp; protective measures were not taken, Did not receive hazard pay",Unsure,No,Unsure,,National News,USA,Yes,CA,USA,They/Their,White,5-10 years,33,,"Genderfluid, Genderqueer, Nonbinary",2023-01-01,Salty Magazine,news
723,San Diego Magazine,2024-05-24,Writer,800 word reported online article,800 word reported online article,writing and reporting,800,article,100,per article,100,100 per article,10,10,2 months,Direct Deposit,No pre-existing relationship,Unsure,No,No,Unsure,,Did not require overtime,Job did not expand,Did not require expenses,,Was not hazardous,Unsure,Unsure,No,,"Local News, History, Non Fiction General/Genre",Netherlands,No,,United States,She/Her,White,5-10 years,,Whatevs,Prefer not to say,2024-05-24,San Diego Magazine,ambiguous
724,San Francisco Chronicle,2022-11-01,Writer,Book review,book review,writing and reporting,,review,250,,0,,,,2 months,Check by mail,They reached out to me with an assignment,Work For Hire,No,No,"No, but the job wasn't killed",,Did not require overtime,Job did not expand,Did not require expenses,,Was not hazardous,No,No,No,,Entertainment,United States,No,CA,US,He/His,East Asian,10-15 years,46,Would recommend to others,Male,2022-11-01,San Francisco Chronicle,news
725,Scalawag,2021-01-04,Writer,1200 words reporting,1200 words reporting,writing and reporting,1200,article,400,,0,,,,2 weeks or less,Paypal,Cold pitch - I reached out to them,1st Rights,Yes,No,"No, but the job wasn't killed",,,,,,,,,,,,,,,,,,,,,,2021-01-04,Scalawag Magazine,news
726,Scalawag Magazine,2024-06-01,Writer,"1,500 words, reporting",1500 words reporting,writing and reporting,1500,article,600,,0,,,,3 months,Direct Deposit,"No pre-existing relationship, Cold pitch - I reached out to them",,,,,,,,,,,,,,,,,Yes,,,,,,,,,2024-06-01,Scalawag Magazine,news
727,Scalawag Magazine,2023-01-31,Writer,"3,000 word report",3000 word report,writing and reporting,3000,article,1000,,0,,40,25,,,,,,,,,,,,,,,,,,,,Yes,,,,,,,,,2023-01-31,Scalawag Magazine,news
728,Scalawag Magazine,2022-04-21,Writer,"2,000 word report",2000 word report,writing and reporting,2000,article,860,,0,0.5,50,17.2,,,,,,,,,,,,,,,,,,,,Yes,,,,,,,,,2022-04-21,Scalawag Magazine,news
729,Scary Mommy (Bustle Digital Group),2025-01-01,Writer,"reported lifestyle feature -- roughly 600 to 1,200 words per assignment",reported lifestyle feature  roughly 600 to 1200 words per assignment,writing and reporting,900,feature,250,per article,250,$250 per story,2,125,2 weeks or less,Direct Deposit,Pre-existing relationship,Work For Hire,Yes,No,Unsure,,Did not require overtime,Job did not expand,Did not require expenses,,Was not hazardous,Unsure,No,No,,"Health &amp; Wellness, Sex &amp; Relationships",United States,Yes,New York,United States,She/Her,White,5-10 years,35,Loved it,"Cis, Female",2025-01-01,Scary Mommy,news
730,Scholastic,2023-05-01,Writer,4-page classroom magazine feature,4 page classroom magazine feature,writing and reporting,,feature,1200,,0,,15,80,2 weeks or less,Check by mail,"Pre-existing relationship, They reached out to me with an assignment",Work For Hire,Verbal or ‘handshake’ agreement,,,,,,,,,,No,,,Science,United States,Yes,,United States,She/Her,White,5-10 years,,Loved it,"Cis, Female",2023-05-01,Scholastic,ambiguous
731,Scholastic,2022-10-03,Writer,3 100-word news blurbs for classroom magazine,3 100 word news blurbs for classroom magazine,writing and reporting,300,article,450,,0,per assignment,,,,,,,,,,,,,,,,,,,,,,Yes,,,,,,,,,2022-10-03,Scholastic,ambiguous
732,Scholastic,2021-12-20,Writer,2 very short front-of-book articles for a children's science publication,2 very short front of book articles for a children's science publication,writing and reporting,,article,320,per word,1,$1 per word,,,New Job - Still Waiting,,They reached out to me with an assignment,,,,,,,,Did not require expenses,,,,,,,,United States,Yes,New York,,She/Her,White,5-10 years,,,"Cis, Female",2021-12-20,Scholastic,ambiguous
733,Scholastic Classroom Magazines,2024-12-01,Writer,1-page news round-up (with word problems),1 page news round up (with word problems),writing and reporting,,article,450,,0,,10,45,2 weeks or less,Check by mail,"Pre-existing relationship, They reached out to me with an assignment",Work For Hire,Verbal or ‘handshake’ agreement,No,"No, but the job wasn't killed",,Did not require overtime,Job did not expand,Did not require expenses,,Was not hazardous,Unsure,Unsure,No,,classroom magazine,United States,Yes,Maryland,United States,She/Her,White,5-10 years,39,"Loved it, Would recommend to others",Female,2024-12-01,Scholastic,ambiguous
734,Scholastic Magazines,2024-06-01,Writer,Magazine feature assignment expansion,magazine feature assignment expansion,writing and reporting,,feature,500,,0,,4,125,2 weeks or less,Check by mail,"Pre-existing relationship, They reached out to me with an assignment",Work For Hire,Verbal or ‘handshake’ agreement,No,"No, but the job wasn't killed",,,Job expanded &amp; I was compensated,,,,No,No,,,,US,Yes,MD,US,She/Her,White,5-10 years,,Loved it,"Cis, Female",2024-06-01,Scholastic,ambiguous
735,Scholastic MATH,2023-04-01,Writer,"Classroom magazine feature, with word problems",classroom magazine feature with word problems,writing and reporting,,feature,650,,0,,10,65,2 weeks or less,Check by mail,Pre-existing relationship,Work For Hire,Verbal or ‘handshake’ agreement,No,"No, but the job wasn't killed",,,Job did not expand,,,Was not hazardous,Unsure,Unsure,,,Classroom magazine (captive audience!),United States,Yes,Maryland,US  (NYC),She/Her,White,5-10 years,38,"Loved it, Would recommend to others",Cis,2023-04-01,Scholastic,ambiguous
736,Scholastic MATH,2022-01-01,Writer,2-page statistics feature (225 words + 4 data sets for visualization),2 page statistics feature (225 words + 4 data sets for visualization),writing and reporting,225,feature,500,,0,,,,2 weeks or less,Check by mail,They reached out to me with an assignment,Unsure,Yes,No,"No, but the job wasn't killed",,,,,,,,,,,,United States,Yes,Maryland,United States,She/Her,White,5-10 years,,Loved it,,2022-01-01,Scholastic,ambiguous
737,Science,2024-10-09,Writer,750 words reporting,750 words reporting,writing and reporting,750,article,1483,per word,1.5,$1.50 per word,20,74.15,6 weeks,Direct Deposit,"No pre-existing relationship, Cold pitch - I reached out to them",1st Rights,Yes,No,"Yes, but the job wasn't killed",375,Did not require overtime,Job did not expand,Required expenses &amp; I wasn't reimbursed,,"Was not hazardous, Hazard pay was not required",No,Publicly Available,No,,"International News, Science",United States,Yes,New York,United States,She/Her,White,0-5 years,27,"Loved it, Would recommend to others","Cis, Female",2024-10-09,Science,news
738,Science,2024-01-01,Writer,Writing a news story with multiple sources,writing a news story with multiple sources,writing and reporting,,article,900,per word,1,$1/word,,,,Direct Deposit,Pre-existing relationship,,Yes,No,,,Did not require overtime,,,,,,,,,"Health &amp; Wellness, Science",,Yes,,,,,,,,,2024-01-01,Science,news
739,Science News Explores,2024-01-01,Sensitivity Reader,Sensitivity reading two articles,sensitivity reading two articles,consulting,,article,105,per hour,70,$70/hr,1.5,70,,,,,,,,,,,,,,,,,,,,,,,,,,,,,2024-01-01,Science News Explores,news
740,Science News Explores,2023-12-07,Writer,"2,000 word feature and 500 word explainer",2000 word feature and 500 word explainer,writing and reporting,2500,feature,1900,per word,0.75,$1500 per 2000 words,23,82.61,30 days,Direct Deposit,Pre-existing relationship,Work For Hire,Yes,No,"Yes, but the job wasn't killed",800,Did not require overtime,Job did not expand,Did not require expenses,,Was not hazardous,No,No,No,,Science,USA,No,Md,USA,,"Jewish, White",5-10 years,41,Loved it,"Cis, Female",2023-12-07,Science News Explores,news
741,Science News Magazine,2024-01-22,Writer,500 words news reporting,500 words news reporting,writing and reporting,500,article,800,flat,800,$800 for 550 words plus print fee,5,160,30 days,Direct Deposit,Pre-existing relationship,Work For Hire,Yes,No,"Yes, but the job wasn't killed",250,Did not require overtime,Job did not expand,Did not require expenses,,Was not hazardous,No,No,No,,Science,USA,No,MD,USA,She/Her,"Jewish, White",5-10 years,41,Loved it,"Cis, Female",2024-01-22,Science,news
742,Scientific American,2024-01-01,Writer,400-word print news story with multiple sources,400 word print news story with multiple sources,writing and reporting,400,article,800,,0,,,,,,,1st Rights,Yes,No,"Yes, but the job wasn't killed",200,Did not require overtime,Job did not expand,Did not require expenses,,Was not hazardous,,,,,,USA,No,,,,White,5-10 years,,"Loved it, Would recommend to others",,2024-01-01,Scientific American,news
743,Scientific American,2024-07-01,Writer,1000 word oped,1000 word oped,writing and reporting,1000,op/ed,1000,per word,1,$1/word,4,250,2 weeks or less,Direct Deposit,Pre-existing relationship,Work For Hire,Yes,No,"No, but the job wasn't killed",,Did not require overtime,Job did not expand,Did not require expenses,,Was not hazardous,No,No,No,,Editorial &amp; Opinion,USA,Yes,Maryland,USA,She/Her,"Jewish, White",5-10 years,42,Whatevs,"Cis, Female",2024-07-01,Scientific American,news
744,Scientific American,2024-04-12,Writer,1000 word op ed,1000 word op ed,writing and reporting,1000,op/ed,1000,per word,1,1/word,8,125,30 days,Direct Deposit,Pre-existing relationship,Work For Hire,Yes,No,"Yes, but the job wasn't killed",500,Did not require overtime,Job did not expand,Did not require expenses,,Was not hazardous,Publicly Available,No,No,,Editorial &amp; Opinion,USA,Yes,MD,USA,She/Her,"Jewish, White",10-15 years,41,Loved it,Female,2024-04-12,Scientific American,news
745,Scientific American,2024-02-26,Writer,1000 word op-ed,1000 word op ed,writing and reporting,1000,op/ed,1000,per word,1,$1 per word,5,200,30 days,Direct Deposit,Pre-existing relationship,Work For Hire,Yes,No,"Yes, but the job wasn't killed",250,Did not require overtime,Job did not expand,Did not require expenses,,Was not hazardous,No,No,No,,"Editorial &amp; Opinion, Science",USA,No,MD,USA,She/Her,"Jewish, White",5-10 years,41,Loved it,"Cis, Female",2024-02-26,Scientific American,news
746,Scientific American,2021-02-25,Writer,650-800 word Article,650 800 word article,writing and reporting,725,article,1000,,0,,,,,,,,,,,,,,,,,,,,,,,,,,,,,,,,2021-02-25,Scientific American,news
747,Scientific American,2021-02-25,Writer,1000 word opinion,1000 word opinion,writing and reporting,1000,op/ed,500,flat,500,Flat rate,,,,,,,,,,,,,,,,,,,,,,,,,,,,,,,2021-02-25,Scientific American,news
748,Scientific American online,2020-10-22,Writer,"800 words, medium reporting",800 words medium reporting,writing and reporting,800,article,800,,0,,,,30 days,Direct Deposit,Cold pitch - I reached out to them,1st Rights,Yes,No,"Yes, but the job wasn't killed",,Did not require overtime,Job did not expand,Did not require expenses,,Was not hazardous,Unsure,Unsure,No,,Science,United States,No,CO,United States,She/Her,White,0-5 years,,Would recommend to others,Female,2020-10-22,Scientific American,news
749,Scorebook Live,2021-02-15,Writer,"800-word story, 30-second video, 5 photos",800 word story 30 second video 5 photos,writing and reporting,800,video,125,,0,,,,2 weeks or less,Check by mail,Pre-existing relationship,Work For Hire,No,No,"No, but the job wasn't killed",,Did not require overtime,Job did not expand,Required expenses &amp; I wasn't reimbursed,,Was not hazardous,No,No,No,,Sports,United States,No,Washington,United States,He/His,White,15-20 years,40,Loved it,Male,2021-02-15,Scorebook Live,news
750,Screen Rant,2023-03-22,Writer,"1500+ word listicle, along with finding and editing 12 images",1500+ word listicle along with finding and editing 12 images,writing and reporting,1500,article,30,,0,30 (plus $5 bonus if I wrote 20 such features and had a large number of views),,,New Job - Still Waiting,Paypal,They asked me to pitch,Work For Hire,,No,"No, but the job wasn't killed",,,Job expanded &amp; I wasn't compensated,Did not require expenses,,Was not hazardous,No,No,,,Entertainment,United States,No,New York,United States,She/Her,White,10-15 years,,Hated it,"Cis, Female",2023-03-22,Screen Rant,news
751,Sea of Reeds Media,2025-04-09,Writer,1200 word analysis,1200 word analysis,writing and reporting,1200,article,60,per article,60,Every article from this publication pays $60,2,30,New Job - Still Waiting,Check by mail,Pre-existing relationship,Unsure,Verbal or ‘handshake’ agreement,No,"Yes, but the job wasn't killed",60,Did not require overtime,Job did not expand,Did not require expenses,,Was not hazardous,No,No,No,,Entertainment,United States,No,Illinois,United States,He/His,White,10-15 years,37,"Loved it, Would recommend to others",Cis,2025-04-09,Sea of Reeds Media,ambiguous
752,Second Wave Media,2024-10-16,Writer,Longform feature reporting,longform feature reporting,writing and reporting,,feature,200,per article,200,$200 per piece,12,16.67,2 months,Direct Deposit,Pre-existing relationship,Unsure,Unsure,No,"No, but the job wasn't killed",,Did not require overtime,Job did not expand,Required expenses &amp; I wasn't reimbursed,,Was not hazardous,Publicly Available,No,No,,"Local News, Environment",United States,Yes,Michigan,United States,She/Her,White,0-5 years,33,Whatevs,"Cis, Female",2024-10-16,Second Wave Media,news
753,self,2024-06-15,Editor,"developmental editorial letter, short form",developmental editorial letter short form,writing and reporting,,op/ed,700,,0,,20,35,6 weeks,Check by mail,Network referral,Work For Hire,Verbal or ‘handshake’ agreement,No,"No, but the job wasn't killed",,Did not require overtime,Job did not expand,Did not require expenses,,Hazard pay was not required,No,No,No,,Non Fiction Memoir,US,No,New York,US,She/Her,Jewish,25 &amp; up,58,Would not recommend to others,Female,2024-06-15,SELF,news
754,Self,2022-06-01,"Writer, Social media",Social media writing and management,social media writing and management,writing and reporting,,social content,14000,per hour,50,50 per hour,,,2 weeks or less,Direct Deposit,"Pre-existing relationship, They asked me to pitch",Unsure,Yes,No,,,Did not require overtime,Job did not expand,Did not require expenses,,Was not hazardous,No,Unsure,Unsure,,Politics,United States,Yes,Texas,United States,She/Her,White,20-25 years,45,I sort of created the role and I don't know if there will be others in this role.,"Cis, Female",2022-06-01,SELF,news
755,SELF,2019-01-01,Writer,"Short reported fitness feature, about 1000-ish words",short reported fitness feature about 1000 ish words,writing and reporting,1000,feature,350,,0,,,,30 days,Direct Deposit,Pre-existing relationship,I think they got basically all rights but it wasn't a work for hire.,Yes,No,,,,,,,,,,,,Health &amp; Wellness,United States,Yes,New York,United States,She/Her,White,5-10 years,38,"Would recommend to others, Editor was great, legal team initially sent a work for hire contract and I asked for a better one. Initial offer was $300 and negotiated up","Cis, Female",2019-01-01,SELF,news
756,Self published author,2020-08-01,Illustrator,"Wrap-around novel cover, full detail (illustration only, no design or letterwork)",wrap around novel cover full detail (illustration only no design or letterwork),graphics/design,,graphics,1200,,0,,,,New Job - Still Waiting,Paypal,Pre-existing relationship,Shared Copyright,Yes,No,"Yes, but the job wasn't killed",,Did not require overtime,Job did not expand,Did not require expenses,,Was not hazardous,No,No,No,,Fiction Young Adult,USA,No,NY,USA,They/Their,White Passing,10-15 years,38,Loved it,Nonbinary,2020-08-01,,not_news
757,Sentient Media,2024-07-01,"Video Production, Writer",2-minute video - script and filming,2 minute video  script and filming,film/video,,video,250,flat,200,flat rate + rush fee of $50,6,41.67,30 days,Direct Deposit,"Pre-existing relationship, They reached out to me with an assignment",Unsure,Verbal or ‘handshake’ agreement,No,"Yes, but the job wasn't killed",100,Did not require overtime,Job did not expand,Did not require expenses,,Was not hazardous,No,No,Unsure,,"National News, Politics, Health &amp; Wellness, Technology, Science",USA,Yes,NY,USA,She/Her,White,0-5 years,24,Would recommend to others,"Cis, Female",2024-07-01,Sentient Media,news
758,Sentient Media,2024-05-03,Writer,"2,100 words reporting",2100 words reporting,writing and reporting,2100,article,1050,per word,0.5,$0.50 per word,,,30 days,Direct Deposit,"No pre-existing relationship, Cold pitch - I reached out to them",https://sentientmedia.org/freelance-charter/,No,No,"Yes, but the job wasn't killed",525,Required overtime &amp; I was compensated,Job expanded &amp; I was compensated,Did not require expenses,,Was not hazardous,Publicly Available,No,Unsure,,"National News, Politics, Health &amp; Wellness, Technology, Science",USA,Yes,NY,USA,She/Her,White,0-5 years,24,"The contract situation was funky and I was not comfortable with it at first. I was originally offered a laughable rate, but the editor met my baseline rate when I counteroffered. The actual editing and reporting experience was good, and I appreciated an open communication style. ","Cis, Female",2024-05-03,Sentient Media,news
759,Serious Eats (owned by Dotdash Meredith),2024-01-01,"Writer, Recipe developer",500-1000w flat rate recipe development and write up,500 1000w flat rate recipe development and write up,writing and reporting,750,article,350,,0,,15,23.33,30 days,Direct Deposit,Pre-existing relationship,Unsure,Yes,No,Unsure,,Flat rate regardless of time spent,Job did not expand,Required expenses &amp; I was reimbursed,The reimbursement process requires submitting a line item on your payment invoice and submitting images of receipts by email. It was fairly straightforward.,Hazard pay was not required,Publicly Available,No,No,,Cooking,,Yes,,,,White,5-10 years,,Would recommend to others,Cis,2024-01-01,Serious Eats,news
760,SharkNinja,2022-01-03,Editor,"copy editor for technical writing, commercial packaging,  and advertisements",copy editor for technical writing commercial packaging and advertisements,editing,,other,12000,per hour,30,$30 per hour,,,2 weeks or less,Direct Deposit,,,Yes,No,,,Did not require overtime,,,,,,,,,,United States of America,Yes,Massachusetts,,They/Their,Jewish,10-15 years,35,liked it *until* they prematurely terminated the contract during my hospitalization leading into my pre-scheduled bereavement time for a family funeral!,Genderqueer,2022-01-03,SharkNinja,not_news
761,Shelterforce,2024-03-14,"Audio Production, Writer",1700-2000 words reporting + audio tracking,1700 2000 words reporting + audio tracking,writing and reporting,1850,audio,1025,,0,,,,30 days,Paypal,"No pre-existing relationship, Cold pitch - I reached out to them",Unsure,Yes,No,Unsure,,,Job did not expand,Did not require expenses,,Was not hazardous,,,,,"National News, Local News, Health &amp; Wellness",U.S.,No,NY,,She/Her,White,5-10 years,28,Loved it,Cis,2024-03-14,Shelterforce,ambiguous
762,Shondaland,2023-01-01,,Author profile,author profile,writing and reporting,,article,750,per article,750,$750 per piece,10,75,,,,,,,,,,,,,,,,,,,,No,,,,,,,,,2023-01-01,Shondaland,not_news
763,Shondaland,2022-11-01,,Essay,essay,writing and reporting,,essay,600,per article,600,$600 per essay,5,120,,,,,,,,,,,,,,,,,,,,No,,,,,,,,,2022-11-01,Shondaland,not_news
764,Shondaland Digital Media,2023-07-01,Writer,Author interview,author interview,writing and reporting,,article,550,,0,,,,30 days,Direct Deposit,Cold pitch - I reached out to them,,Yes,No,"No, but the job wasn't killed",,,,,,,,,,,,,No,,,,,,,,,2023-07-01,Shondaland,not_news
765,Sierra,2025-01-01,Writer,"`1,000 words reported",`1000 words reported,writing and reporting,1000,article,450,,0,,,,,,,,,,,,,,,,,,,,,,,,,,,,,,,,2025-01-01,Sierra Magazine,ambiguous
766,Sierra,2025-01-01,Writer,"1,00 word story",100 word story,writing and reporting,100,article,500,,0,,,,2 weeks or less,Direct Deposit,"Pre-existing relationship, They reached out to me with an assignment",Work For Hire,Yes,No,"Yes, but the job wasn't killed",,,,,,,,,,,,United States,No,,,He/His,,,,Loved it,,2025-01-01,Sierra Magazine,ambiguous
767,Sierra,2025-01-01,Writer,1200-word reported story,1200 word reported story,writing and reporting,1200,article,550,,0,,11.5,47.83,New Job - Still Waiting,Haven't been paid yet,Pre-existing relationship,1st Rights,Yes,No,"Yes, but the job wasn't killed",225,Did not require overtime,Job did not expand,Required expenses &amp; I wasn't reimbursed,,Was not hazardous,,,,,,United States,No,North Carolina,United States,He/His,White,5-10 years,33,"Loved it, Would recommend to others",Male,2025-01-01,Sierra Magazine,ambiguous
768,Sierra Magazine,2025-08-28,Writer,1200 words reported story for web,1200 words reported story for web,writing and reporting,1200,article,600,,0,,15.5,38.71,New Job - Still Waiting,Haven't been paid yet,Pre-existing relationship,,Yes,No,"Yes, but the job wasn't killed",200,Did not require overtime,Job did not expand,Did not require expenses,,,Publicly Available,Publicly Available,Unsure,,,United States,No,North Carolina,United States,He/His,White,5-10 years,34,Loved it,"Cis, Male",2025-08-28,Sierra Magazine,ambiguous
769,Sierra Magazine,2024-09-23,Writer,1000 words written profile,1000 words written profile,writing and reporting,1000,article,600,,0,,15,40,30 days,Direct Deposit,"Pre-existing relationship, Spec work - job was done prior to communication",,Yes,No,"Yes, but the job wasn't killed",,Did not require overtime,Job did not expand,Did not require expenses,,Was not hazardous,No,No,,,"National News, Science",USA,No,NY,USA,She/Her,White,0-5 years,25,"I enjoy working with the Sierra team, but there was one editor who wanted to rush publication at the expense of wrong or outdated information in the profile, which I had to fight against. ","Cis, Female",2024-09-23,Sierra Magazine,ambiguous
770,Sierra Magazine,2024-04-12,Writer,100 words reporting,100 words reporting,writing and reporting,1000,article,500,per word,0.5,0.50/word,30,16.67,New Job - Still Waiting,Direct Deposit,Pre-existing relationship,Work For Hire,Yes,Yes,"Yes, but the job wasn't killed",250,Did not require overtime,Job did not expand,Required expenses &amp; I was reimbursed,File receipts and submit,"Was hazardous &amp; protective measures were taken, Hazard pay was not required",Publicly Available,No,No,,Science,USA,Yes,MD,USA,She/Her,"Jewish, White",10-15 years,41,Loved it,Female,2024-04-12,Sierra Magazine,ambiguous
771,Sierra Magazine,2023-02-01,Writer,"4,000 word reported feature",4000 word reported feature,writing and reporting,4000,feature,5000,per word,1.25,$1.25/word,60,83.33,30 days,Direct Deposit,Pre-existing relationship,Work For Hire,Yes,Yes,"Yes, but the job wasn't killed",2500,Did not require overtime,Job did not expand,Required expenses &amp; I was reimbursed,Submit invoice and expenses were reimbursed,Was not hazardous,No,No,No,,Science,USA,No,MD,,She/Her,"Jewish, White",5-10 years,,Loved it,"Cis, Female",2023-02-01,Sierra Magazine,ambiguous
772,Silver Sprocket,2016-07-07,Cartoonist,Full page illustration + lettering + coloring,full page illustration + lettering + coloring,graphics/design,,graphics,50,flat,50,50 flat,,,30 days,Paypal,"They reached out to me with an assignment, Network referral",Unsure,Verbal or ‘handshake’ agreement,No,"No, but the job wasn't killed",,All work was done when they asked to purchase,Job did not expand,Did not require expenses,,Work was done beforehand,Unsure,No,Unsure,,Zine sold at concerts,United States,No,CA,United States,They/Their,White,5-10 years,26,Would not recommend to others,"Nonbinary, Trans",2016-07-07,Silver Sprocket,not_news
773,Simon &amp; Schuster,2020-05-01,Illustrator,Young adult book cover illustration.,young adult book cover illustration.,graphics/design,,graphics,2000,flat,1500,$1500 for illustration with $500 for additional edits.,,,30 days,Check by mail,They reached out to me with an assignment,Work For Hire,Yes,No,"No, but the job wasn't killed",,Did not require overtime,Job did not expand,Did not require expenses,,,No,No,No,,Fiction Young Adult,United States,No,Virginia,United States,She/Her,White,0-5 years,,Would recommend to others,"Cis, Female",2020-05-01,Simon and Schuster,not_news
774,Simon and Schuster Publishing — Tiller Press,2020-01-01,Illustrator,"Roughly 36 spot illustrations for publication, full color",roughly 36 spot illustrations for publication full color,graphics/design,,graphics,4000,,0,,,,2 weeks or less,Direct Deposit,They reached out to me with an assignment,Unsure,Yes,No,"No, but the job wasn't killed",,Did not require overtime,Job did not expand,,,Was not hazardous,,Unsure,,,"Entertainment, Non Fiction General/Genre",United States,No,Massachusetts,United States,She/Her,White,0-5 years,25,"Loved it, Would recommend to others","Cis, Female",2020-01-01,Simon and Schuster,not_news
775,Simons Foundation,2024-02-01,Writer,1200-word reported story,1200 word reported story,writing and reporting,1200,article,1645,per word,1.5,$1.50 per word,,,30 days,Direct Deposit,Pre-existing relationship,Unsure,Yes,No,"Yes, but the job wasn't killed",,,Job expanded &amp; I was compensated,Did not require expenses,,,Unsure,,,,Science,United States,No,New Jersey,United States,She/Her,White,10-15 years,36,Loved it,"Cis, Female",2024-02-01,Simons Foundation,not_news
776,Singapore Unbound -- Suspect Magazine,2023-04-01,,Single book review,single book review,writing and reporting,,review,100,,0,,10,10,,,,,,,,,,,,,,,,,,,,No,,,,,,,,,2023-04-01,Singapore Unbound,news
777,Skincare company,2020-11-02,Designer,brand guidelines,brand guidelines,consulting,,other,6000,per hour,75,$75 per hour,,,New Job - Still Waiting,Haven't been paid yet,Network referral,Unsure,Yes,No,"No, &amp; the job was killed",,Required overtime &amp; I was compensated,Job expanded &amp; I was compensated,Did not require expenses,,Was not hazardous,No,No,,,,United State,,New York,United States,She/Her,White,5-10 years,,Loved it,Female,2020-11-02,,not_news
778,Skybound,2020-02-15,Writer,Scripting and editing a podcast (story editing),scripting and editing a podcast (story editing),editing,,audio,15000,per week,2000,2000/week,,,2 months,Direct Deposit,"They reached out to me with an assignment, Network referral",Work For Hire,Yes,No,"No, but the job wasn't killed",,Required overtime &amp; I wasn't compensated,Job expanded &amp; I wasn't compensated,Did not require expenses,,"Was not hazardous, Did not receive hazard pay",No,No,No,,Entertainment,United States,No,New York,United States,She/Her,White,10-15 years,35,"Hated it, Would not recommend to others",Female,2020-02-15,Skybound,not_news
779,Skymill,2020-12-27,Animator,20 Second Animation,20 second animation,graphics/design,,graphics,350,,0,,,,2 weeks or less,Direct Deposit,Network referral,Work For Hire,Yes,No,Unsure,,Required overtime &amp; I wasn't compensated,Job expanded &amp; I was compensated,Required expenses &amp; I wasn't reimbursed,,Hazard pay was not required,No,No,Unsure,,Entertainment,Philippines,No,,United States,They/Their,South Asian,0-5 years,29,"Loved it, Would not recommend to others",Nonbinary,2020-12-27,,not_news
780,Slate,2025-09-09,Writer,"1,200 word lightly reported trend piece",1200 word lightly reported trend piece,writing and reporting,1200,article,400,,0,,8,50,30 days,Direct Deposit,Network referral,1st Rights,Yes,No,"No, but the job wasn't killed",,Did not require overtime,Job did not expand,Did not require expenses,,Hazard pay was not required,Unsure,Unsure,No,,Cooking,USA,Yes,New York,USA,She/Her,"South Asian, White",15-20 years,38,Would recommend to others,"Cis, Female",2025-09-09,Slate Magazine,news
781,Slate,2025-01-01,Writer,"1,200 words cultural criticism",1200 words cultural criticism,writing and reporting,1200,op/ed,400,,0,,10,40,30 days,Direct Deposit,"Pre-existing relationship, They reached out to me with an assignment",Unsure,,,,,Did not require overtime,Job did not expand,Did not require expenses,,,Publicly Available,No,,,"Editorial &amp; Opinion, Health &amp; Wellness",us,Yes,ny,us,,,,,Would recommend to others,Female,2025-01-01,Slate Magazine,news
782,Slate,2024-08-01,Writer,1200-word culture essay,1200 word culture essay,writing and reporting,1200,essay,500,,0,,6,83.33,2 weeks or less,Direct Deposit,Pre-existing relationship,1st Rights,Yes,No,"Yes, but the job wasn't killed",,,,,,,,,,,"Politics, History",,Yes,,,,,,,,,2024-08-01,Slate Magazine,news
783,Slate,2024-01-01,Writer,1000 words reporting,1000 words reporting,writing and reporting,1000,article,400,,0,,,,30 days,Direct Deposit,"Pre-existing relationship, They reached out to me with an assignment",Unsure,Yes,No,Unsure,,Did not require overtime,Job did not expand,Did not require expenses,,Was not hazardous,Publicly Available,No,No,,Health &amp; Wellness,US,No,NY,US,She/Her,White,5-10 years,34,"Loved it, Would recommend to others",Female,2024-01-01,Slate Magazine,news
784,Slate,2020-07-01,Writer,Reported feature (~2000 words),reported feature (~2000 words),writing and reporting,2000,feature,2000,,0,,,,30 days,Direct Deposit,"They reached out to me with an assignment, Network referral",1st Rights,Yes,No,"No, but the job wasn't killed",,Did not require overtime,Job did not expand,Required expenses &amp; I wasn't reimbursed,,"Was hazardous &amp; protective measures were taken, Did not receive hazard pay",Publicly Available,Unsure,Yes,1800,"National News, Local News, Politics",US,No,NY,US,He/His,"East Asian, White",5-10 years,28,Would recommend to others,Cis,2020-07-01,Slate Magazine,news
785,Slate,2018-10-01,Writer,800 word analysis,800 word analysis,writing and reporting,800,article,200,,0,,,,30 days,Direct Deposit,Cold pitch - I reached out to them,Unsure,Unsure,No,"No, but the job wasn't killed",,Did not require overtime,,,direct deposit/wire transfer,Was not hazardous,No,No,Unsure,,International News,United States,No,New York,United States,He/His,Middle Eastern,5-10 years,32,Would recommend to others,Cis,2018-10-01,Slate Magazine,news
786,Slate,2019-02-15,Writer,"1,075-word first-person ""Rabbit Holes"" column","1075 word first person ""rabbit holes"" column",writing and reporting,1075,article,200,per article,200,$200 per piece,,,6 weeks,Direct Deposit,Cold pitch - I reached out to them,Unsure,Yes,No,Unsure,,Did not require overtime,Job did not expand,Did not require expenses,,"Was not hazardous, Hazard pay was not required",Unsure,Unsure,No,,"Editorial &amp; Opinion, Entertainment",United States,No,Texas,United States,She/Her,White,5-10 years,34,"Loved it, Would recommend to others","Cis, Female",2019-02-15,Slate Magazine,news
787,Slate,2020-11-18,Writer,900 words reporting,900 words reporting,writing and reporting,900,article,300,,0,,,,New Job - Still Waiting,Direct Deposit,Cold pitch - I reached out to them,,Yes,No,,,,Job expanded &amp; I was compensated,Did not require expenses,,,Publicly Available,No,,,Editorial &amp; Opinion,USA,No,TX,,She/Her,East Asian,0-5 years,26,Loved it,Female,2020-11-18,Slate Magazine,news
788,Slate,2019-12-15,Writer,Lighly reported essay of about 1200 words,lighly reported essay of about 1200 words,writing and reporting,1200,essay,400,flat,400,flat $400,,,30 days,Direct Deposit,Cold pitch - I reached out to them,Unsure,Yes,No,"Yes, but the job wasn't killed",,Did not require overtime,Job did not expand,Did not require expenses,,Was not hazardous,Unsure,No,No,,"Editorial &amp; Opinion, Technology, Home &amp; Garden",US,Yes,NY,US,She/Her,White,5-10 years,,Loved it,"Female, Cis",2019-12-15,Slate Magazine,news
789,Slate Magazine,2023-05-08,Writer,"2,000 word report",2000 word report,writing and reporting,2000,article,500,,0,,40,12.5,,,,,,,,,,,,,,,,,,,,Yes,,,,,,,,,2023-05-08,Slate Magazine,news
790,Slate Media Group,2021-10-30,Writer,Transcribed &amp; edited interview,transcribed &amp; edited interview,writing and reporting,,other,335,,0,,,,Over 3 months,Direct Deposit,Cold pitch - I reached out to them,Work For Hire,Yes,No,"Yes, but the job wasn't killed",,Did not require overtime,Job did not expand,Did not require expenses,,Was not hazardous,Publicly Available,No,No,,History,Italy,No,,USA,He/His,White,5-10 years,30,Would not recommend to others,Male,2021-10-30,Slate Magazine,news
791,Small independent media company,2021-02-01,Audio Production,"Producing an 8-part narrative series in a team (two senior producers, two APs - I'm one of the senior producers)",producing an 8 part narrative series in a team (two senior producers two aps  i'm one of the senior producers),audio,,audio,60000,per month,10000,"$10,000 per month",,,2 weeks or less,Direct Deposit,Cold pitch - I reached out to them,Work For Hire,Yes,No,Unsure,,Did not require overtime,Job did not expand,Required expenses &amp; I was reimbursed,pretty quick after an initial hiccup with the reimbursement software,Was not hazardous,No,Publicly Available,No,,"Health &amp; Wellness, Science, History",United States,Yes,New York,United States,She/Her,White,5-10 years,,Would recommend to others,"Cis, Female",2021-02-01,,not_news
792,SmithGroup,2021-02-25,Writer,Contracted to ghostwrite two articles 800-1000 words in length,contracted to ghostwrite two articles 800 1000 words in length,writing and reporting,900,article,2000,flat,1000,Flat rate of $1000 per piece,,,30 days,Direct Deposit,Cold pitch - I reached out to them,Work For Hire,Verbal or ‘handshake’ agreement,No,"No, but the job wasn't killed",,Did not require overtime,Job did not expand,Did not require expenses,,Was not hazardous,No,Publicly Available,No,,Architecture &amp; Design,United States of America,No,Texas,United States of America,She/Her,Black,0-5 years,25,"Loved it, Would recommend to others","Cis, Female",2021-02-25,SmithGroup,not_news
793,Smithsonian,2025-01-23,Writer,1500 words reporting,1500 words reporting,writing and reporting,1500,article,500,flat,500,$500 flat rate for 1200-1500 words,20,25,30 days,Direct Deposit,Cold pitch - I reached out to them,Unsure,No,No,Unsure,,Did not require overtime,Job did not expand,Did not require expenses,,"Was not hazardous, Hazard pay was not required",Publicly Available,No,No,,Science,United States,No,New York,United States,She/Her,White,0-5 years,28,"Whatevs, Would recommend to others","Cis, Female",2025-01-23,Smithsonian Magazine,ambiguous
794,Smithsonian Digital Studios,2020-04-12,Audio Production,One season Podcast Production,one season podcast production,audio,,audio,47250,per hour,50,$50/hr,,,30 days,Direct Deposit,Network referral,,Yes,"Would have been onsite but, pandemic",,,Did not require overtime,Job expanded &amp; I was compensated,Required expenses &amp; I was reimbursed,Submit receipt,Hazard pay was not required,,,,,"Science, History",United States,,Maryland/DC,United States,She/Her,White,5-10 years,,"Loved it, Would recommend to others","Cis, Female",2020-04-12,Smithsonian Magazine,ambiguous
795,Smithsonian Magazine,2024-04-17,Writer,1000 word reported feature story,1000 word reported feature story,writing and reporting,1000,feature,2000,per word,2,$2/word,20,100,30 days,Direct Deposit,They reached out to me with an assignment,1st Rights,Yes,Yes,"Yes, but the job wasn't killed",300,Did not require overtime,Job did not expand,Did not require expenses,,Was not hazardous,Unsure,Unsure,No,,Sports,South Africa,No,,United States,She/Her,White,10-15 years,35,Loved it,"Cis, Female",2024-04-17,Smithsonian Magazine,ambiguous
796,Smithsonian Magazine,2020-12-01,Writer,800 word reported essay,800 word reported essay,writing and reporting,800,essay,2000,flat,2000,flat rate,,,2 weeks or less,Direct Deposit,Network referral,1st Rights,Yes,No,"Yes, but the job wasn't killed",667,Did not require overtime,Job did not expand,Did not require expenses,,"Was not hazardous, Hazard pay was not required",Unsure,Unsure,No,,"International News, National News, Travel, History, Non Fiction Memoir",United States,No,FL,United States,She/Her,"White, White Passing",10-15 years,37,"Loved it, Would recommend to others",Female,2020-12-01,Smithsonian Magazine,ambiguous
797,Smithsonian Magazine,2021-03-01,Writer,"Ongoing contract: Digital contributor to Smart News section of Smithsonian magazine's website -- in essence, a contract to write one 500-800 word aggregated news story per day and up to two Feature-length articles for the website per month",ongoing contract: digital contributor to smart news section of smithsonian magazine's website  in essence a contract to write one 500 800 word aggregated news story per day and up to two feature length articles for the website per month,writing and reporting,,feature,600,per article,60,"$60 per writing, producing and editing short daily article; $350 per writing, editing and producing feature length web story",,,2 weeks or less,Direct Deposit,Pre-existing relationship,Unsure,Yes,No,"Yes, but the job wasn't killed",150,Did not require overtime,Job did not expand,Required expenses &amp; I was reimbursed,"Occasionally I'll incur an accidental expense -- i.e. accidentally paying for a subscription to a news site that I needed to access for the job -- and I will include that expense in my bi-weekly invoice, per approval from my editor and the Web EIC",Was not hazardous,No,No,Unsure,,"International News, National News, Science, History, Arts and culture, Museums",United States,No,IL,United States,She/Her,White,0-5 years,23,Whatevs,"Cis, Female",2021-03-01,Smithsonian Magazine,ambiguous
798,Social chain media,2020-12-11,Illustrator,Illustrations to be animated for social media,illustrations to be animated for social media,graphics/design,,graphics,1050,per graphic,50,$50/ illustration (21 total),,,New Job - Still Waiting,Haven't been paid yet,"Pre-existing relationship, They reached out to me with an assignment",Work For Hire,Yes,No,"No, but the job wasn't killed",,Did not require overtime,Job expanded &amp; I was compensated,Did not require expenses,,Was not hazardous,Unsure,No,No,,"Politics, Editorial &amp; Opinion, Health &amp; Wellness, Science",United States of America,No,New York,United States of America,She/Her,White,0-5 years,23,Would recommend to others,Cis,2020-12-11,Social Chain Media,not_news
799,Society for Neuroscience,2024-06-04,Editor,Editing press releases,editing press releases,editing,,other,675,per hour,100,100 per hour,5,135,2 weeks or less,Direct Deposit,Pre-existing relationship,Work For Hire,Yes,No,"No, but the job wasn't killed",,Did not require overtime,Job did not expand,Did not require expenses,,Was not hazardous,No,No,No,,Science,USA,Yes,Maryland,USA,She/Her,"Jewish, White",5-10 years,42,Whatevs,"Cis, Female",2024-06-04,Society for Neuroscience,not_news
800,Society for Science,2024-04-30,Writer,800 word news story,800 word news story,writing and reporting,800,article,875,,0,,15,58.33,2 weeks or less,Direct Deposit,They reached out to me with an assignment,Unsure,Yes,No,"Yes, but the job wasn't killed",162.5,Did not require overtime,Job expanded &amp; I was compensated,Did not require expenses,,Was not hazardous,No,Unsure,No,,Science,USA,Yes,DC,USA,She/Her,White,0-5 years,29,Whatevs,Female,2024-04-30,Society for Science,not_news
801,Sojourners,2024-05-01,Writer,A feature-profile on community organizers.,a feature profile on community organizers.,writing and reporting,,feature,175,,0,,10,17.5,30 days,Check by mail,Cold pitch - I reached out to them,1st Rights,No,No,"Yes, &amp; the job was killed",175,Did not require overtime,Job did not expand,Did not require expenses,,Was not hazardous,Publicly Available,No,No,,"Politics, Non Fiction General/Genre",United States,Yes,Kansas,United States,He/His,"Hispanic, White",0-5 years,26,Would recommend to others,Male,2024-05-01,Sojourners,ambiguous
802,Southerly,2020-03-01,Writer,Reported story,reported story,writing and reporting,,article,471,per word,0.75,75 cents a word,,,2 weeks or less,Check by mail,"Pre-existing relationship, They asked me to pitch",,,,,,,,,,,,,,,Local News,,No,,,She/Her,White,0-5 years,,"Loved it, Would recommend to others",Female,2020-03-01,Southerly,news
803,SPIN,2024-01-01,Writer,"2,000 word story",2000 word story,writing and reporting,2000,article,250,,0,,,,,,,,,,,,,,,,,,,,,,,No,,,,,,,,,2024-01-01,SPIN,news
804,Splinter,2017-05-07,"Producer, Video Production, Videographer",Short video,short video,film/video,,video,600,flat,600,"600 for full video shooting, interviews, transcribing",80,7.5,2 months,Direct Deposit,"No pre-existing relationship, They asked me to pitch",Work For Hire,Yes,Yes,Unsure,,Required overtime &amp; I wasn't compensated,Job expanded &amp; I wasn't compensated,Required expenses &amp; I wasn't reimbursed,,"Was hazardous &amp; protective measures were not taken, Did not receive hazard pay",No,Publicly Available,Unsure,,International News,USA,Yes,Arizona,USA,They/Their,White,0-5 years,33,"Whatevs, Would not recommend to others","Genderfluid, Genderqueer, Nonbinary",2017-05-07,Splinter,news
805,Sports Illustrated,2021-04-15,Writer,two-part feature story series,two part feature story series,writing and reporting,,feature,2000,,0,,,,New Job - Still Waiting,Check by mail,Pre-existing relationship,Work For Hire,Yes,No,,,Unsure,Job did not expand,Did not require expenses,,Was not hazardous,No,No,No,,Sports,United States,No,Illinois,United States,She/Her,White,5-10 years,27,Loved it,Female,2021-04-15,Sports Illustrated,news
806,Spotify,2020-02-01,"Producer, Writer","Podcast producer, freelance",podcast producer freelance,audio,,audio,14000,per hour,75,"$75/hr, 20hr/week contract",,,2 weeks or less,Direct Deposit,"They reached out to me with an assignment, Network referral",Work For Hire,Yes,Yes,"No, &amp; the job was killed",0,Did not require overtime,Job expanded &amp; I was compensated,Required expenses &amp; I was reimbursed,,Was not hazardous,Unsure,Unsure,No,,Entertainment,USA,No,CA,,She/Her,White,5-10 years,28,Would recommend to others,Female,2020-02-01,Spotify,not_news
807,Spotify (Science Vs.),2025-03-03,Fact checker,Fact-checking for an episode (script) of Science Vs.,fact checking for an episode (script) of science vs.,fact-check,,other,357.5,per hour,55,$55 per hour,6.5,55,2 weeks or less,Direct Deposit,"Pre-existing relationship, They reached out to me with an assignment",,Yes,,,,Did not require overtime,Job did not expand,Did not require expenses,,,,,,,,USA,Yes,NY,USA,She/Her,White,0-5 years,25,"Loved it, Would recommend to others","Cis, Female",2025-03-03,Science Vs.,news
808,Springer Nature,2024-01-01,Writer,1000 word news story,1000 word news story,writing and reporting,1000,article,1450,per word,1.45,$1.45/word,,,30 days,Direct Deposit,Pre-existing relationship,1st Rights,Yes,No,"Yes, but the job wasn't killed",725,Did not require overtime,Job did not expand,Did not require expenses,,Was not hazardous,No,No,,,,USA,No,,,,White,10-15 years,,,,2024-01-01,Springer Nature,ambiguous
809,Springer Nature,2024-01-01,Writer,2400 word feature story,2400 word feature story,writing and reporting,2400,feature,3840,per word,1.6,$1.60/word,,,30 days,Direct Deposit,Pre-existing relationship,1st Rights,Yes,No,"Yes, but the job wasn't killed",1920,Did not require overtime,Job did not expand,Did not require expenses,,Was not hazardous,No,No,No,,,USA,No,,,,White,10-15 years,,"Loved it, Would recommend to others",,2024-01-01,Springer Nature,ambiguous
810,Springer Nature,2024-06-19,Writer,research highlight (short news story),research highlight (short news story),writing and reporting,,article,237.5,per word,1.25,$1.25/word,,,New Job - Still Waiting,Direct Deposit,Pre-existing relationship,,,,,,,,,,,,,,,Science,USA,Yes,D.C.,UK,She/Her,White,0-5 years,29,Loved it,Female,2024-06-19,Springer Nature,ambiguous
811,Springer Nature,2024-05-14,Writer,800 word news story,800 word news story,writing and reporting,800,article,841.25,per word,1.25,$1.25/word,8,105.16,New Job - Still Waiting,Haven't been paid yet,They reached out to me with an assignment,Unsure,Yes,No,"Yes, but the job wasn't killed",,Did not require overtime,Job did not expand,Did not require expenses,,Was not hazardous,,Unsure,No,,"Science, History",USA,Yes,D.C.,U.K.,She/Her,White,5-10 years,29,Loved it,Female,2024-05-14,Springer Nature,ambiguous
812,Sprudge Magazine,2024-08-01,Writer,1200 words,1200 words,writing and reporting,1200,article,300,,0,,12,25,30 days,Direct Deposit,Pre-existing relationship,Work For Hire,Verbal or ‘handshake’ agreement,No,,,,,,,,No,No,,,coffee culture,United States,No,,United States,She/Her,"Jewish, White",5-10 years,,"Would recommend to others, same pay rate even if deeply researched; requires a lot of work",Cis,2024-08-01,Sprudge Magazine,ambiguous
813,SSENSE,2020-05-11,Writer,800 word essay,800 word essay,writing and reporting,800,essay,1000,,0,,,,30 days,Direct Deposit,"Pre-existing relationship, Cold pitch - I reached out to them",Work For Hire,,No,"No, but the job wasn't killed",,Did not require overtime,,Did not require expenses,,,,,,,,United States,Yes,New York,Canada,He/His,Black,5-10 years,29,Loved it,Cis,2020-05-11,SSENSE,ambiguous
814,SSENSE,2021-01-06,Writer,400 word personal essay,400 word personal essay,writing and reporting,400,essay,300,,0,,,,6 weeks,Direct Deposit,They reached out to me with an assignment,,,,,,,,,,,,,,,,,Yes,,,,,,,,,2021-01-06,SSENSE,ambiguous
815,SSENSE,2020-05-31,Writer,essay about jumpsuits - about 800 words,essay about jumpsuits  about 800 words,writing and reporting,800,essay,800,per word,1,one dollar per assigned word,,,,Direct Deposit,They reached out to me with an assignment,Unsure,Unsure,No,Unsure,,Did not require overtime,Job did not expand,Did not require expenses,,Was not hazardous,Unsure,Unsure,No,,,,Yes,,,,,,,Loved it,,2020-05-31,SSENSE,ambiguous
816,SSENSE,2020-05-01,Writer,1200 word essay,1200 word essay,writing and reporting,1200,essay,1500,,0,,,,30 days,Direct Deposit,"Pre-existing relationship, They reached out to me with an assignment",,,,,,,,,,,,,,,,United States,Yes,NY,Canada,She/Her,East Asian,5-10 years,28,"Loved it, Would recommend to others","Cis, Female",2020-05-01,SSENSE,ambiguous
817,Stab Magazine,2024-09-24,Writer,1500 words reporting,1500 words reporting,writing and reporting,1500,article,350,,0,,,,30 days,Direct Deposit,"No pre-existing relationship, Cold pitch - I reached out to them",,No,No,"No, &amp; the job was killed",,,,,,,No,No,No,,,USA,No,CA,USA,She/Her,White,15-20 years,37,Whatevs,"Cis, Female",2024-09-24,Stab Magazine,news
818,Stacker Media,2021-04-01,Writer,"7,000 words on entertainment for a ranking of best movies in a genre",7000 words on entertainment for a ranking of best movies in a genre,writing and reporting,7000,article,150,flat,150,"$150/7,000 words (standard feature-length piece)",,,30 days,Direct Deposit,They reached out to me with an assignment,Work For Hire,Yes,No,"No, but the job wasn't killed",,Unsure,Job did not expand,Did not require expenses,,Was not hazardous,Publicly Available,No,No,,Entertainment,United States,No,NY,United States,She/Her,White,0-5 years,28,Whatevs,Female,2021-04-01,Stacker Media,not_news
819,Stanford Social Innovation Review,2025-01-01,Writer,600 words reported,600 words reported,writing and reporting,600,article,600,,0,,,,,,,,,,,,,,,,,,,,,,,,,,,,,,,,2025-01-01,Stanford Social Innovation Review,ambiguous
820,Stanford Social Innovation Review,2024-12-01,Writer,600 words reporting,600 words reporting,writing and reporting,600,article,600,,0,,,,,,,,,,,,,,,,,,,,,,,,,,,,,,,,2024-12-01,Stanford Social Innovation Review,ambiguous
821,Stanford Social Innovation Review,2024-11-01,Writer,600 words reported,600 words reported,writing and reporting,600,article,600,,0,,,,,,,,,,,,,,,,,,,,,,,,,,,,,,,,2024-11-01,Stanford Social Innovation Review,ambiguous
822,Stanford Social Innovation Review,2024-08-01,Writer,"1,500 words, reported",1500 words reported,writing and reporting,1500,article,1600,,0,,,,30 days,Direct Deposit,Pre-existing relationship,,,,,,,,,,,,,,,,,Yes,,,,,,,,,2024-08-01,Stanford Social Innovation Review,ambiguous
823,Stanford Social Innovation Review,2024-08-01,Writer,"700 words, reported",700 words reported,writing and reporting,700,article,600,,0,,,,30 days,Direct Deposit,,,,,,,,,,,,,,,,,,Yes,,,,,,,,,2024-08-01,Stanford Social Innovation Review,ambiguous
824,Stanford Social Innovation Review,2024-06-01,Writer,"1,600 words, reported",1600 words reported,writing and reporting,1600,article,1600,,0,,,,30 days,Check by mail,,,,,,,,,,,,,,,,,,,,,,,,,,,2024-06-01,Stanford Social Innovation Review,ambiguous
825,Stanford Social Innovation Review,2024-05-01,Writer,"1,600 words, reported",1600 words reported,writing and reporting,1600,article,1600,,0,,,,6 weeks,Direct Deposit,,,,,,,,,,,,,,,,,,,,,,,,,,,2024-05-01,Stanford Social Innovation Review,ambiguous
826,Stanford Social Innovation Review,2024-02-02,Writer,"700 words, reported",700 words reported,writing and reporting,700,article,600,,0,,,,30 days,Direct Deposit,,,,,,,,,,,,,,,,,,,,,,,,,,,2024-02-02,Stanford Social Innovation Review,ambiguous
827,Stanford Social Innovation Review,2024-02-02,Writer,"700 words, reported",700 words reported,writing and reporting,700,article,600,,0,,,,30 days,Direct Deposit,,,,,,,,,,,,,,,,,,,,,,,,,,,2024-02-02,Stanford Social Innovation Review,ambiguous
828,Stanford Social Innovation Review,2022-06-06,,Single Book Review,single book review,writing and reporting,,review,600,,0,,20,30,,,,,,,,,,,,,,,,,,,,No,,,,,,,,,2022-06-06,Stanford Social Innovation Review,ambiguous
829,State government,2020-03-01,"Editor, Writer, Web content strategy",Create and edit web content. Provide web content strategy.,create and edit web content. provide web content strategy.,editing,,other,200000,per hour,100,$100 per hour,,,30 days,Direct Deposit,They reached out to me with an assignment,Work For Hire,Yes,Yes,"No, but the job wasn't killed",,Did not require overtime,Job expanded &amp; I was compensated,Did not require expenses,,Was not hazardous,Publicly Available,No,No,,Government information,United States,No,,United States,She/Her,White,25 &amp; up,,Loved it,,2020-03-01,,not_news
830,States Newsroom,2021-12-01,Writer,"5,000 word newspaper series",5000 word newspaper series,writing and reporting,5000,article,2500,per word,0.5,$0.50 per word,,,New Job - Still Waiting,Direct Deposit,Cold pitch - I reached out to them,1st Rights,Verbal or ‘handshake’ agreement,No,"No, but the job wasn't killed",,Did not require overtime,Job did not expand,Did not require expenses,,Was not hazardous,No,No,Unsure,,Education,USA,No,MT,USA,Prefer not to say,White,5-10 years,,"Loved it, Would recommend to others",Prefer not to say,2021-12-01,States Newsroom,news
831,States Newsroom,2020-08-10,Writer,900-word story,900 word story,writing and reporting,900,article,175,flat,175,175 flat fee,,,30 days,Direct Deposit,They reached out to me with an assignment,,Verbal or ‘handshake’ agreement,No,"No, but the job wasn't killed",,Did not require overtime,Job expanded &amp; I wasn't compensated,,,,,,,,,,,,,,,,,,,2020-08-10,States Newsroom,news
832,Static Media,2024-08-01,Writer,Daily writing assignments,daily writing assignments,writing and reporting,,article,21,per hour,21,$21/hour,,,2 weeks or less,Direct Deposit,Pre-existing relationship,Work For Hire,Yes,No,Unsure,,Did not require overtime,,Did not require expenses,,Hazard pay was not required,Unsure,Publicly Available,No,,Cooking,United States,No,New York,United States,She/Her,Jewish,25 &amp; up,64,Whatevs,Female,2024-08-01,Static Media,not_news
833,Static Media,2021-01-14,Writer,5 hour shifts writing 1-2 Looper articles per shift,5 hour shifts writing 1 2 looper articles per shift,writing and reporting,,article,420,per hour,0,$21 per hour,,,2 weeks or less,Direct Deposit,Network referral,Work For Hire,Yes,No,"No, &amp; the job was killed",,Did not require overtime,Job did not expand,Did not require expenses,,Was not hazardous,Unsure,Publicly Available,No,,Entertainment,United States,Yes,PA,United States,He/His,White,5-10 years,31,Whatevs,Male,2021-01-14,Static Media,not_news
834,Stereogum,2024-01-03,Writer,1600-word album review,1600 word album review,writing and reporting,1600,review,300,,0,,40,7.5,2 weeks or less,Direct Deposit,"No pre-existing relationship, They reached out to me with an assignment",Unsure,Unsure,No,Unsure,,,Job did not expand,Did not require expenses,,Was not hazardous,No,No,No,,Entertainment,United States,Yes,Florida,United States,She/Her,"Hispanic, Latine, White",5-10 years,28,Would recommend to others,"Cis, Female",2024-01-03,Stereogum,news
835,StoryCorps,2020-05-01,"Audio Production, Producer",Produce audio from original pitch to run on NPR,produce audio from original pitch to run on npr,audio,,audio,2000,per hour,50,$50 per hour,,,30 days,Check by mail,Pre-existing relationship,Work For Hire,Yes,Yes,"Yes, &amp; the job was killed",,Unsure,Job expanded &amp; I was compensated,Required expenses &amp; I was reimbursed,Invoicing,Was not hazardous,No,No,Unsure,,National News,United States,No,NY,United States,She/Her,White,0-5 years,26,Would not recommend to others,Cis,2020-05-01,StoryCorps,news
836,Streetsensensemedia.org,2021-09-07,Writer,Freelance article Re:housinghimeless Social Justice advocacy,freelance article re:housinghimeless social justice advocacy,writing and reporting,,article,25,,0,Not applicable,,,30 days,Check by mail,"Pre-existing relationship, Spec work - job was done prior to communication",Unsure,No,No,"No, &amp; the job was killed",,Did not require overtime,Job did not expand,Did not require expenses,,Hazard pay was not required,No,No,Yes,10,Local News,USA,No,Dc,Usa,She/Her,Black,25 &amp; up,69,Loved it,Female,2021-09-07,Street Sense Media,news
837,Substack,2021-11-01,Editor,Editing a newsletter writer over the span at a cap of 12 hours a month,editing a newsletter writer over the span at a cap of 12 hours a month,editing,,other,1200,per hour,100,$100 per hour,,,New Job - Still Waiting,Direct Deposit,Network referral,Unsure,Yes,No,"No, but the job wasn't killed",,Did not require overtime,Job did not expand,Did not require expenses,,Hazard pay was not required,No,Unsure,No,,,United States,Yes,New York,United States,He/His,Black,5-10 years,29,Loved it,"Cis, Male",2021-11-01,Substack,not_news
838,Success,2025-02-06,Editor,"Editing 1,000 word story",editing 1000 word story,editing,,other,70,per hour,35,35.00 per hour,2,35,30 days,Direct Deposit,No pre-existing relationship,Unsure,Yes,No,Unsure,,,Job expanded &amp; I was compensated,Did not require expenses,Monthly submission of invoices,,Publicly Available,Publicly Available,No,,,U.S.A.,No,,U.S.A.,She/Her,Prefer not to say,,,,Female,2025-02-06,Success Magazine,news
839,Sunday Times Magazine,2020-04-20,Illustrator,Editorial feature,editorial feature,writing and reporting,,feature,600,,0,,,,30 days,Direct Deposit,"Pre-existing relationship, They reached out to me with an assignment",1st Rights,Yes,No,"Yes, but the job wasn't killed",450,Did not require overtime,Job did not expand,Did not require expenses,,Was not hazardous,No,No,No,,"National News, Editorial &amp; Opinion",United Kingdom,No,,UK,They/Their,White,0-5 years,,Whatevs,"Female, Nonbinary, Trans",2020-04-20,The Sunday Times Magazine,news
840,Symmetry magazine,2024-04-01,Writer,"Write a 1,200-word reported story",write a 1200 word reported story,writing and reporting,1200,article,2625,per word,1.25,$1.25 per word,12,218.75,30 days,Check by mail,Pre-existing relationship,Unsure,,No,,,,Job expanded &amp; I was compensated,Did not require expenses,,,,,No,,Science,USA,Yes,New Jersey,USA,She/Her,White,15-20 years,36,"Loved it, Would recommend to others","Cis, Female",2024-04-01,symmetry magazine,news
841,TalkPoverty,2020-09-28,Writer,Reported web article,reported web article,writing and reporting,,article,500,,0,,,,,,Pre-existing relationship,,,,,,,,,,,,,,,,United States,Yes,NY,United States,She/Her,White,10-15 years,36,"Loved it, Would recommend to others","Cis, Female",2020-09-28,TalkPoverty,ambiguous
842,TASTE,2025-08-29,Writer,"1,000 words lightly reported trend piece",1000 words lightly reported trend piece,writing and reporting,1000,article,700,,0,,8,87.5,30 days,Direct Deposit,Pre-existing relationship,Unsure,Verbal or ‘handshake’ agreement,No,"No, but the job wasn't killed",,Did not require overtime,Job did not expand,Did not require expenses,,Was not hazardous,Publicly Available,No,No,,Cooking,USA,Yes,New York,USA,She/Her,"South Asian, White",15-20 years,38,Would recommend to others,"Cis, Female",2025-08-29,TASTE,news
843,Taste Cooking,2020-06-10,Writer,800-word story on Bakers Against Racism,800 word story on bakers against racism,writing and reporting,800,article,450,,0,,,,,Direct Deposit,Pre-existing relationship,Unsure,No,No,"Yes, but the job wasn't killed",,,,,,,Unsure,Unsure,No,,,United States,Yes,Pennsylvania,,She/Her,White,5-10 years,33,Loved it,"Cis, Female",2020-06-10,TASTE,news
844,Tasting Table,2024-10-01,Writer,Review piece,review piece,writing and reporting,,review,123,per word,0.1,"10 cents per word for original photography, 8 cents per word without photos",10,12.3,2 weeks or less,Direct Deposit,Pre-existing relationship,Unsure,Yes,No,Unsure,,,Job did not expand,Required expenses &amp; I was reimbursed,Easy. Submitted receipts and was reimbursed in my next paycheck.,Was not hazardous,No,No,No,,Food Review,USA,No,New York,USA,Prefer not to say,Prefer not to say,Prefer not to say,,Whatevs,Prefer not to say,2024-10-01,Tasting Table,news
845,TAX Magazine,2024-04-16,Writer,3000 word reported essay on the history of ketamine use in nightlife,3000 word reported essay on the history of ketamine use in nightlife,writing and reporting,3000,essay,700,flat,700,$700 for total assignment,20,35,6 weeks,Paypal,Cold pitch - I reached out to them,Shared Copyright,Yes,No,"No, but the job wasn't killed",,Did not require overtime,Job did not expand,Did not require expenses,,Was hazardous &amp; protective measures were taken,Publicly Available,Publicly Available,No,,"Entertainment, Health &amp; Wellness, History",United States,Yes,New York,Los Angeles,He/His,"Hispanic, Latine",0-5 years,23,Loved it,"Cis, Male",2024-04-16,TAX Magazine,ambiguous
846,Teen Vogue,2024-12-01,Writer,"1,200 words reported",1200 words reported,writing and reporting,1200,article,450,,0,,,,,,,,,,,,,,,,,,,,,,,,,,,,,,,,2024-12-01,Teen Vogue,news
847,Teen Vogue,2024-01-01,Writer,"Regular column (about 1,500 words)",regular column (about 1500 words),writing and reporting,1500,article,500,flat,0,500 flat,3,166.67,6 weeks,Direct Deposit,Pre-existing relationship,Unsure,Unsure,No,"No, but the job wasn't killed",,Did not require overtime,Job did not expand,Did not require expenses,,Was not hazardous,Unsure,No,No,,"National News, Editorial &amp; Opinion, History",USA,Yes,PA,USA,She/Her,White,20-25 years,37,Loved it,"Cis, Female",2024-01-01,Teen Vogue,news
848,Teen Vogue,2020-06-15,Writer,"1,200-word reporting",1200 word reporting,writing and reporting,1200,article,400,,0,,,,30 days,Direct Deposit,Cold pitch - I reached out to them,1st Rights,Yes,No,"No, but the job wasn't killed",,Did not require overtime,Job did not expand,Did not require expenses,,Was not hazardous,No,Unsure,No,,"National News, Politics",US,Yes,New York,US,She/Her,"Jewish, White",5-10 years,30,Loved it,"Cis, Female",2020-06-15,Teen Vogue,news
849,Templeton Foundation,2024-05-08,Writer,"Writing, reporting, editing a feature length piece",writing reporting editing a feature length piece,editing,,feature,3000,per word,1.5,$1.50/word,20,150,New Job - Still Waiting,Direct Deposit,Pre-existing relationship,Work For Hire,Yes,No,"Yes, but the job wasn't killed",1500,Did not require overtime,Job did not expand,Did not require expenses,,Was not hazardous,No,No,No,,Science,USA,No,MD,USA,She/Her,"Jewish, White",5-10 years,41,"Loved it, Would recommend to others",Female,2024-05-08,Templeton Ideas,ambiguous
850,Templeton Ideas,2024-01-17,Writer,"2,000 word feature reporting",2000 word feature reporting,writing and reporting,2000,feature,2500,per word,1.25,$1.25 per word,40,62.5,30 days,Direct Deposit,They reached out to me with an assignment,Work For Hire,Yes,No,"Yes, but the job wasn't killed",1275,Did not require overtime,Job did not expand,Did not require expenses,,Was not hazardous,No,No,No,,Science,USA,No,MD,USA,She/Her,"Jewish, White",5-10 years,41,Loved it,"Cis, Female",2024-01-17,Templeton Ideas,ambiguous
851,Texas Monthly,2022-11-15,Illustrator,"Illustration accompanying a cocktail recipe, approx. 2"" x 2.5""","illustration accompanying a cocktail recipe approx. 2"" x 2.5""",graphics/design,,graphics,450,,0,,,,6 weeks,Check by mail,Pre-existing relationship,,Yes,No,,,,,,,,,,,,Cooking,,No,,,She/Her,"East Asian, White, White Passing",5-10 years,,"Loved it, Would recommend to others",Female,2022-11-15,Texas Monthly,news
852,Texas Monthly,2021-05-01,Writer,"Freelance reporting/writing assignment, ~1500 words",freelance reporting/writing assignment ~1500 words,writing and reporting,1500,article,750,per word,0.5,$0.50/word,,,30 days,Direct Deposit,Pre-existing relationship,Work For Hire,Yes,No,Unsure,,Did not require overtime,Job did not expand,Did not require expenses,,Was not hazardous,No,No,Unsure,,Entertainment,United States,No,Texas,US,He/His,White,5-10 years,36,Loved it,Male,2021-05-01,Texas Monthly,news
853,Textbroker,2024-01-27,Writer,Ghostwriting web content,ghostwriting web content,writing and reporting,,article,25,per word,0.04,Average of .04 cents per word,3,8.33,2 weeks or less,Paypal,,Work For Hire,Yes,No,"No, but the job wasn't killed",,Unsure,Job expanded &amp; I wasn't compensated,Did not require expenses,,,,,No,,Web copy for company websites,United States,Yes,Florida,Unknown,she/they,White,5-10 years,44,"Hated it, Would not recommend to others","Genderfluid, Genderqueer",2024-01-27,Textbroker,not_news
854,The American Prospect,2021-04-30,Writer,3000+-word investigative feature reporting,3000+ word investigative feature reporting,writing and reporting,3000,feature,800,,0,$800 (was told this was the max budget for online-only stories),,,2 weeks or less,Bill.com/direct deposit,"Cold pitch - I reached out to them, Network referral",1st Rights,Yes,No,Unsure,,Did not require overtime,Job did not expand,Did not require expenses,,"Was not hazardous, Did not receive hazard pay, Hazard pay was not required",Publicly Available,No,No,,"National News, Politics",US,No,NY,US,He/His,"East Asian, White",5-10 years,28,Loved it,Male,2021-04-30,The American Prospect,news
855,The American Prospect,2020-08-01,Writer,1750 word reporting,1750 word reporting,writing and reporting,1750,article,500,,0,,,,,,,,,,,,,,,,,,,,,,,,,,,,,,,,2020-08-01,The American Prospect,news
856,The American Prospect,2020-08-10,Writer,2000 word reported print feature,2000 word reported print feature,writing and reporting,2000,feature,2300,,0,,,,30 days,Check by mail,"Pre-existing relationship, They reached out to me with an assignment",,,,,,,,,,,,,,,,United States,Yes,NY,United States,She/Her,White,15-20 years,36,"Loved it, Would recommend to others","Cis, Female",2020-08-10,The American Prospect,news
857,The American Prospect,2020-11-16,Writer,"1,200 words reporting",1200 words reporting,writing and reporting,1200,article,500,,0,,,,,,Pre-existing relationship,,,,,,,,,,,,,,,,United States,Yes,NY,United States,She/Her,White,10-15 years,36,"Loved it, Would recommend to others","Cis, Female",2020-11-16,The American Prospect,news
858,The Appeal,2024-12-18,Writer,1500 words reporting,1500 words reporting,writing and reporting,1500,article,1500,per word,1,$1 per word,24,62.5,,,"No pre-existing relationship, Cold pitch - I reached out to them, Network referral",1st Rights,Yes,No,"Yes, but the job wasn't killed",300,Did not require overtime,Job did not expand,Did not require expenses,,,Publicly Available,Publicly Available,,,Politics,US,Yes,,,,White,5-10 years,,,,2024-12-18,The Appeal,news
859,The Appeal,2023-06-08,Writer,Reported article,reported article,writing and reporting,,article,1200,per word,1,$1 per word,25,48,,,,,,,,,,,,,,,,,,,USA,Yes,MN,USA,She/Her,White,10-15 years,,Would recommend to others,Female,2023-06-08,The Appeal,news
860,The Appeal,2020-09-07,Writer,1500 words reporting,1500 words reporting,writing and reporting,1500,article,1566,,0,,,,30 days,Check by mail,Pre-existing relationship,,Yes,,,,,,,,,,,,,,United States,Yes,NY,United States,She/Her,White,10-15 years,36,"Whatevs, Would recommend to others","Cis, Female",2020-09-07,The Appeal,news
861,The Art Newspaper,2020-06-09,Writer,800-word reported story,800 word reported story,writing and reporting,800,article,600,per word,0.5,50 cents/word,,,30 days,Direct Deposit,Pre-existing relationship,Unsure,Unsure,No,Unsure,,Did not require overtime,Job expanded &amp; I was compensated,Did not require expenses,,,No,No,No,,"Entertainment, They're an exclusively art-focused pub.",US,Yes,NY,US,She/Her,"Jewish, White",10-15 years,46,Would recommend to others,Female,2020-06-09,The Art Newspaper,news
862,The Assembly,2025-06-09,Writer,2500 words reporting,2500 words reporting,writing and reporting,2500,article,2500,,0,,67,37.31,New Job - Still Waiting,Haven't been paid yet,Pre-existing relationship,1st Rights,Yes,,"Yes, but the job wasn't killed",750,,Job did not expand,Required expenses &amp; I was reimbursed,Add to invoice,,Publicly Available,Publicly Available,Unsure,,Religion,United States,,North Carolina,United States,He/His,White,5-10 years,34,Loved it,"Cis, Male",2025-06-09,The Assembly,news
863,The Assembly,2025-01-28,Writer,"2,500 words reporting",2500 words reporting,writing and reporting,2500,article,2500,,0,,68,36.76,New Job - Still Waiting,,Pre-existing relationship,"worldwide license to reproduce, duplicate, display, distribute or transmit the work in all media, known or hereafter known",Yes,,"Yes, but the job wasn't killed",750,,Job did not expand,Required expenses &amp; I was reimbursed,Submit mileage with invoice,,Publicly Available,Publicly Available,No,,,United States,No,North Carolina,United States,He/His,White,5-10 years,33,Loved it,Male,2025-01-28,The Assembly,news
864,The Assembly,2025-02-24,Writer,Day rate reporting,day rate reporting,writing and reporting,,other,428.4,per day,350,$350 per day,8,53.55,New Job - Still Waiting,Haven't been paid yet,Pre-existing relationship,,No,Yes,"No, but the job wasn't killed",,Did not require overtime,Job did not expand,Required expenses &amp; I was reimbursed,Included mileage as part of invoice.,,,,,,Local News,United States,No,North Carolina,United States,He/His,White,5-10 years,33,Loved it,Male,2025-02-24,The Assembly,news
865,The Assembly,2024-12-01,Writer,Roughly 2000 words reported story,roughly 2000 words reported story,writing and reporting,2000,article,2000,,0,,46,43.48,,,Pre-existing relationship,,Yes,No,"Yes, but the job wasn't killed",,,Job did not expand,Did not require expenses,,,,,,,Local News,United States,No,North Carolina,,He/His,White,5-10 years,33,Loved it,Male,2024-12-01,The Assembly,news
866,The Atavist,2019-08-31,Writer,10k word reported feature/essay,10k word reported feature/essay,writing and reporting,10000,feature,6000,flat,6000,$6000 flat fee for the piece plus significant expenses paid in advance ($1700),,,,,,,,,,,,,,,,,,,,,,,,,,,,,,,2019-08-31,The Atavist Magazine,news
867,The Atlantic,2024-11-08,Writer,Book recommendation list,book recommendation list,writing and reporting,,article,750,flat,750,$750 flat rate (the very highest they pay),20,37.5,6 weeks,Direct Deposit,"Pre-existing relationship, They reached out to me with an assignment",,Yes,No,,,,Job did not expand,Did not require expenses,,Was not hazardous,No,No,No,,,US,No,California,US,She/Her,"Jewish, White",10-15 years,34,"Loved it, Would recommend to others",Female,2024-11-08,The Atlantic,news
868,The Atlantic,2025-04-15,Writer,"1200 word book essay assigned, turned out to be 2,200 in the end",1200 word book essay assigned turned out to be 2200 in the end,writing and reporting,2200,essay,750,flat,750,750.00 flat fee,20,37.5,30 days,Check by mail,Pre-existing relationship,Work For Hire,Yes,No,Unsure,,Did not require overtime,Job expanded &amp; I wasn't compensated,Did not require expenses,,Was not hazardous,No,No,No,,Non Fiction General/Genre,ISA,No,New York,USA,She/Her,White,10-15 years,,Loved it,Female,2025-04-15,The Atlantic,news
869,The Atlantic,2024-12-01,Writer,"Book list of 5 books, 1500 words or so?",book list of 5 books 1500 words or so?,writing and reporting,1500,article,750,,0,,12,62.5,,,,,,,,,,,,,,,,,,,,Yes,,,,,,,,,2024-12-01,The Atlantic,news
870,The Atlantic,2024-05-01,Writer,"Book criticism, 1500 words",book criticism 1500 words,writing and reporting,1500,review,750,,0,,20,37.5,,,,,,,,,,,,,,,,,,,,Yes,,,,,,,,,2024-05-01,The Atlantic,news
871,The Atlantic,2024-11-25,Writer,1500 word book review,1500 word book review,writing and reporting,1500,review,750,,0,,22,34.09,30 days,Direct Deposit,,,,,,,,,,,,,,,,,,Yes,,,,,,,,,2024-11-25,The Atlantic,news
872,The Atlantic,2024-05-01,Writer,Book review - print,book review  print,writing and reporting,,review,2000,,0,,,,,,,,,,,,,,,,,,,,,,,,,,,,,,,,2024-05-01,The Atlantic,news
873,The Atlantic,2024-05-01,Writer,Book review - web,book review  web,writing and reporting,,review,1000,,0,,,,,,,,,,,,,,,,,,,,,,,,,,,,,,,,2024-05-01,The Atlantic,news
874,The Atlantic,2023-12-01,Writer,1000 words on Gaza,1000 words on gaza,writing and reporting,1000,article,400,per article,400,400 per piece,20,20,30 days,Direct Deposit,"Cold pitch - I reached out to them, Spec work - job was done prior to communication",Unsure,Unsure,No,"No, but the job wasn't killed",,Did not require overtime,,,,,,,,,International News,Canada,No,,US,She/Her,White,0-5 years,,Whatevs,,2023-12-01,The Atlantic,news
875,The Atlantic,2023-04-01,,Single book review/essay,single book review/essay,writing and reporting,,review,1000,,0,,20,50,,,,,,,,,,,,,,,,,,,,No,,,,,,,,,2023-04-01,The Atlantic,news
876,The Atlantic,2023-07-07,,List,list,writing and reporting,,other,500,,0,,10,50,,,,,,,,,,,,,,,,,,,,No,,,,,,,,,2023-07-07,The Atlantic,news
877,The Atlantic,2023-07-03,,Single-book review,single book review,writing and reporting,,review,1000,,0,,12,83.33,,,,,,,,,,,,,,,,,,,,Yes,,,,,,,,,2023-07-03,The Atlantic,news
878,The Atlantic,2023-01-18,Writer,double book review,double book review,writing and reporting,,review,750,,0,,,,6 weeks,Direct Deposit,Pre-existing relationship,1st Rights,Yes,No,"No, but the job wasn't killed",,,Job did not expand,,,,Publicly Available,No,,,Entertainment,,Yes,,,,,,,,,2023-01-18,The Atlantic,news
879,The Atlantic,2023-02-02,fact-checker,4000 word feature,4000 word feature,writing and reporting,4000,feature,2300,,0,,,,30 days,Direct Deposit,They reached out to me with an assignment,none,Yes,No,"No, but the job wasn't killed",,Did not require overtime,Job did not expand,Did not require expenses,,"Was not hazardous, Hazard pay was not required",Unsure,No,Unsure,,"Entertainment, Science",United States,No,Montana,United States,She/Her,White,20-25 years,45,Loved it,"Cis, Female",2023-02-02,The Atlantic,news
880,The Atlantic,2022-12-01,Writer,1000 words culture piece with light reporting,1000 words culture piece with light reporting,writing and reporting,1000,article,600,,0,,,,New Job - Still Waiting,Haven't been paid yet,They reached out to me with an assignment,Shared Copyright,Yes,No,"Yes, but the job wasn't killed",150,Did not require overtime,Job did not expand,Did not require expenses,,"Was not hazardous, Did not receive hazard pay, Hazard pay was not required",Unsure,Unsure,Unsure,,Sex &amp; Relationships,USA,Yes,New York,USA,She/Her,"South Asian, White",10-15 years,36,Whatevs,Cis,2022-12-01,The Atlantic,news
881,The Atlantic,2022-01-21,Writer,1800-word book list,1800 word book list,writing and reporting,1800,article,500,,0,,,,30 days,Direct Deposit,They reached out to me with an assignment,Work For Hire,Yes,,,,,Job expanded &amp; I wasn't compensated,,,,,,,,,,,,,,,,,,,2022-01-21,The Atlantic,news
882,The Atlantic,2022-04-06,Writer,1500 word book review,1500 word book review,writing and reporting,1500,review,750,,0,,,,30 days,Direct Deposit,"Pre-existing relationship, Cold pitch - I reached out to them",Work For Hire,Yes,,,,,,,,,No,No,,,,,,,,,,,,,,2022-04-06,The Atlantic,news
883,The Atlantic,2022-04-15,"Writer, Academic",1300-word article,1300 word article,writing and reporting,1300,article,500,,0,500,,,6 weeks,Direct Deposit,Pre-existing relationship,Unsure,Unsure,No,Unsure,,Did not require overtime,,,,,,No,,,,,,,,He/His,White,25 &amp; up,,I love to write for this magazine-- but it's frustrating that its pay has gone DOWN as its owner's fortune has risen.,Male,2022-04-15,The Atlantic,news
884,The Atlantic (online),2024-11-20,Writer,1500 book essay,1500 book essay,writing and reporting,1500,essay,700,,0,,12,58.33,New Job - Still Waiting,Haven't been paid yet,Cold pitch - I reached out to them,Unsure,No,No,Unsure,,Did not require overtime,Job did not expand,Did not require expenses,,Was not hazardous,No,No,No,,Non Fiction General/Genre,USA,No,New York,USA,She/Her,White,10-15 years,,Loved it,Prefer not to say,2024-11-20,The Atlantic,news
885,The Atlantic (online),2022-07-22,Writer,Book Review,book review,writing and reporting,,review,1000,per word,0.75,0.75 per word,,,30 days,Direct Deposit,They reached out to me with an assignment,Unsure,Yes,No,"No, but the job wasn't killed",,,Job did not expand,Did not require expenses,,,Unsure,No,No,,Books,United States,Yes,NY,US,She/Her,Black,0-5 years,,Would recommend to others,"Cis, Female",2022-07-22,The Atlantic,news
886,The Atlantic magazine,2023-02-15,,Listicle/essay,listicle/essay,writing and reporting,,essay,750,,0,750,25,30,,,,,,,,,,,,,,,,,,,,No,,,,,,,,,2023-02-15,The Atlantic,news
887,The Baffler,2025-02-21,Writer,Author Q&amp;A,author q&amp;a,writing and reporting,,article,500,,0,,16,31.25,2 weeks or less,Direct Deposit,,,,,,,,,,,,,,,,,,Yes,,,,,,,,,2025-02-21,The Baffler,news
888,The Baffler,2023-01-15,Writer,1800-word book review,1800 word book review,writing and reporting,1800,review,500,,0,,20,25,2 weeks or less,Direct Deposit,Pre-existing relationship,1st Rights,Yes,,"Yes, but the job wasn't killed",,,,,,,,,,,,US,Yes,PA,US,She/Her,White,5-10 years,,,"Cis, Female",2023-01-15,The Baffler,news
889,The Baffler,2022-11-30,Writer,2000-word book essay,2000 word book essay,writing and reporting,2000,essay,400,,0,,,,2 weeks or less,Direct Deposit,Pre-existing relationship,1st Rights,Yes,No,"Yes, but the job wasn't killed",,,,,,,,No,,,,,Yes,,,,,,,"Loved it, Would recommend to others",,2022-11-30,The Baffler,news
890,The Baffler,2022-01-06,Writer,1700-word book review,1700 word book review,writing and reporting,1700,review,300,,0,,,,30 days,Direct Deposit,"Pre-existing relationship, Cold pitch - I reached out to them",1st Rights,Yes,,"Yes, but the job wasn't killed",,,,,,,,,,,,,,,,,,,,,,2022-01-06,The Baffler,news
891,The Baffler,2022-02-01,Writer,"Feature print story, 4000 words",feature print story 4000 words,writing and reporting,4000,feature,1000,,0,,,,2 weeks or less,Direct Deposit,Cold pitch - I reached out to them,Unsure,Yes,No,"Yes, but the job wasn't killed",,Did not require overtime,Job did not expand,Did not require expenses,,"Was not hazardous, Hazard pay was not required",Unsure,Unsure,Yes,5000,"International News, Politics",US,No,California,US,She/Her,White,0-5 years,,Loved it,Cis,2022-02-01,The Baffler,news
892,The Baffler,2020-12-28,Illustrator,Web Article Header,web article header,writing and reporting,,article,350,,0,,,,30 days,Check by mail,Cold pitch - I reached out to them,Unsure,Yes,No,Unsure,,,,,,,,,,,Fiction General/Genre,United States,No,NY,United States,He/His,"Jewish, White",0-5 years,33,"Loved it, Would recommend to others",Cis,2020-12-28,The Baffler,news
893,The Baffler,2020-01-20,Writer,2400 word essay,2400 word essay,writing and reporting,2400,essay,300,,0,,,,30 days,Check by mail,Pre-existing relationship,1st Rights,Yes,No,"Yes, but the job wasn't killed",,Did not require overtime,Job did not expand,Did not require expenses,,Was not hazardous,Unsure,No,No,,,United States,No,New York,New York,He/His,White,0-5 years,38,Loved it,Cis,2020-01-20,The Baffler,news
894,The Believer,2023-06-01,Writer,700-word book review,700 word book review,writing and reporting,700,review,300,,0,,15,20,2 weeks or less,Check by mail,,,,,,,,,,,,,,,,,,Yes,,,,,,,,,2023-06-01,The Believer,news
895,The Bitter Southerner,2021-02-05,Writer,850 word essay,850 word essay,writing and reporting,850,essay,250,,0,,,,Never paid,bill.com,They asked me to pitch,1st Rights,Yes,,"Yes, &amp; the job was killed",100,,,,,,,,,,,,,,,,,,,Would not recommend to others,,2021-02-05,The Bitter Southerner,news
896,The Black Wall Street Times,2024-04-01,"Photographer, Video Production, Writer",I do daily reporting on stories that range from 500-1200 words.,i do daily reporting on stories that range from 500 1200 words.,writing and reporting,850,article,62.5,per article,62.5,We get paid $62.50 per story. Doesn't matter how much time we've spent on it.,20,3.12,30 days,Cash app,Pre-existing relationship,1st Rights,Verbal or ‘handshake’ agreement,No,"No, but the job wasn't killed",,Unsure,Job expanded &amp; I wasn't compensated,Required expenses &amp; I wasn't reimbursed,,Was not hazardous,No,No,No,,"National News, Local News, Politics, Editorial &amp; Opinion, Entertainment, History, Branded/Sponsored Content",USA,Yes,Oklahoma,USA,They/Their,Black,0-5 years,31,Loved it,Genderqueer,2024-04-01,The Black Wall Street Times,news
897,"The bookohololics, an Indian company on Instagram ",2022-06-22,,Book review on Amazon and Instagram,book review on amazon and instagram,writing and reporting,,review,1,,0,No rate was agreed. People really exploit Indian book bloggers,2,0.5,,,,,,,,,,,,,,,,,,,,No,,,,,,,,,2022-06-22,The Bookoholics,news
898,The Boston Globe,2021-04-21,Writer,1200 words reporting,1200 words reporting,writing and reporting,1200,article,1200,,0,,,,New Job - Still Waiting,Haven't been paid yet,"Pre-existing relationship, They asked me to pitch, They reached out to me with an assignment",Work For Hire,Verbal or ‘handshake’ agreement,No,Unsure,,Did not require overtime,Job did not expand,Did not require expenses,,Was not hazardous,No,No,No,,Editorial &amp; Opinion,United States,Yes,MA,United States,He/His,White,5-10 years,32,Loved it,"Cis, Male",2021-04-21,The Boston Globe,news
899,The Brooklyn Rail,2023-07-01,,Single-book review,single book review,writing and reporting,,review,150,,0,,10,15,,,,,,,,,,,,,,,,,,,,No,,,,,,,,,2023-07-01,The Brooklyn Rail,news
900,The Brooklyn Rail,2023-09-01,,1000 word book review,1000 word book review,writing and reporting,1000,review,150,,0,,,,,,,,,,,,,,,,,,,,,,,,,,,,,,,,2023-09-01,The Brooklyn Rail,news
901,The Chicago Reader,2024-08-23,Writer,"1,000 word feature",1000 word feature,writing and reporting,1000,feature,200,,0,,8,25,30 days,Direct Deposit,Pre-existing relationship,Unsure,Yes,Yes,"Yes, but the job wasn't killed",,No specified overtime,Job did not expand,Required expenses &amp; I wasn't reimbursed,,Was not hazardous,Unsure,No,No,,Entertainment,United States,No,Illinois,United States,she/they,White,0-5 years,26,Would recommend to others,Gender expansive,2024-08-23,Chicago Reader,news
902,The Chicago Review of Books,2023-03-16,,Single-book review,single book review,writing and reporting,,review,50,flat,50,$50 flat fee,35,1.43,,,,,,,,,,,,,,,,,,,,No,,,,,,,,,2023-03-16,Chicago Review of Books,news
903,The Conversation,2023-09-01,Writer,Investigative Project,investigative project,writing and reporting,,article,11000,,0,,,,6 weeks,Direct Deposit,They reached out to me with an assignment,1st Rights,Yes,No,"No, but the job wasn't killed",,Did not require overtime,Job expanded &amp; I was compensated,Required expenses &amp; I was reimbursed,Submitted invoice,Was not hazardous,No,No,Unsure,,"National News, Health &amp; Wellness",usa,Yes,ny,usa,He/His,"Black, White",5-10 years,40,Would recommend to others,Male,2023-09-01,The Conversation,news
904,The Cut,2024-06-03,Writer,800 word online article,800 word online article,writing and reporting,800,article,600,per article,600,600 per article,6,100,2 weeks or less,Direct Deposit,Cold pitch - I reached out to them,Work For Hire,Yes,No,"Yes, but the job wasn't killed",,Did not require overtime,Job did not expand,Did not require expenses,,Was not hazardous,Unsure,Unsure,No,,"National News, Fashion",Netherlands,No,,United States,She/Her,White,5-10 years,,"Loved it, Would recommend to others",Prefer not to say,2024-06-03,The Cut,news
905,The Cut,2023-04-10,Writer,Feature story for website,feature story for website,writing and reporting,,feature,1500,,0,,,,New Job - Still Waiting,,"Pre-existing relationship, Network referral",,Yes,No,,,,,,,,,,,,,USA,,New York,USA,She/Her,"Jewish, White",5-10 years,,Would recommend to others,"Cis, Female",2023-04-10,The Cut,news
906,The Cut (New York Magazine),2019-01-03,Photographer,4 page photoshoot in print and online,4 page photoshoot in print and online,photography,,graphics,2000,per day,500,$500 per day,,,6 weeks,Direct Deposit,They reached out to me with an assignment,Unsure,Verbal or ‘handshake’ agreement,Yes,"No, but the job wasn't killed",,Did not require overtime,Job expanded &amp; I was compensated,Did not require expenses,,Was not hazardous,No,No,No,,,,Yes,,,She/Her,,0-5 years,30,"Loved it, Would recommend to others",,2019-01-03,The Cut,news
907,The Cut (New York Magazine),2019-11-01,Writer,3k word profile,3k word profile,writing and reporting,3000,article,1000,,0,,,,,,,,,,,,,,,,,,,,,,,,,,,,,,,,2019-11-01,The Cut,news
908,The Cut (New York Magazine),2020-10-01,Writer,800 word personal essay,800 word personal essay,writing and reporting,800,essay,300,,0,,,,30 days,Direct Deposit,"They asked me to pitch, Network referral",Work For Hire,Yes,No,"Yes, but the job wasn't killed",,Did not require overtime,Job did not expand,Did not require expenses,,Hazard pay was not required,Unsure,No,No,,,USA,No,MA,USA,She/Her,White,5-10 years,32,Would recommend to others,"Cis, Female",2020-10-01,The Cut,news
909,the daily beast,2024-03-01,Writer,"a 1,000 word review for a high profile comedy special",a 1000 word review for a high profile comedy special,writing and reporting,1000,review,300,,0,,15,20,30 days,Direct Deposit,Pre-existing relationship,Work For Hire,Yes,No,"No, but the job wasn't killed",,Did not require overtime,Job did not expand,Did not require expenses,,Was not hazardous,No,No,No,,Entertainment,usa,Yes,new york,usa,She/Her,White,5-10 years,36,"Hated it, Whatevs",Gender expansive,2024-03-01,The Daily Beast,news
910,The Daily Beast,2022-10-20,"Editor, Writer","1,200 word reported piece",1200 word reported piece,writing and reporting,1200,article,500,,0,,,,2 months,Direct Deposit,Cold pitch - I reached out to them,Work For Hire,Yes,No,"Yes, but the job wasn't killed",125,Did not require overtime,,Did not require expenses,,,Publicly Available,No,No,,Science,,,,,She/Her,White,0-5 years,,,"Cis, Female",2022-10-20,The Daily Beast,news
911,The Dial,2025-02-01,"Cartoonist, Writer","Book review (2k words, web)",book review (2k words web),writing and reporting,2000,review,950,,0,,,,,,,,,,,,,,,,,,,,,,,,,,,,,,,,2025-02-01,The Dial,news
912,The Dial,2024-05-01,Writer,2500 word feature story,2500 word feature story,writing and reporting,2500,feature,1400,,0,,200,7,30 days,Direct Deposit,"No pre-existing relationship, Cold pitch - I reached out to them",1st Rights,Yes,Yes,"Yes, but the job wasn't killed",,Did not require overtime,Job did not expand,Did not require expenses,,Was not hazardous,Unsure,Unsure,Yes,6000,International News,South Africa,No,,United States,She/Her,White,10-15 years,35,Loved it,"Cis, Female",2024-05-01,The Dial,news
913,The Dial,2024-01-04,Writer,Interview-based article,interview based article,writing and reporting,,article,400,,0,,30,13.33,2 weeks or less,Direct Deposit,Pre-existing relationship,Shared Copyright,Yes,No,"Yes, but the job wasn't killed",,,,,,,,,,,,,Yes,,,He/His,White,10-15 years,36,Loved it,"Cis, Male",2024-01-04,The Dial,news
914,The Doe,2021-05-07,Writer,800 word narrative,800 word narrative,writing and reporting,800,article,300,,0,,,,2 weeks or less,Direct Deposit,Cold pitch - I reached out to them,Unsure,Yes,No,"Yes, but the job wasn't killed",100,Did not require overtime,Job did not expand,Did not require expenses,,Hazard pay was not required,Publicly Available,No,No,,Editorial &amp; Opinion,United States,No,California,California,He/His,White,0-5 years,,Loved it,Male,2021-05-07,The Doe,not_news
915,The Doubleclicks,2019-04-23,Illustrator,Full page illustration (postcard),full page illustration (postcard),graphics/design,,graphics,200,,0,,,,2 weeks or less,Paypal,They reached out to me with an assignment,Work For Hire,Verbal or ‘handshake’ agreement,No,"No, but the job wasn't killed",,Did not require overtime,Job did not expand,Did not require expenses,,,,,,,Branded/Sponsored Content,United States,No,Maryland,United States,He/His,White,0-5 years,24,Loved it,"Male, Nonbinary, Trans",2019-04-23,The Doubleclicks,not_news
916,The Drive,2018-12-01,Writer,Daily news blogs (250-word minimum),daily news blogs (250 word minimum),writing and reporting,,article,100,per article,100,$100 per piece,,,2 weeks or less,Paypal,"They asked me to pitch, They reached out to me with an assignment",Unsure,Yes,No,"No, but the job wasn't killed",,Did not require overtime,Job did not expand,Did not require expenses,,Hazard pay was not required,No,No,No,,"Sports, Editorial &amp; Opinion, Technology, Science, Travel, Automotive (primary focus, but isn't listed here)",United States,No,Texas,United States,She/Her,White,5-10 years,34,"Loved it, Would recommend to others","Cis, Female",2018-12-01,The Drive,news
917,The Drive,2018-12-01,Writer,"1,200-word car review/travel story",1200 word car review/travel story,writing and reporting,1200,review,300,per article,300,$300 per piece,,,2 weeks or less,Paypal,They asked me to pitch,Unsure,Yes,No,Unsure,,Did not require overtime,Job did not expand,Did not require expenses,,Hazard pay was not required,No,No,No,,"Sports, Technology, Travel, Automotive (primary section, although this was partially about traveling to a race track/destination, too)",United States,No,Texas,United States,She/Her,White,5-10 years,34,"Loved it, Would recommend to others","Cis, Female",2018-12-01,The Drive,news
918,The Food Section,2025-08-11,Reporter,On-ground validation of beverage stores,on ground validation of beverage stores,writing and reporting,,other,60,per assignment,20,$20 per store evaluation,1,60,2 weeks or less,Direct Deposit,Pre-existing relationship,Unsure,No,No,"No, but the job wasn't killed",,,,,,,,,,,,,No,,,,,,,,,2025-08-11,The Food Section,news
919,The Food Section,2025-06-27,Writer,"600-word, single-sourced column",600 word single sourced column,writing and reporting,600,article,200,,0,,7,28.57,New Job - Still Waiting,Haven't been paid yet,"Pre-existing relationship, They asked me to pitch",Work For Hire,Yes,No,"No, but the job wasn't killed",,Did not require overtime,Job did not expand,Did not require expenses,,,Publicly Available,Publicly Available,No,,Cooking,United States,No,North Carolina,United States,He/His,White,5-10 years,34,Loved it,"Cis, Male",2025-06-27,The Food Section,news
920,The Food Section,2025-02-21,Writer,"1,200 words reporting",1200 words reporting,writing and reporting,1200,article,1058.16,,0,,26.5,39.93,2 weeks or less,Direct Deposit,Pre-existing relationship,Work For Hire,Yes,No,"No, but the job wasn't killed",,Did not require overtime,Job did not expand,Did not require expenses,,,Publicly Available,Publicly Available,No,,,United States,No,North Carolina,United States,He/His,White,5-10 years,33,Loved it,Male,2025-02-21,The Food Section,news
921,The Frisc,2021-01-20,"Photographer, Writer",1400 words,1400 words,writing and reporting,1400,article,300,,0,,,,3 months,Check by mail,"They asked me to pitch, They reached out to me with an assignment",,Yes,No,Unsure,,,Job did not expand,Did not require expenses,,Was not hazardous,Publicly Available,No,No,,"Local News, Politics",US,No,CA,US,She/Her,White,0-5 years,31,"Loved it, Would not recommend to others, Working with my editor is great, but the pay is far too low for how much work is required for the piece",Female,2021-01-20,The Frisc,news
922,The Garrison Project &amp; Black Pittsburgh,2023-08-15,Writer,Local data feature–1800 words,local data feature–1800 words,writing and reporting,1800,feature,3600,per word,2,$2 per word,,,2 weeks or less,Direct Deposit,Pre-existing relationship,1st Rights,Yes,No,"No, but the job wasn't killed",,Did not require overtime,Job did not expand,Required expenses &amp; I was reimbursed,Submitted invoice,Was not hazardous,No,No,Unsure,,Local News,usa,Yes,ny,usa,He/His,"Black, White",5-10 years,40,Loved it,Male,2023-08-15,The Garrison Project,news
923,The Garrison Project &amp; CalMatters,2024-06-01,Writer,Investigative feature,investigative feature,writing and reporting,,feature,4468.75,per word,1.25,$1.25/word,,,2 weeks or less,Direct Deposit,Pre-existing relationship,1st Rights,No,,"No, but the job wasn't killed",,,,,,,,,,,Local News,usa,Yes,NY,usa,He/His,"Black, White",5-10 years,41,Loved it,Male,2024-06-01,The Garrison Project,news
924,The Garrison Project &amp; Rolling Stone,2025-02-01,Writer,Feature,feature,writing and reporting,,feature,2620,per word,1.25,$1.25/word,,,2 weeks or less,Direct Deposit,Pre-existing relationship,Work For Hire,No,No,"No, but the job wasn't killed",,,,Did not require expenses,,,,,,,"National News, Local News",usa,Yes,ny,usa,He/His,"Black, White",5-10 years,,Loved it,Male,2025-02-01,The Garrison Project,news
925,The Garrison Project and Rolling Stone,2023-02-15,Writer,Investigative Magazine Feature,investigative magazine feature,writing and reporting,,feature,9000,per word,2,$2 per word,,,2 weeks or less,Direct Deposit,Pre-existing relationship,Unsure,Yes,No,"No, but the job wasn't killed",,Did not require overtime,Job did not expand,Required expenses &amp; I was reimbursed,Reimbursed based on estimate,Was not hazardous,No,No,Unsure,,"National News, Local News",usa,Yes,ny,usa,He/His,"Black, White",5-10 years,40,Loved it,Male,2023-02-15,The Garrison Project,news
926,The Globe &amp; Mail,2023-01-02,Writer,600-800 word reported story (I wrote 800). Minimum 3 sources to interview (I did 4).,600 800 word reported story (i wrote 800). minimum 3 sources to interview (i did 4).,writing and reporting,800,article,366,flat,366,Flat rate,15,24.4,2 weeks or less,Direct Deposit,Pre-existing relationship,Unsure,No,No,"Yes, but the job wasn't killed",183,Did not require overtime,Job did not expand,Did not require expenses,,Was not hazardous,No,No,,,Business,Canada,No,,Canada,She/Her,White,5-10 years,29,Loved it,"Female, Genderfluid",2023-01-02,The Globe and Mail,news
927,The Goods (Vox Media),2019-04-01,Writer,"Personal essay for ""The Best Money I Ever Spent"" series, commissioned at 1200 words (I went a bit over)","personal essay for ""the best money i ever spent"" series commissioned at 1200 words (i went a bit over)",writing and reporting,1200,essay,600,,0,,,,30 days,Direct Deposit,Pre-existing relationship,Work For Hire,Yes,No,"Yes, but the job wasn't killed",,Did not require overtime,Job did not expand,Did not require expenses,,Was not hazardous,Unsure,No,No,,"Editorial &amp; Opinion, Health &amp; Wellness, Personal essay",United States,Yes,New York,United States,She/Her,White,5-10 years,,"Loved it, Loved the editing experience, but the legal team wouldn't budge on rights and insisted on a work for hire contract. Initial offer for the piece was $500 and I negotiated up.","Cis, Female",2019-04-01,Vox Media,news
928,The Grade,2020-06-15,Writer,1200 words reporting,1200 words reporting,writing and reporting,1200,article,500,per hour,50,$50 per hour,,,2 weeks or less,Direct Deposit,Network referral,Unsure,Verbal or ‘handshake’ agreement,No,"No, but the job wasn't killed",,,,,,,No,No,No,,Education news,USA,No,MN,USA,She/Her,White,5-10 years,28,Would recommend to others,Female,2020-06-15,UNCLEAR,news
929,The Guardian,2025-09-01,Writer,"2,000 word reported feature",2000 word reported feature,writing and reporting,2000,feature,1280,per word,0.64,.64 / word,50,25.6,New Job - Still Waiting,Haven't been paid yet,Pre-existing relationship,Unsure,Verbal or ‘handshake’ agreement,No,Unsure,,Did not require overtime,Job did not expand,Did not require expenses,,Hazard pay was not required,Unsure,No,No,,"Technology, Sex &amp; Relationships",US,Yes,New York,New York,She/Her,White,0-5 years,29,Loved it,Female,2025-09-01,The Guardian,news
930,The Guardian,2023-07-01,Writer,Investigative feature,investigative feature,writing and reporting,,feature,7796.25,per word,1.75,$1.75/word,,,3 months,Direct Deposit,"Pre-existing relationship, They asked me to pitch",1st Rights,Yes,No,"Yes, but the job wasn't killed",,,,Required expenses &amp; I was reimbursed,,,,,,,"National News, Local News",usa,Yes,Ny,UK,He/His,"Black, White",5-10 years,41,Would recommend to others,Male,2023-07-01,The Guardian,news
931,The Guardian,2024-10-24,Writer,"1500 words, quick-turnaround reporting",1500 words quick turnaround reporting,writing and reporting,1500,article,1200,,0,,28,42.86,2 weeks or less,Direct Deposit,"No pre-existing relationship, Cold pitch - I reached out to them",Unsure,Yes,No,,,Did not require overtime,Job did not expand,Did not require expenses,,Was not hazardous,,No,,,"National News, Politics",USA,No,NY,USA,She/Her,White,0-5 years,25,Would recommend to others,"Cis, Female",2024-10-24,The Guardian,news
932,The Guardian,2024-01-01,Writer,"2,500-word reported feature",2500 word reported feature,writing and reporting,2500,feature,2500,,0,"$2,500 plus travel hotel and gas",,,30 days,Direct Deposit,Cold pitch - I reached out to them,,,,,,,,,,,,,,,,United States,No,CA,,She/Her,East Asian,20-25 years,46,Would recommend to others,Female,2024-01-01,The Guardian,news
933,The Guardian,2018-07-05,"Photographer, Writer",Photos / reporting,photos / reporting,writing and reporting,,article,600,,0,$600 for story,40,15,2 months,Direct Deposit,"They reached out to me with an assignment, Network referral",Unsure,Unsure,Yes,Unsure,,Unsure,Job did not expand,Required expenses &amp; I wasn't reimbursed,,Was not hazardous,Unsure,Unsure,Unsure,,International News,USA,Yes,CO,USA branch of English Company,They/Their,White,0-5 years,,"Loved it, Would recommend to others","Genderfluid, Genderqueer, Nonbinary",2018-07-05,The Guardian,news
934,The Guardian,2024-01-01,Writer,800 words reporting,800 words reporting,writing and reporting,800,article,600,per word,0.75,$0.75 per word,20,30,2 weeks or less,Direct Deposit,Pre-existing relationship,Work For Hire,Unsure,Field reporting elsewhere,Unsure,,,Job expanded &amp; I was compensated,Required expenses &amp; I was reimbursed,Easy,,No,No,Unsure,,"International News, National News, Politics",USA,No,CA,UK,,,10-15 years,,Loved it,,2024-01-01,The Guardian,news
935,The Guardian,2024-01-01,Writer,7000 word reported series,7000 word reported series,writing and reporting,7000,article,9000,per word,1,$1 per word + per diem research fee,,,2 weeks or less,Direct Deposit,"Pre-existing relationship, They reached out to me with an assignment",Unsure,Yes,No,"Yes, but the job wasn't killed",,Did not require overtime,Job expanded &amp; I was compensated,Did not require expenses,,"Was not hazardous, Hazard pay was not required",Unsure,No,No,,"National News, Health &amp; Wellness",United States,No,California,,She/Her,White,0-5 years,30,"Loved it, Would recommend to others","Cis, Female",2024-01-01,The Guardian,news
936,The Guardian,2023-08-11,Writer,1000-word news story with some advance work,1000 word news story with some advance work,writing and reporting,1000,article,500,,0,,10,50,6 weeks,Check by mail,Pre-existing relationship,Unsure,Unsure,No,Unsure,,,,Did not require expenses,,Was not hazardous,,,,,,United States,Yes,Pennsylvania,United Kingdom,He/His,White,10-15 years,35,Loved it,Male,2023-08-11,The Guardian,news
937,The Guardian,2023-02-15,Writer,1500 words of reporting,1500 words of reporting,writing and reporting,1500,article,1938,per word,1.25,$1.25 per word,38,51,2 weeks or less,Direct Deposit,"Pre-existing relationship, They reached out to me with an assignment",Unsure,No,No,"No, but the job wasn't killed",,Did not require overtime,Job expanded &amp; I wasn't compensated,Did not require expenses,,"Was not hazardous, Hazard pay was not required",No,No,No,,National News,Canada,No,,USA,She/Her,East Asian,5-10 years,29,Whatevs,Female,2023-02-15,The Guardian,news
938,The Guardian,2021-05-01,Writer,"3,000 words reporting",3000 words reporting,writing and reporting,3000,article,2600,per word,0.8,$0.80 per word,,,2 weeks or less,Direct Deposit,Cold pitch - I reached out to them,,Yes,No,"Yes, but the job wasn't killed",,Did not require overtime,Job did not expand,Did not require expenses,,Was not hazardous,Unsure,Unsure,No,,"National News, Politics",US,Yes,New York,,She/Her,White,5-10 years,30,"Loved it, Would recommend to others",Female,2021-05-01,The Guardian,news
939,The Guardian,2020-12-30,Writer,"1,200 word reported article",1200 word reported article,writing and reporting,1200,article,643,per word,0.5,$0.50/word,,,30 days,Direct Deposit,They asked me to pitch,Unsure,Yes,No,"Yes, but the job wasn't killed",250,Did not require overtime,Job expanded &amp; I wasn't compensated,Did not require expenses,,,No,Publicly Available,No,,National News,US,Yes,NY,UK,She/Her,White,5-10 years,29,Hated it,"Cis, Female",2020-12-30,The Guardian,news
940,The Guardian,2021-03-01,Writer,1000 word reported piece,1000 word reported piece,writing and reporting,1000,article,1000,,0,,,,2 weeks or less,Direct Deposit,Cold pitch - I reached out to them,,,,,,,,,,,,,,,"International News, National News, Local News, Science",,,,,,,,,,,2021-03-01,The Guardian,news
941,The Guardian,2021-01-19,Writer,Book excerpt,book excerpt,writing and reporting,,other,682,,0,,,,New Job - Still Waiting,Haven't been paid yet,They reached out to me with an assignment,,Verbal or ‘handshake’ agreement,No,"No, but the job wasn't killed",,Did not require overtime,,Did not require expenses,,,Unsure,Unsure,No,,International News,USA,Yes,NY,United Kingdom,He/His,White,5-10 years,31,Whatevs,Cis,2021-01-19,The Guardian,news
942,The Guardian,2021-01-15,Writer,1000 words news commentary,1000 words news commentary,writing and reporting,1000,article,150,,0,,,,New Job - Still Waiting,Haven't been paid yet,They asked me to pitch,,Verbal or ‘handshake’ agreement,No,"No, but the job wasn't killed",,,Job did not expand,Did not require expenses,,Hazard pay was not required,Unsure,Unsure,No,,Editorial &amp; Opinion,USA,Yes,NY,United Kingdom,He/His,White,5-10 years,31,Whatevs,Cis,2021-01-15,The Guardian,news
943,The Guardian,2020-02-01,Writer,On call for local reporting,on call for local reporting,writing and reporting,,other,300,per day,300,300 per day,,,30 days,Direct Deposit,Pre-existing relationship,,,,,,,,,,,,,,,,,No,,,She/Her,White,0-5 years,,Loved it,Female,2020-02-01,The Guardian,news
944,The Guardian US,2024-01-01,Writer,1380 words reporting,1380 words reporting,writing and reporting,1380,article,1050,per word,0.8,80 cents a word,40,26.25,2 weeks or less,Direct Deposit,Pre-existing relationship,Work For Hire,Yes,No,Unsure,,Unsure,Unsure,Required expenses &amp; I wasn't reimbursed,,Was not hazardous,Unsure,No,No,,National News,,No,,,She/Her,White,10-15 years,42,Would recommend to others,Female,2024-01-01,The Guardian,news
945,"The Guardian US, Arts Section",2024-07-15,Writer,1200 word reported piece which ended up at 1500 words.,1200 word reported piece which ended up at 1500 words.,writing and reporting,1500,article,400,flat,400,400 for the article,20,20,New Job - Still Waiting,Direct Deposit,Cold pitch - I reached out to them,Unsure,Verbal or ‘handshake’ agreement,No,"No, but the job wasn't killed",,Did not require overtime,Job did not expand,Did not require expenses,,,No,Unsure,No,,Arts and Culture,US,No,"Florida, Miami",US and UK,She/Her,Hispanic,5-10 years,,Whatevs,Female,2024-07-15,The Guardian,news
946,The Hechinger Report,2023-10-01,Writer,Freelance reporting 2000 words,freelance reporting 2000 words,writing and reporting,2000,article,3000,per word,1.5,$1.50/word,30,100,2 weeks or less,"Story still in progress, but Hechinger pays after you submit draft and it goes to copy editor. They are really good about this.","Pre-existing relationship, They asked me to pitch",Unsure,Yes,No,"No, but the job wasn't killed",,Did not require overtime,Job did not expand,Required expenses &amp; I wasn't reimbursed,,Was not hazardous,Publicly Available,Publicly Available,No,,not sure -- the entire pub is about education,USA,No,IL,USA,She/Her,White,0-5 years,56,Would recommend to others,Female,2023-10-01,The Hechinger Report,news
947,The History Channel,2024-09-05,Writer,1200-word reported article,1200 word reported article,writing and reporting,1200,article,500,flat,500,500 for entire article,12,41.67,New Job - Still Waiting,Direct Deposit,Pre-existing relationship,Unsure,Yes,No,Unsure,,Did not require overtime,Job expanded &amp; I wasn't compensated,Did not require expenses,,Hazard pay was not required,No,Unsure,No,,History,USA,No,NY,USA,She/Her,White,15-20 years,,Whatevs,"Cis, Female",2024-09-05,History Channel,not_news
948,The Imprint,2020-10-01,Writer,800-1000 word single source profile,800 1000 word single source profile,writing and reporting,900,article,750,flat,750,flat,,,2 weeks or less,Direct Deposit,They reached out to me with an assignment,Unsure,Yes,No,Unsure,,Did not require overtime,Job did not expand,Did not require expenses,,Was not hazardous,No,No,No,,Local News,US,Yes,NY,US,She/Her,White,5-10 years,38,"Loved it, Would recommend to others","Female, Cis",2020-10-01,The Imprint,news
949,The Independent,2021-10-27,Writer,opinion writing,opinion writing,writing and reporting,,op/ed,300,,0,300,,,2 weeks or less,Direct Deposit,Pre-existing relationship,Unsure,No,No,Unsure,,Did not require overtime,Job did not expand,Did not require expenses,,Was not hazardous,No,No,No,,Editorial &amp; Opinion,United States,No,NY,United States,She/Her,"Black, Indigenous, Jewish, West Indian",0-5 years,23,Loved it,"Cis, Female",2021-10-27,The Independent,news
950,The Institute for Nonprofit News,2020-12-01,"Writer, Case Study Researcher",Two person interview for a 1100-word case study,two person interview for a 1100 word case study,writing and reporting,1100,other,1000,flat,1000,Fixed rate of $1000,,,30 days,Direct Deposit,"Cold pitch - I reached out to them, Network referral",Work For Hire,Yes,No,"No, but the job wasn't killed",,Did not require overtime,Job did not expand,Did not require expenses,,Was not hazardous,No,No,Yes,1000,Guide/teaching tool for member news organizations,Georgia,No,,USA,She/Her,,0-5 years,,Loved it,,2020-12-01,Institute for Nonprofit News,not_news
951,The Institute for Southern Studies/Facing South,2021-11-15,Writer,"2000 words, reporting",2000 words reporting,writing and reporting,2000,article,500,flat,500,$500 for up to 2000 words.,,,2 weeks or less,Check by mail,Cold pitch - I reached out to them,,No,No,"No, but the job wasn't killed",,,Job expanded &amp; I wasn't compensated,,,,,,,,Politics,US,Yes,,US,She/Her,White,0-5 years,,Whatevs,"Cis, Female",2021-11-15,Facing South,ambiguous
952,The Intercept,2025-02-03,Writer,2500 words reporting,2500 words reporting,writing and reporting,2500,article,1850,flat,1850,"$1850 flat rate for 2000-2500 words (the story ended up publishing at more than 3,000 but that was because I wanted to write more).",50,37,6 weeks,Direct Deposit,Network referral,Work For Hire,Yes,No,"Yes, but the job wasn't killed",462.5,Did not require overtime,Job did not expand,Did not require expenses,,"Was not hazardous, Hazard pay was not required",Publicly Available,No,Yes,2438,"National News, Politics/immigration",United States,No,New York,United States,She/Her,White,0-5 years,28,Whatevs,"Cis, Female",2025-02-03,The Intercept,news
953,The Intercept,2018-04-01,Writer,"11000-word story involving close to three years of reporting, including over a hundred interviews (had to reinterview sources multiple times due to the passage of time), transcription by hand, analyzing a complex data set, dozens of meetings, 26 rounds of revisions",11000 word story involving close to three years of reporting including over a hundred interviews (had to reinterview sources multiple times due to the passage of time) transcription by hand analyzing a complex data set dozens of meetings 26 rounds of revisions,writing and reporting,11000,feature,16500,flat,16500,"$2/word, later renegotiated for a flat fee",,,Over 3 months,Check by mail,Pre-existing relationship,Unsure,Yes,Yes,"Yes, but the job wasn't killed",500,Required overtime &amp; I wasn't compensated,Job expanded &amp; I wasn't compensated,Required expenses &amp; I wasn't reimbursed,,"Was hazardous &amp; protective measures were not taken, Did not receive hazard pay",No,No,No,,"International News, Technology",U.S.,No,,U.S.,Prefer not to say,Prefer not to say,10-15 years,,"Hated it, Would not recommend to others",Prefer not to say,2018-04-01,The Intercept,news
954,The Intercept,2020-01-01,Writer,"3,000 word feature based on reporting",3000 word feature based on reporting,writing and reporting,3000,feature,1700,,0,,,,2 weeks or less,Direct Deposit,Pre-existing relationship,Work For Hire,Yes,Yes,"Yes, but the job wasn't killed",425,Did not require overtime,Job did not expand,Did not require expenses,,Was not hazardous,Publicly Available,No,No,,Politics,USA,Yes,New York,USA,He/His,"Jewish, White",5-10 years,32,Loved it,"Cis, Male",2020-01-01,The Intercept,news
955,The Intercept,2020-07-01,Writer,3300-word reported article (no travel),3300 word reported article (no travel),writing and reporting,3300,article,1725,flat,1000,"$1000 for 1500 words was the original agreement, but it ran way over that length",,,30 days,Direct Deposit,"Pre-existing relationship, Cold pitch - I reached out to them",Unsure,Yes,No,"Yes, but the job wasn't killed",250,Did not require overtime,"Job expanded (partially at my prodding) in terms of the word count more than doubling, and I was compensated partially but not fully",Required expenses &amp; I was reimbursed,I simply added the expanses to my final invoice,Was not hazardous,No,No,No,,,USA,Yes,NY,NY,He/His,White,5-10 years,31,Would recommend to others,Male,2020-07-01,The Intercept,news
956,The Intercept,2020-02-20,Photographer,"Single day photo assignment, editorial",single day photo assignment editorial,photography,,graphics,500,per day,500,$500 per day + mileage,,,30 days,Direct Deposit,Pre-existing relationship,Shared Copyright,Yes,No,"Yes, but the job wasn't killed",250,Did not require overtime,Job did not expand,Required expenses &amp; I was reimbursed,Receipts and line items added to final invoice,Was not hazardous,No,No,No,,National News,United States,,,United States,,,0-5 years,,,,2020-02-20,The Intercept,news
957,The Intercept,2020-08-15,Writer,1500 word reporting,1500 word reporting,writing and reporting,1500,article,750,,0,,,,30 days,Direct Deposit,Cold pitch - I reached out to them,,Yes,,Unsure,,,,,,,,,,,,,,,,,,,,,,2020-08-15,The Intercept,news
958,The Intercept,2020-06-08,Writer,1200 reported words,1200 reported words,writing and reporting,1200,article,750,,0,,,,,,Pre-existing relationship,,,,,,,,,,,,,,,,United States,Yes,NY,United States,She/Her,White,10-15 years,36,"Loved it, Would recommend to others","Cis, Female",2020-06-08,The Intercept,news
959,The Intercept,2020-08-17,Writer,"2,000 words reported",2000 words reported,writing and reporting,2000,article,1250,,0,,,,30 days,Check by mail,Pre-existing relationship,Shared Copyright,Yes,,,,,,,,,,,,,,United States,Yes,NY,United States,She/Her,White,10-15 years,36,"Loved it, Would recommend to others","Cis, Female",2020-08-17,The Intercept,news
960,The Intercept,2020-02-10,Writer,"2,000-word reporting",2000 word reporting,writing and reporting,2000,article,1750,,0,,,,2 weeks or less,Direct Deposit,Pre-existing relationship,Unsure,Unsure,Yes,"Yes, but the job wasn't killed",,Did not require overtime,Job did not expand,Required expenses &amp; I wasn't reimbursed,,Was not hazardous,Unsure,Unsure,No,,"Local News, Politics, Health &amp; Wellness",US,Yes,New York,US,She/Her,"Jewish, White",5-10 years,30,Loved it,"Cis, Female",2020-02-10,The Intercept,news
961,The Lily (Published by The Washington Post),2020-12-08,Writer,"Article, 1500 words reporting",article 1500 words reporting,writing and reporting,1500,article,400,,0,,,,2 weeks or less,Direct Deposit,Pre-existing relationship,,Yes,No,"No, but the job wasn't killed",,Unsure,,,,,,,,,,,,,,,,,,,,2020-12-08,The Washington Post,news
962,The Lily (Published by The Washington Post),2019-03-01,"Cartoonist, Illustrator, Writer",Comic (10 panels or less),comic (10 panels or less),graphics/design,,graphics,200,per graphic,200,$200 per comic,,,2 weeks or less,Direct Deposit,They asked me to pitch,Shared Copyright,Yes,No,Unsure,,"N/a, flat rate ",Job did not expand,Did not require expenses,,Was not hazardous,Unsure,No,No,,Editorial &amp; Opinion,USA,No,NJ at time of job,USA,She/Her,White,5-10 years,30,Would recommend to others,"Cis, Female",2019-03-01,The Washington Post,news
963,The Lily (Published by The Washington Post),2020-12-07,Writer,"1,500 word reporting",1500 word reporting,writing and reporting,1500,article,400,,0,,,,,,Cold pitch - I reached out to them,,,,,,,,,,,,,Yes,700,,United States,Yes,NY,United States,She/Her,White,10-15 years,36,Whatevs,"Cis, Female",2020-12-07,The Washington Post,news
964,The Los Angeles Times,2024-07-01,Writer,"Book related op-ed, 800-900 words",book related op ed 800 900 words,writing and reporting,850,op/ed,600,,0,,15,40,,,,,,,,,,,,,,,,,,,,Yes,,,,,,,,,2024-07-01,Los Angeles Times,news
965,The Los Angeles Times,2021-11-20,Writer,800-word book review,800 word book review,writing and reporting,800,review,400,,0,,,,30 days,Direct Deposit,Cold pitch - I reached out to them,,Yes,,,,,,,,,No,No,,,,,,,,,,,,Would not recommend to others,,2021-11-20,Los Angeles Times,news
966,The Maine Monitor,2024-04-01,"Writer, Reporter",Recurring newsletter - 800-word commentary and link round-up,recurring newsletter  800 word commentary and link round up,writing and reporting,800,article,350,,0,,6,58.33,2 weeks or less,Check by mail,Pre-existing relationship,"Per contract: I own the material, they get first right to publish it within a year",Yes,No,Unsure,,"No set hours expectation, so nothing defined as overtime",Job did not expand,Did not require expenses,,Hazard pay was not required,Unsure,Unsure,Unsure,,"Local News, Energy/Environment/Climate",US,Yes,Maine,Maine,She/Her,White,10-15 years,33,Whatevs,Cis,2024-04-01,The Maine Monitor,news
967,The Momentum LLC,2024-09-01,Writer,800-word article,800 word article,writing and reporting,800,article,160,per word,0.2,Flat rate $160 that converts to roughly .20/word,3,53.33,3 months,Direct Deposit,Pre-existing relationship,Unsure,Yes,No,"No, but the job wasn't killed",,Did not require overtime,Job did not expand,Did not require expenses,,Was not hazardous,No,No,No,,"Health &amp; Wellness, Branded/Sponsored Content",Chile,No,,USA,She/Her,"Hispanic, Indigenous, Latine, White",5-10 years,28,Whatevs,"Cis, Female",2024-09-01,The Momentum,not_news
968,the nation,2020-08-15,Writer,book criticism,book criticism,writing and reporting,,review,475,,0,assigned at 1500 words,,,,,,,,,,,,,,,,,,,,,,,,,,,,,,,2020-08-15,The Nation,news
969,The Nation,2025-01-29,Writer,"4,700 word print feature",4700 word print feature,writing and reporting,4700,feature,3000,per article,3000,"3,000 for a piece under 5,000 words",132,22.73,New Job - Still Waiting,Direct Deposit,Pre-existing relationship,I retained all rights,Yes,Yes,"Yes, but the job wasn't killed",,Did not require overtime,Job did not expand,Required expenses &amp; I was reimbursed,submitted invoice and received reimbursement via direct deposit,Was not hazardous,Unsure,Publicly Available,No,,National News,US,Yes,,US,She/Her,White,10-15 years,38,Loved it,"Cis, Female",2025-01-29,The Nation,news
970,The Nation,2025-04-04,Writer,"1,800 word Q&amp;A",1800 word q&amp;a,writing and reporting,1800,article,500,per article,500,500 per piece,25,20,2 weeks or less,Direct Deposit,Pre-existing relationship,I reserved all rights per a side letter signed with The Nation,Yes,No,"Yes, but the job wasn't killed",,Did not require overtime,Job did not expand,Did not require expenses,,Was not hazardous,,,,,,United States,Yes,,United States,She/Her,White,10-15 years,38,Loved it,"Cis, Female",2025-04-04,The Nation,news
971,The Nation,2024-09-20,Writer,1800-word book review,1800 word book review,writing and reporting,1800,review,500,,0,,20,25,30 days,Direct Deposit,,,,,,,,,,,,,,,,,,Yes,,,,,,,,,2024-09-20,The Nation,news
972,The Nation,2025-11-05,Writer,"1,800 word reported web piece",1800 word reported web piece,writing and reporting,1800,article,850,,0,,25,34,30 days,Direct Deposit,Pre-existing relationship,,,,,,,,,,,,,,,,US,Yes,,,She/Her,White,10-15 years,,Loved it,"Cis, Female",2025-11-05,The Nation,news
973,The Nation,2024-10-01,Writer,reported analysis,reported analysis,writing and reporting,,article,800,,0,,30,26.67,2 weeks or less,Direct Deposit,Pre-existing relationship,,,,,,,,,,,,,,,,US,Yes,,US,She/Her,White,10-15 years,,,"Cis, Female",2024-10-01,The Nation,news
974,The Nation,2023-10-30,Writer,800-1000 word reporting for online,800 1000 word reporting for online,writing and reporting,900,article,250,,0,,10,25,6 weeks,Direct Deposit,Pre-existing relationship,Unsure,Verbal or ‘handshake’ agreement,No,Unsure,,Unsure,Unsure,Did not require expenses,,Was not hazardous,Unsure,Unsure,No,,,USA,Yes,New york,,They/Their,"Jewish, White",5-10 years,26,Would recommend to others,Nonbinary,2023-10-30,The Nation,news
975,The Nation,2024-09-17,Writer,1300 word essay,1300 word essay,writing and reporting,1300,essay,800,,0,,5,160,New Job - Still Waiting,Direct Deposit,Pre-existing relationship,Work For Hire,Yes,No,"Yes, but the job wasn't killed",,Did not require overtime,Job did not expand,Did not require expenses,,Was not hazardous,No,Publicly Available,No,,Politics,US,Yes,,US,She/Her,White,10-15 years,,Loved it,"Cis, Female",2024-09-17,The Nation,news
976,The Nation,2024-07-01,Writer,"5,000 word feature",5000 word feature,writing and reporting,5000,feature,3000,,0,,90,33.33,2 weeks or less,,Pre-existing relationship,,Yes,,,,,,Required expenses &amp; I was reimbursed,submitted invoice and was reimbursed via direct deposit,,,,,,,US,Yes,,US,She/Her,White,10-15 years,,,"Cis, Female",2024-07-01,The Nation,news
977,The Nation,2024-07-15,Writer,"2,000 word political commentary",2000 word political commentary,writing and reporting,2000,op/ed,800,,0,,24,33.33,New Job - Still Waiting,,Pre-existing relationship,,,,,,,,,,,,,,,,US,Yes,,US,She/Her,White,10-15 years,,,"Cis, Female",2024-07-15,The Nation,news
978,The Nation,2024-02-01,Writer,1800-word book review,1800 word book review,writing and reporting,1800,review,400,,0,,20,20,2 weeks or less,Direct Deposit,Cold pitch - I reached out to them,1st Rights,Yes,,"Yes, but the job wasn't killed",,,,,,,,Publicly Available,,,,,Yes,,,,,,,,,2024-02-01,The Nation,news
979,The Nation,2024-01-19,Writer,1000 word review/essay,1000 word review/essay,writing and reporting,1000,review,500,,0,,20,25,2 weeks or less,Direct Deposit,They asked me to pitch,"I gave The Nation first and second rights for broadcasting/TV/Film.  For re-publishing my own writing, they have an exclusive for 12 months and then I can re-print as I please, as long as I give The Nation credit. Also, they can re-print as they please, as long as they cite my name and biographical info, for promotion etc. purposes.",Yes,No,"Yes, but the job wasn't killed",,"Overtime was not discussed in our contract—I'm a freelance critic, so it doesn't come up.",Job did not expand,Did not require expenses,,Was not hazardous,Unsure,Publicly Available,No,,"Non Fiction General/Genre, Books &amp; The Arts",United States,Yes,New York,United States,He/His,"Jewish, White",5-10 years,32,"Loved it, Would recommend to others, I was paid before my piece came out, just after it was accepted, because my editor indicated that it would be a while before publication (I waited a couple months after we wrapped up our edit, friends who have freelanced there said that's normal for their book coverage.) The edit was fair, not overly demanding, but smart. It was my first time writing for them, and it was a respectful and labor friendly situation compared to other places I've written for. Particularly if you ask to be treated according to their UA. ",Cis,2024-01-19,The Nation,news
980,The Nation,2023-01-30,Writer,5000 word magazine feature,5000 word magazine feature,writing and reporting,5000,feature,3000,,0,,140,21.43,2 weeks or less,Direct Deposit,Pre-existing relationship,1st Rights,Yes,No,"Yes, but the job wasn't killed",,Did not require overtime,Job did not expand,Did not require expenses,,Was not hazardous,Unsure,Publicly Available,No,,National News,US,Yes,MA,,She/Her,White,10-15 years,37,Loved it,"Cis, Female",2023-01-30,The Nation,news
981,The Nation,2024-04-10,Writer,"2,300 word personal essay with reporting",2300 word personal essay with reporting,writing and reporting,2300,essay,800,,0,,24,33.33,2 weeks or less,Direct Deposit,Pre-existing relationship,1st Rights,Yes,No,"Yes, but the job wasn't killed",,Did not require overtime,Job did not expand,Did not require expenses,,Was not hazardous,No,No,No,,,US,Yes,MA,US,She/Her,White,10-15 years,,Loved it,"Cis, Female",2024-04-10,The Nation,news
982,The Nation,2024-02-01,Writer,"2,000 word book review",2000 word book review,writing and reporting,2000,review,500,per word,0.25,$.25/word,80,6.25,New Job - Still Waiting,Haven't been paid yet,Pre-existing relationship,Unsure,Verbal or ‘handshake’ agreement,No,Unsure,,Did not require overtime,Job did not expand,Did not require expenses,,Was not hazardous,No,Unsure,,,Book criticism,U.S.,No,New York,U.S.,They/Their,White,0-5 years,25,Loved it,"Nonbinary, Trans",2024-02-01,The Nation,news
983,The Nation,2022-04-01,Writer,"2,000 word book essay",2000 word book essay,writing and reporting,2000,essay,500,,0,,,,2 weeks or less,Paypal,Pre-existing relationship,,Yes,,,,,Job expanded &amp; I was compensated,,,,,,,,,Taiwan,Yes,,,,,,,Whatevs,,2022-04-01,The Nation,news
984,The Nation,2022-01-01,Writer,2000-word book review,2000 word book review,writing and reporting,2000,review,500,,0,,,,6 weeks,Direct Deposit,They reached out to me with an assignment,,Yes,No,"No, but the job wasn't killed",,,,,,,,No,,,,USA,No,,,,,,,Would recommend to others,,2022-01-01,The Nation,news
985,The Nation,2023-01-01,,Author Q&amp;A,author q&amp;a,writing and reporting,,article,300,,0,,35,8.57,,,,,,,,,,,,,,,,,,,,No,,,,,,,,,2023-01-01,The Nation,news
986,The Nation,2022-04-04,,Single-book review,single book review,writing and reporting,,review,350,,0,,35,10,,,,,,,,,,,,,,,,,,,,No,,,,,,,,,2022-04-04,The Nation,news
987,The Nation,2021-09-18,,Single book review,single book review,writing and reporting,,review,600,,0,,20,30,,,,,,,,,,,,,,,,,,,,No,,,,,,,,,2021-09-18,The Nation,news
988,The Nation,2023-07-03,,Review-reported essay combo,review reported essay combo,writing and reporting,,review,500,,0,,15,33.33,,,,,,,,,,,,,,,,,,,,Yes,,,,,,,,,2023-07-03,The Nation,news
989,The Nation,2022-04-17,Writer,Book Review  (1500 words),book review (1500 words),writing and reporting,1500,review,350,,0,,,,New Job - Still Waiting,,Cold pitch - I reached out to them,,Yes,No,"No, but the job wasn't killed",,Did not require overtime,Job did not expand,Did not require expenses,,Was not hazardous,No,No,No,,,USA,No,Arizona,USA,She/Her,White,5-10 years,32,Would recommend to others,Gender expansive,2022-04-17,The Nation,news
990,The Nation,2020-09-01,Writer,book review,book review,writing and reporting,,review,350,,0,,,,2 weeks or less,Paypal,Cold pitch - I reached out to them,Unsure,Yes,No,"No, but the job wasn't killed",,freelancer -- no such thing as overtime!,"Hard to say. I rewrote the piece 3 times which wasn't necessarily part of the original scope, but that's normal for these kinds of jobs.",Required expenses &amp; I wasn't reimbursed,,Was not hazardous,Unsure,No,Unsure,,Books,,No,,USA,She/Her,"East Asian, White",10-15 years,40,Whatevs,Cis,2020-09-01,The Nation,news
991,The Nation,2019-12-13,Writer,"5,000 word print magazine feature story",5000 word print magazine feature story,writing and reporting,5000,feature,2500,per word,0.5,50 cents per word,,,30 days,Direct Deposit,Pre-existing relationship,Unsure,Yes,No,Unsure,,Unsure,Job expanded &amp; I wasn't compensated,Unsure,,Hazard pay was not required,Unsure,Unsure,Yes,,Non Fiction General/Genre,United States,No,Minnesota,United States,He/His,White,0-5 years,29,"Biggest byline of career so far for a story I was proud of, editorial process wasn't ideal - would recommend with caveats. ",Male,2019-12-13,The Nation,news
992,The Nation,2020-10-01,Writer,2000 word book review for print,2000 word book review for print,writing and reporting,2000,review,1500,,0,1500,,,30 days,Direct Deposit,They reached out to me with an assignment,Unsure,Yes,No,Unsure,,Unsure,,,,,,,,,,,,,,,,,,,,2020-10-01,The Nation,news
993,The Nation,2020-06-01,Writer,author interview,author interview,writing and reporting,,article,300,,0,,,,2 weeks or less,Direct Deposit,Pre-existing relationship,,No,No,"No, but the job wasn't killed",,,,,,,,,,,,,Yes,,,,,,,,,2020-06-01,The Nation,news
994,The Nation,2020-01-01,Writer,Criticism,criticism,writing and reporting,,review,800,per article,800,"$800 per review of 1,200-1,600 words",,,2 weeks or less,Direct Deposit,Pre-existing relationship,Unsure,Yes,No,"Yes, but the job wasn't killed",400,Did not require overtime,Job did not expand,Did not require expenses,,Was not hazardous,Unsure,Unsure,No,,Entertainment,USA,No,New York,USA,Prefer not to say,White,0-5 years,28,Loved it,Prefer not to say,2020-01-01,The Nation,news
995,The Nation,2021-01-22,Writer,"2,000 word reported article",2000 word reported article,writing and reporting,2000,article,500,,0,,,,30 days,Direct Deposit,Pre-existing relationship,Unsure,Unsure,No,"Yes, but the job wasn't killed",,Did not require overtime,Job did not expand,Did not require expenses,,,,No,No,,"Local News, Politics",US,Yes,New York,US,She/Her,White,5-10 years,29,,"Cis, Female",2021-01-22,The Nation,news
996,The Nation,2021-04-26,Writer,News and analysis piece commissioned by editor,news and analysis piece commissioned by editor,writing and reporting,,article,425,,0,,,,New Job - Still Waiting,Direct Deposit,They reached out to me with an assignment,Unsure,Yes,No,Unsure,,,,,,,,,,,,,,,,She/Her,White,10-15 years,,,"Cis, Female",2021-04-26,The Nation,news
997,The Nation,2021-03-03,Writer,"3,000 words reported feature",3000 words reported feature,writing and reporting,3000,feature,600,,0,,,,2 weeks or less,Direct Deposit,Pre-existing relationship,1st Rights,Yes,No,"Yes, but the job wasn't killed",,Required overtime &amp; I wasn't compensated,Job did not expand,Did not require expenses,,Was not hazardous,No,No,No,,National News,United States,Yes,DC,,She/Her,White,5-10 years,32,Loved it,Female,2021-03-03,The Nation,news
998,The Nation,2019-04-02,Writer,2000 words reporting/analysis,2000 words reporting/analysis,writing and reporting,2000,article,600,,0,,,,,,,,,,,,,,,,,,,,,Politics,United States,,New York,,She/Her,White,5-10 years,33,"Loved it, Would recommend to others",Female,2019-04-02,The Nation,news
999,The Nation,2020-08-28,Writer,Author Q&amp;A,author q&amp;a,writing and reporting,,article,250,,0,,,,2 weeks or less,Direct Deposit,They reached out to me with an assignment,Unsure,No,No,Unsure,,Did not require overtime,Job did not expand,Did not require expenses,,,,,,,Culture,USA,,MT,USA,She/Her,Black,5-10 years,,,"Cis, Female",2020-08-28,The Nation,news
1000,The Nation,2019-06-01,Writer,"A 2,000 word reported article, also provided photos",a 2000 word reported article also provided photos,writing and reporting,2000,article,500,,0,,,,30 days,Direct Deposit,Cold pitch - I reached out to them,1st Rights,Yes,No,"No, but the job wasn't killed",,Did not require overtime,Job did not expand,The job required expenses but I had recieved a reporting grant from a non-profit and did not ask The Nation to cover expenses,,Was hazardous &amp; protective measures were not taken,No,No,No,,International News,United States (but reporting was in Mexico),Yes,New York,United States,She/Her,White,0-5 years,29,Would recommend to others,Female,2019-06-01,The Nation,news
1001,The Nation,2019-09-05,Writer,Web film review of ~3400 words (I went way over length),web film review of ~3400 words (i went way over length),writing and reporting,3400,video,600,,0,,,,,,,,,,,,,,,,,,,,,,,,,,,,,,,,2019-09-05,The Nation,news
1002,The Nation,2019-01-29,Writer,print book review of about ~2400 words,print book review of about ~2400 words,writing and reporting,2400,review,750,,0,,,,,,,,,,,,,,,,,,,,,,,,,,,,,,,,2019-01-29,The Nation,news
1003,The Nation,2018-10-18,Writer,~1500 book review for web,~1500 book review for web,writing and reporting,1500,review,350,,0,,,,,,,,,,,,,,,,,,,,,,,,,,,,,,,,2018-10-18,The Nation,news
1004,The Nation,2020-03-05,Writer,2000-word book review,2000 word book review,writing and reporting,2000,review,500,,0,,,,30 days,Direct Deposit,Pre-existing relationship,Unsure,Yes,No,"No, but the job wasn't killed",,Did not require overtime,Job did not expand,Did not require expenses,,Was not hazardous,No,No,No,,Entertainment,US,No,Colorado,US,They/Their,White,5-10 years,32,Loved it,"Nonbinary, Trans",2020-03-05,The Nation,news
1005,The Nation,2018-01-01,Writer,Book review essay,book review essay,writing and reporting,,review,350,,0,,,,30 days,Check by mail,Cold pitch - I reached out to them,Unsure,Yes,No,"Yes, but the job wasn't killed",,,,,,,,,,,,,,,,,,,,,,2018-01-01,The Nation,news
1006,The Nation,2018-08-01,Writer,2000 words reporting,2000 words reporting,writing and reporting,2000,article,400,,0,,,,,,,,,,,,,,Required expenses &amp; I was reimbursed,,,,,,,,USA,Yes,NY,USA,He/His,White,5-10 years,,,Cis,2018-08-01,The Nation,news
1007,The Nation,2021-11-12,Writer,~1500 words reporting (multiple sources),~1500 words reporting (multiple sources),writing and reporting,1500,article,400,,0,,,,30 days,Direct Deposit,Pre-existing relationship,Unsure,Yes,No,"Yes, but the job wasn't killed",,Did not require overtime,Job did not expand,Did not require expenses,,Was not hazardous,Unsure,Unsure,No,,"National News, Politics",United States,No,New York,United States,He/His,"Hispanic, Latinx",5-10 years,25,Would recommend to others,"Cis, Male",2021-11-12,The Nation,news
1008,The Nation,2020-12-16,Writer,~2000 word article,~2000 word article,writing and reporting,2000,article,450,,0,,,,New Job - Still Waiting,Direct Deposit,Pre-existing relationship,Shared Copyright,Verbal or ‘handshake’ agreement,No,"No, but the job wasn't killed",,Did not require overtime,Job did not expand,Did not require expenses,,Was not hazardous,Publicly Available,No,No,,Politics,United States,,NY,,She/Her,East Asian,15-20 years,,Would recommend to others,"Cis, Female",2020-12-16,The Nation,news
1009,The Nation,2020-10-06,Illustrator,Cover illustration,cover illustration,graphics/design,,graphics,650,,0,,,,30 days,Direct Deposit,"Pre-existing relationship, They reached out to me with an assignment",1st Rights,No,No,"No, but the job wasn't killed",,Did not require overtime,Job did not expand,Did not require expenses,,Was not hazardous,Unsure,Unsure,No,,International News,United States,Yes,NY,,,"Hispanic, White Passing",15-20 years,37,Loved it,Female,2020-10-06,The Nation,news
1010,The Nation,2019-09-17,Writer,800-word piece showcasing artwork/interviews from 4 different artists.,800 word piece showcasing artwork/interviews from 4 different artists.,writing and reporting,800,article,350,flat,350,Flat rate of $350 was offered.,,,2 weeks or less,Direct Deposit,They asked me to pitch,Unsure,Yes,No,"No, but the job wasn't killed",,Did not require overtime,Job did not expand,Did not require expenses,,Hazard pay was not required,Publicly Available,No,Unsure,,Immigration,United States,No,North Carolina,U.S.,She/Her,Latinx,10-15 years,36,Would not recommend to others,"Cis, Female",2019-09-17,The Nation,news
1011,The Nation,2021-03-11,Writer,Write 2000 word article (interview),write 2000 word article (interview),writing and reporting,2000,article,400,,0,,,,2 weeks or less,Direct Deposit,Cold pitch - I reached out to them,Work For Hire,Yes,No,Unsure,,Did not require overtime,Job did not expand,Did not require expenses,,Was not hazardous,No,No,No,,National News,USA,No,MD,USA,They/Their,"Jewish, White",0-5 years,31,"Loved it, Would recommend to others","Female, Genderqueer, Nonbinary",2021-03-11,The Nation,news
1012,The Nation,2021-03-10,Infographic Designer,Score column infographic/ print and digital versions,score column infographic/ print and digital versions,graphics/design,,graphics,300,per hour,60,$60/hour,,,2 weeks or less,Direct Deposit,Pre-existing relationship,Shared Copyright,Yes,No,"No, but the job wasn't killed",,Did not require overtime,Job did not expand,Did not require expenses,,,,Unsure,,,National News,United States,No,Washington,United States,She/Her,East Asian,25 &amp; up,56,Loved it,Female,2021-03-10,The Nation,news
1013,The Nation,2020-07-01,Writer,3000 word review of Claudia Rankine's newest book for the print edition of The Nation.,3000 word review of claudia rankine's newest book for the print edition of the nation.,writing and reporting,3000,review,1000,,0,,,,,Direct Deposit,"Pre-existing relationship, They reached out to me with an assignment",1st Rights,No,No,"No, but the job wasn't killed",,,,Did not require expenses,,Was not hazardous,,,,,Non Fiction General/Genre,United States,Yes,Pennsylvania,United States,He/His,Black,5-10 years,28,"Whatevs, Would recommend to others","Cis, Male",2020-07-01,The Nation,news
1014,The Nation,2019-01-10,Writer,cover story on U.S.-China relations,cover story on u.s. china relations,writing and reporting,,article,2000,per word,0.5,.50 a word,,,30 days,Check by mail,Pre-existing relationship,1st Rights,Yes,No,"Yes, but the job wasn't killed",500,Did not require overtime,Job did not expand,Did not require expenses,,Hazard pay was not required,Unsure,No,No,,International News,United States,No,MD,NY,He/His,White,25 &amp; up,57,Would recommend to others,Male,2019-01-10,The Nation,news
1015,The Nation,2021-02-20,Writer,3.5k print feature,3.5k print feature,writing and reporting,3500,feature,700,,0,,,,,,,,,,,,,"The story expanded, and I hope to be compensated",Required expenses &amp; I wasn't reimbursed,,,,,,,International News,US,Yes,NY,US,He/His,White,5-10 years,39,Whatevs,Male,2021-02-20,The Nation,news
1016,The Nation,2020-04-01,Writer,1500 word article,1500 word article,writing and reporting,1500,article,650,per article,650,"Contributing writer contract: 650 per 1500 words, 850 per 2000 words",,,30 days,Paypal,Pre-existing relationship,Unsure,Yes,No,"No, but the job wasn't killed",,Did not require overtime,Job did not expand,Did not require expenses,,Was not hazardous,No,No,No,,"International News, National News, Politics, Editorial &amp; Opinion",US,No,NY,NY,He/His,East Asian,5-10 years,29,,"Cis, Male",2020-04-01,The Nation,news
1017,The Nation,2020-01-15,Writer,4000 word book review,4000 word book review,writing and reporting,4000,review,1300,,0,,,,2 months,Direct Deposit,Pre-existing relationship,Unsure,No,No,Unsure,,Did not require overtime,Job did not expand,Did not require expenses,,Was not hazardous,No,No,Unsure,,Fiction General/Genre,United States,No,Massachusetts,United States,She/Her,White,5-10 years,35,Would recommend to others,Cis,2020-01-15,The Nation,news
1018,The Nation,2020-09-01,Writer,4000 word print eature,4000 word print eature,writing and reporting,4000,feature,3000,per article,3000,3000 per print feature,,,2 weeks or less,Direct Deposit,Pre-existing relationship,1st Rights,Yes,No,"Yes, but the job wasn't killed",750,Did not require overtime,Job did not expand,Did not require expenses,,Was not hazardous,Unsure,Unsure,No,,National News,United States,No,New York,New York,He/His,White,0-5 years,33,"Loved it, Would recommend to others",Cis,2020-09-01,The Nation,news
1019,The Nation,2019-06-01,Writer,Investigative report on impacts of Iraq War,investigative report on impacts of iraq war,writing and reporting,,feature,1500,,0,,,,2 weeks or less,Direct Deposit,Pre-existing relationship,Unsure,Yes,Traveled to Iraq to do reporting,Unsure,,Required overtime &amp; I wasn't compensated,Job expanded &amp; I wasn't compensated,Received $1000 for travel which was thousands of dollars less than the actual expenses,Did not need to submit receipts - was paid through direct deposit,Was hazardous &amp; protective measures were not taken,No,No,No,,International News,Mexico,Yes,,United States,She/Her,"Jewish, White",10-15 years,33,Would not recommend to others,"Cis, Female",2019-06-01,The Nation,news
1020,The Nation,2020-01-15,Writer,Book criticism,book criticism,writing and reporting,,review,425,,0,,,,30 days,Paypal,Cold pitch - I reached out to them,1st Rights,,,,,,,,,,,,,,,,,,,,,,,,,2020-01-15,The Nation,news
1021,The Nation,2021-02-18,Writer,Book review (1200-1500 words),book review (1200 1500 words),writing and reporting,1350,review,400,,0,,,,New Job - Still Waiting,Haven't been paid yet,Cold pitch - I reached out to them,1st Rights,Yes,No,,,Did not require overtime,,,,,,No,No,,,,Yes,,,,,,,,,2021-02-18,The Nation,news
1022,The Nation,2020-11-23,Writer,"4,000-word reported feature",4000 word reported feature,writing and reporting,4000,feature,1250,,0,,,,2 weeks or less,Paypal,Pre-existing relationship,1st Rights,Yes,No,"Yes, but the job wasn't killed","312,5",Unsure,Job did not expand,Did not require expenses,,Was not hazardous,Unsure,No,,,,United States,Yes,MA,,She/Her,White,10-15 years,,,"Cis, Female",2020-11-23,The Nation,news
1023,The Nation,2020-01-20,Writer,800 word opinion piece on the caucus system,800 word opinion piece on the caucus system,writing and reporting,800,op/ed,150,,0,,,,2 weeks or less,Direct Deposit,They reached out to me with an assignment,,Yes,No,,,,,,,,No,No,,,Editorial &amp; Opinion,US,No,New York,New York,She/Her,White,0-5 years,24,Whatevs,Female,2020-01-20,The Nation,news
1024,The Nation,2019-10-30,Writer,4000 word book review essay,4000 word book review essay,writing and reporting,4000,review,1400,flat,1400,1400 flat fee,,,2 weeks or less,Direct Deposit,Pre-existing relationship,,,No,,,Did not require overtime,Job did not expand,Did not require expenses,,Was not hazardous,,,No,,,,,,,,,,,,,2019-10-30,The Nation,news
1025,The Nation,2021-01-06,Writer,800 words fast-response news commentary,800 words fast response news commentary,writing and reporting,800,article,500,,0,,,,2 weeks or less,Direct Deposit,"Pre-existing relationship, They reached out to me with an assignment",,Verbal or ‘handshake’ agreement,No,"No, but the job wasn't killed",,,,Did not require expenses,,,,,,,"National News, Politics, Editorial &amp; Opinion",USA,Yes,NY,USA,He/His,White,5-10 years,31,Loved it,Cis,2021-01-06,The Nation,news
1026,The Nation,2020-10-03,Audio Production,Lead Producer on a ten-episode podcast series,lead producer on a ten episode podcast series,audio,,audio,12800,per week,800,$800 per week,,,30 days,Direct Deposit,Pre-existing relationship,Work For Hire,Yes,No,Unsure,,Did not require overtime,Job expanded &amp; I wasn't compensated,Required expenses &amp; I wasn't reimbursed,,Was not hazardous,No,No,Yes,25000,"National News, Editorial &amp; Opinion, History",Usa,Yes,NY,USA,She/Her,White,0-5 years,25,"Whatevs, Would not recommend to others","Cis, Female",2020-10-03,The Nation,news
1027,The Nation,2020-08-15,Writer,Film Review 900 words,film review 900 words,writing and reporting,900,review,250,,0,,,,2 weeks or less,Direct Deposit,Pre-existing relationship,Work For Hire,No,No,"No, but the job wasn't killed",,Did not require overtime,Job expanded &amp; I wasn't compensated,Did not require expenses,,Was not hazardous,No,No,No,,Editorial &amp; Opinion,USA,Yes,NY,USA,She/Her,White,0-5 years,25,Would recommend to others,Cis,2020-08-15,The Nation,news
1028,The Nation,2020-11-01,Writer,2000 word book review,2000 word book review,writing and reporting,2000,review,1250,,0,,,,30 days,Direct Deposit,"Pre-existing relationship, They reached out to me with an assignment",,,,,,,,,,,,,,,,United States,Yes,NY,United States,She/Her,East Asian,5-10 years,28,"Whatevs, Would recommend to others","Cis, Female",2020-11-01,The Nation,news
1029,The Nation,2020-10-22,"Photographer, Writer","Reported story for the web, ~2000 words",reported story for the web ~2000 words,writing and reporting,2000,article,500,flat,400,Agreed on $400 for 1500 words. Went way over word count (2400) and kept it at same rate. Was paid extra $100 for four photos.,,,2 weeks or less,Direct Deposit,"Cold pitch - I reached out to them, Network referral",1st Rights,Yes,No,"Yes, but the job wasn't killed",200,,"As mentioned,  I went way over word count and rate stayed the same. I preferred to keep the extra words without hassle than renegotiate rates. I did get paid a small fee for my photos.",Reporting did require travel but it was paid for by another outlet before I approached the Nation.,,All in-person reporting is potentially hazardous in the age of Covid-19 but I had already done the reporting when pitching this story so the Nation was not responsible.,No,Publicly Available,No,,National News,US,Yes,NY,US,He/His,White,5-10 years,30,"Loved it, Would recommend to others","Cis, Male",2020-10-22,The Nation,news
1030,The Nation,2020-07-15,Writer,2500-word book review/essay,2500 word book review/essay,writing and reporting,2500,review,1100,,0,,,,2 months,Direct Deposit,Pre-existing relationship,1st Rights,Yes,No,"Yes, but the job wasn't killed",550,Did not require overtime,Job expanded &amp; I wasn't compensated,Did not require expenses,,,Unsure,No,No,,"Entertainment, Books and the Arts",US,Yes,NY,US,She/Her,"Jewish, White",10-15 years,36,Loved it,Female,2020-07-15,The Nation,news
1031,The Nation,2020-06-10,Writer,1000-word piece of cultural criticism,1000 word piece of cultural criticism,writing and reporting,1000,review,450,,0,,,,2 weeks or less,Direct Deposit,Pre-existing relationship,1st Rights,Yes,No,"Yes, but the job wasn't killed",225,Did not require overtime,Job expanded &amp; I wasn't compensated,Did not require expenses,,,Unsure,No,No,,"Entertainment, Culture",US,Yes,NY,US,She/Her,"Jewish, White",10-15 years,36,Loved it,Female,2020-06-10,The Nation,news
1032,The Nation,2020-03-16,Writer,1500-word book review,1500 word book review,writing and reporting,1500,review,400,flat,400,flat rate for piece,,,2 weeks or less,Direct Deposit,Cold pitch - I reached out to them,1st Rights,Yes,No,"Yes, but the job wasn't killed",100,Did not require overtime,Job did not expand,Did not require expenses,,Was not hazardous,No,No,No,,"Editorial &amp; Opinion, Entertainment",United States,No,"Washington, DC",United States,She/Her,Southeast Asian,5-10 years,,Would recommend to others,Cis,2020-03-16,The Nation,news
1033,The Nation,2019-06-01,Writer,writing,writing,writing and reporting,,other,850,flat,850,flat rate,,,3 months,Direct Deposit,They asked me to pitch,1st Rights,Yes,No,"Yes, but the job wasn't killed",,,Job expanded &amp; I was compensated,Did not require expenses,,,No,No,No,,Entertainment,United States,Yes,New York,USA,She/Her,"Jewish, White",5-10 years,,Whatevs,"Cis, Female",2019-06-01,The Nation,news
1034,The Nation,2020-06-22,Writer,Reported print feature,reported print feature,writing and reporting,,feature,3500,,0,,,,2 weeks or less,Direct Deposit,Pre-existing relationship,,,,,,,,,,,,,,,,United States,Yes,NY,United States,She/Her,White,10-15 years,36,"Loved it, Would recommend to others","Cis, Female",2020-06-22,The Nation,news
1035,The Nation,2020-07-06,Writer,Print book review,print book review,writing and reporting,,review,1200,,0,,,,,Direct Deposit,Pre-existing relationship,,,,,,,,,,,,,,,,United States,Yes,NY,United States,She/Her,White,10-15 years,36,"Whatevs, Would recommend to others","Cis, Female",2020-07-06,The Nation,news
1036,The Nation,2020-10-26,Writer,Reported web feature,reported web feature,writing and reporting,,feature,1200,,0,,,,2 weeks or less,Direct Deposit,Pre-existing relationship,,Yes,No,,,,,,,,,,,,,United States,Yes,NY,United States,She/Her,White,10-15 years,36,"Loved it, Would recommend to others","Cis, Female",2020-10-26,The Nation,news
1037,The Nation,2020-02-01,Writer,2500 word book review,2500 word book review,writing and reporting,2500,review,1250,,0,,,,30 days,Direct Deposit,Pre-existing relationship,1st Rights,Yes,,"Yes, but the job wasn't killed",,,,,,,,,,,,United States,Yes,NY,United States,She/Her,East Asian,5-10 years,28,Whatevs,Female,2020-02-01,The Nation,news
1038,The National Catholic Reporter,2024-08-15,Writer,900 word book review,900 word book review,writing and reporting,900,review,250,,0,,5,50,30 days,Check by mail,They reached out to me with an assignment,1st Rights,No,No,"No, but the job wasn't killed",,Did not require overtime,Job did not expand,Did not require expenses,,Was not hazardous,Publicly Available,No,No,,Non Fiction General/Genre,United States,Yes,Kansas,United States,He/His,"Hispanic, White",0-5 years,26,Loved it,Male,2024-08-15,National Catholic Reporter,news
1039,The New Humanitarian,2023-11-01,"Writer, Journalist","Reported feature, 2,500 words",reported feature 2500 words,writing and reporting,2500,feature,1000,per word,0.4,$0.40/word,50,20,2 weeks or less,Direct Deposit,Pre-existing relationship,Unsure,Yes,No,Unsure,,Unsure,Job did not expand,Did not require expenses,,Was not hazardous,Unsure,Publicly Available,Unsure,,International News,United States,No,Arizona,Switzerland,He/His,White,5-10 years,31,Would recommend to others,Cis,2023-11-01,The New Humanitarian,news
1040,The New Republic,2024-10-01,Writer,"1,500 words reported",1500 words reported,writing and reporting,1500,article,700,,0,,,,,,,,,,,,,,,,,,,,,,,Yes,,,,,,,,,2024-10-01,The New Republic,news
1041,The New Republic,2025-03-01,Writer,"Book review (2500 words, print)",book review (2500 words print),writing and reporting,2500,review,1500,,0,,,,,,,,,,,,,,,,,,,,,,,,,,,,,,,,2025-03-01,The New Republic,news
1042,The New Republic,2024-01-01,Writer,Book review,book review,writing and reporting,,review,500,,0,,,,30 days,Direct Deposit,Pre-existing relationship,Unsure,Yes,No,Unsure,,Did not require overtime,Job did not expand,Did not require expenses,,,,,,,Non Fiction General/Genre,US,No,Hawaii,US,She/Her,White Passing,15-20 years,,Loved it,"Cis, Female",2024-01-01,The New Republic,news
1043,The New Republic,2024-01-01,Writer,1500 words reporting,1500 words reporting,writing and reporting,1500,article,750,,0,,12,62.5,30 days,Direct Deposit,"No pre-existing relationship, Cold pitch - I reached out to them",1st Rights,Yes,No,"Yes, but the job wasn't killed",187.5,Did not require overtime,Job did not expand,Did not require expenses,,Was not hazardous,Publicly Available,Unsure,No,,Politics,United States,No,New York,United States,She/Her,White,10-15 years,,"Loved it, Would recommend to others","Cis, Female",2024-01-01,The New Republic,news
1044,The New Republic,2023-08-15,Writer,1700-word book review,1700 word book review,writing and reporting,1700,review,500,,0,,20,25,30 days,Direct Deposit,Pre-existing relationship,1st Rights,Yes,,"Yes, but the job wasn't killed",,,,,,,,,,,,USA,Yes,PA,USA,She/Her,White,5-10 years,,Loved it,Cis,2023-08-15,The New Republic,news
1045,The New Republic,2023-01-26,Writer,1700-word book review,1700 word book review,writing and reporting,1700,review,500,,0,,,,30 days,Direct Deposit,Pre-existing relationship,1st Rights,Yes,No,"Yes, but the job wasn't killed",125,Did not require overtime,Job did not expand,Did not require expenses,,,Publicly Available,Publicly Available,,,Entertainment,,Yes,,,,,,,,,2023-01-26,The New Republic,news
1046,The New Republic,2022-08-22,Writer,1700-word book review,1700 word book review,writing and reporting,1700,review,500,,0,,,,30 days,Direct Deposit,Cold pitch - I reached out to them,,,,,,,,,,,,,,,,,No,,,,,,,,,2022-08-22,The New Republic,news
1047,The New Republic,2021-05-05,Writer,1200 word reported story,1200 word reported story,writing and reporting,1200,article,300,,0,,,,,,,,,,,,,,,,,,,,,,,,,,,,,,,,2021-05-05,The New Republic,news
1048,The New Republic,2020-12-11,Writer,Op-ed,op ed,writing and reporting,,op/ed,250,,0,,,,2 months,Direct Deposit,They asked me to pitch,1st Rights,No,No,"Yes, &amp; the job was killed",250,Did not require overtime,Job did not expand,Did not require expenses,,"Was not hazardous, Did not receive hazard pay, Hazard pay was not required",Publicly Available,Unsure,No,,"Local News, Politics, Editorial &amp; Opinion",US,No,NY,US,He/His,"East Asian, White",5-10 years,28,Whatevs,Cis,2020-12-11,The New Republic,news
1049,The New Republic,2020-07-15,Writer,Reported feature,reported feature,writing and reporting,,feature,900,,0,,,,,Check by mail,"Cold pitch - I reached out to them, Network referral",,,,,,,,,,,,,,,,,,,,,,,,,,2020-07-15,The New Republic,news
1050,The New Republic,2020-08-05,Writer,"1,200 words reported opinion reporting",1200 words reported opinion reporting,writing and reporting,1200,op/ed,375,,0,,,,30 days,Check by mail,Cold pitch - I reached out to them,Unsure,Yes,No,"Yes, but the job wasn't killed",,,,,,,,,,,Politics,,,,,,,,,,,2020-08-05,The New Republic,news
1051,The New Republic,2020-10-01,Writer,reported feature,reported feature,writing and reporting,,feature,1500,flat,1500,flat rate,,,New Job - Still Waiting,Check by mail,"Pre-existing relationship, Cold pitch - I reached out to them",1st Rights,No,No,Unsure,,Required overtime &amp; I wasn't compensated,Job did not expand,Required expenses &amp; I wasn't reimbursed,I got a grant from EHRP for expenses,,No,,Yes,500,National News,,Yes,,,,,,,Whatevs,,2020-10-01,The New Republic,news
1052,The New Republic,2020-03-01,Writer,4000 word book review essay,4000 word book review essay,writing and reporting,4000,review,1800,flat,1800,$1800 flat rate,,,30 days,Check by mail,Pre-existing relationship,,,,,,,,,,,,No,No,,,,,,,,,,,,,2020-03-01,The New Republic,news
1053,The New Republic,2020-01-01,Writer,1200 word lightly reported essay,1200 word lightly reported essay,writing and reporting,1200,essay,450,,0,,,,New Job - Still Waiting,,Pre-existing relationship,,,,,,,,,,,Publicly Available,,,,,United States,Yes,NY,United States,She/Her,East Asian,5-10 years,28,"Loved it, Would recommend to others","Cis, Female",2020-01-01,The New Republic,news
1054,The New Republic,2020-06-01,Writer,800 word as told to,800 word as told to,writing and reporting,800,other,450,,0,,,,30 days,Direct Deposit,Pre-existing relationship,,,,,,,,,,,,,,,,United States,Yes,NY,United States,She/Her,East Asian,5-10 years,28,"Loved it, Would recommend to others","Cis, Female",2020-06-01,The New Republic,news
1055,The New Republic,2019-11-26,Writer,2500-word book review/essay,2500 word book review/essay,writing and reporting,2500,review,1100,,0,,,,30 days,Check by mail,"Pre-existing relationship, They reached out to me with an assignment",1st Rights,Yes,No,"Yes, but the job wasn't killed",275,Did not require overtime,Job expanded &amp; I wasn't compensated,Did not require expenses,,,Unsure,No,No,,"Entertainment, Books &amp; the Arts",US,Yes,NY,US,She/Her,"Jewish, White",10-15 years,36,Would recommend to others,Female,2019-11-26,The New Republic,news
1056,The New Republic,2020-12-01,Writer,Book review essay (2000 words),book review essay (2000 words),writing and reporting,2000,review,500,,0,,,,,,Pre-existing relationship,Unsure,Verbal or ‘handshake’ agreement,No,Unsure,,,Job expanded &amp; I wasn't compensated,Did not require expenses,,,,No,No,,Culture,United States,No,DC,United States,She/Her,"Jewish, White",10-15 years,35,Loved it,"Cis, Female",2020-12-01,The New Republic,news
1057,The New Republic,2020-11-30,Writer,800 word opinion piece,800 word opinion piece,writing and reporting,800,op/ed,475,,0,475,,,New Job - Still Waiting,Check by mail,Pre-existing relationship,1st Rights,Yes,No,Unsure,,Unsure,Job did not expand,Did not require expenses,,,Publicly Available,No,No,,"Local News, Politics, Editorial &amp; Opinion",,,,,,,,,,,2020-11-30,The New Republic,news
1058,The New Republic,2020-11-11,Writer,"1,000 word op-ed",1000 word op ed,writing and reporting,1000,op/ed,600,,0,,,,,,"Pre-existing relationship, They reached out to me with an assignment",,,,,,,,,,,,,,,,United States,Yes,NY,United States,She/Her,White,10-15 years,36,"Loved it, Would recommend to others","Cis, Female",2020-11-11,The New Republic,news
1059,The New Republic,2020-12-15,Illustrator,Lede illustration,lede illustration,graphics/design,,graphics,600,,0,,,,New Job - Still Waiting,Check by mail,"Pre-existing relationship, They reached out to me with an assignment",Unsure,Yes,No,Unsure,,Did not require overtime,Job did not expand,Did not require expenses,,,No,No,No,,"National News, Editorial &amp; Opinion",United States,No,MD,United States,They/Their,White,0-5 years,24,Loved it,"Genderqueer, Nonbinary",2020-12-15,The New Republic,news
1060,The New Republic,2020-07-15,Writer,"Quick turnaround reported story, 1800 words",quick turnaround reported story 1800 words,writing and reporting,1800,article,600,flat,600,flat fee,,,30 days,Check by mail,Cold pitch - I reached out to them,Unsure,Yes,No,Unsure,,Did not require overtime,Job did not expand,Did not require expenses,,Was not hazardous,Publicly Available,No,No,,National News,US,Yes,NY,US,She/Her,White,5-10 years,38,Loved it,"Female, Cis",2020-07-15,The New Republic,news
1061,The New York Review of Books,2023-09-01,Writer,3500-word two-book review,3500 word two book review,writing and reporting,3500,review,3700,per word,1.05,$1.05 per word,50,74,2 weeks or less,Direct Deposit,"No pre-existing relationship, Cold pitch - I reached out to them",1st Rights,Yes,,"Yes, but the job wasn't killed",,,,,,,,,,,,US,Yes,PA,US,She/Her,White,5-10 years,,Loved it,"Cis, Female",2023-09-01,The New York Review of Books,news
1062,The New York Review of Books,2022-03-14,Writer,book review,book review,writing and reporting,,review,5000,per word,1,$1/word,,,30 days,Check by mail,They reached out to me with an assignment,Unsure,Unsure,No,"No, but the job wasn't killed",,Did not require overtime,Job did not expand,Did not require expenses,,,Unsure,Unsure,,,,United States,Yes,NY,US,She/Her,Black,0-5 years,,"Loved it, Would recommend to others",,2022-03-14,The New York Review of Books,news
1063,The New York Times,2024-06-17,"Producer, Writer",reporting and producing for multimedia piece,reporting and producing for multimedia piece,writing and reporting,,article,4235,flat,0,reporting was a flat project rate plus writing at $1/word,160,26.47,2 weeks or less,Direct Deposit,Pre-existing relationship,,Yes,Yes,,,,Job expanded &amp; I was compensated,Required expenses &amp; I was reimbursed,,Was not hazardous,,,,,Editorial &amp; Opinion,US,Yes,,US,She/Her,White,10-15 years,,,"Cis, Female",2024-06-17,The New York Times,news
1064,The New York Times,2024-05-01,Writer,1200-word reported op-ed,1200 word reported op ed,writing and reporting,1200,op/ed,600,,0,,12,50,30 days,Direct Deposit,,Unsure,Yes,No,,,,Job did not expand,Did not require expenses,,Was not hazardous,Publicly Available,Unsure,No,,"Editorial &amp; Opinion, Science",United States,No,New York,United States,She/Her,"Southeast Asian, White",0-5 years,24,"Whatevs, Would recommend to others","Female, Trans",2024-05-01,The New York Times,news
1065,The New York Times,2023-09-01,Writer,1400 word arts feature,1400 word arts feature,writing and reporting,1400,feature,1400,,0,,,,2 weeks or less,Direct Deposit,Network referral,,Yes,,,,,,Required expenses &amp; I wasn't reimbursed,,Was not hazardous,No,No,No,,,United States,,IL,United States,She/Her,"Jewish, White",0-5 years,28,Would recommend to others,Female,2023-09-01,The New York Times,news
1066,The New York Times,2022-12-01,Writer,Book Review,book review,writing and reporting,,review,600,per word,1,$1/word,,,New Job - Still Waiting,,Pre-existing relationship,Unsure,No,,"No, but the job wasn't killed",,,Job did not expand,Did not require expenses,,,No,Unsure,No,,The Book Review,United Statese,Yes,New York,New York,She/Her,Black,0-5 years,,"Loved it, Would recommend to others","Cis, Female",2022-12-01,The New York Times,news
1067,The New York Times,2022-04-05,Illustrator,Half page illustration for the Business section,half page illustration for the business section,graphics/design,,graphics,500,,0,,,,2 weeks or less,Check by mail,They reached out to me with an assignment,Unsure,Yes,No,"No, but the job wasn't killed",,Did not require overtime,Job did not expand,Did not require expenses,,I worked from home,No,No,No,,Business,usa,No,VT,USA,He/His,White,15-20 years,42,Loved it,Male,2022-04-05,The New York Times,news
1068,The New York Times,2021-08-01,Writer,opinion piece,opinion piece,writing and reporting,,op/ed,700,,0,honorarium,,,30 days,Direct Deposit,They asked me to pitch,Shared Copyright,,No,,,,,,,,No,No,No,,National News,,,,,,,,,,,2021-08-01,The New York Times,news
1069,The New York Times,2021-03-22,Writer,1400-word reported profile,1400 word reported profile,writing and reporting,1400,article,700,per word,0.5,$0.50 per word,,,New Job - Still Waiting,Direct Deposit,Cold pitch - I reached out to them,Unsure,Yes,No,"No, but the job wasn't killed",,Did not require overtime,Job did not expand,Did not require expenses,,Was not hazardous,No,No,No,,International News,Germany,No,,,She/Her,White,10-15 years,32,Would recommend to others,"Cis, Female",2021-03-22,The New York Times,news
1070,The New York Times,2021-02-16,Writer,1500-word reported story. Medium amount of reporting required,1500 word reported story. medium amount of reporting required,writing and reporting,1500,article,1000,,0,,,,30 days,Direct Deposit,Cold pitch - I reached out to them,Work For Hire,Unsure,No,"No, but the job wasn't killed",,,Job expanded &amp; I wasn't compensated,Did not require expenses,,Was not hazardous,Publicly Available,No,No,,"Fashion, Sex &amp; Relationships",U.S.,No,,U.S.,She/Her,White,5-10 years,28,"Whatevs, Difficult to communicate with -- emails with key questions/info about the story would often go unanswered ",Female,2021-02-16,The New York Times,news
1071,The New York Times,2020-03-05,Writer,"reported piece ~1,200 words",reported piece ~1200 words,writing and reporting,1200,article,1600,,0,,,,2 weeks or less,Direct Deposit,Cold pitch - I reached out to them,Unsure,Yes,No,Unsure,,Did not require overtime,Job did not expand,Did not require expenses,,Was not hazardous,Publicly Available,No,No,,Health &amp; Wellness,United States,Yes,NY,United States,She/Her,White,15-20 years,39,Loved it,"Cis, Female",2020-03-05,The New York Times,news
1072,The New York Times,2021-03-24,Illustrator,"B&amp;W spot, print only",b&amp;w spot print only,graphics/design,,graphics,250,,0,,,,2 weeks or less,Direct Deposit,"Pre-existing relationship, They reached out to me with an assignment",Unsure,Yes,No,"Yes, but the job wasn't killed",125,Did not require overtime,Job did not expand,Did not require expenses,,Was not hazardous,Unsure,No,,,"Editorial &amp; Opinion, Sketchbook",United States,Yes,New York,United States,She/Her,Middle Eastern,5-10 years,,Would recommend to others,Female,2021-03-24,The New York Times,news
1073,The New York Times,2021-02-01,Writer,"Arts feature, 1500 words",arts feature 1500 words,writing and reporting,1500,feature,1050,per word,0.5,normally 0.50c a word but was paid extra (without asking),,,2 months,Direct Deposit,Pre-existing relationship,1st Rights,Yes,No,Unsure,,Did not require overtime,Job did not expand,Did not require expenses,,Hazard pay was not required,,No,No,,Arts,USA,No,,,She/Her,White,5-10 years,32,,"Cis, Female",2021-02-01,The New York Times,news
1074,The New York Times,2021-04-06,Writer,250 word review,250 word review,writing and reporting,250,review,250,flat,250,Flat rate,,,2 weeks or less,Direct Deposit,Pre-existing relationship,Unsure,Unsure,No,"No, but the job wasn't killed",,Did not require overtime,Job did not expand,Did not require expenses,,Hazard pay was not required,Unsure,No,No,,Entertainment,United States,Yes,NY,United States,They/Their,"Hispanic, White",0-5 years,27,Would recommend to others,"Female, Nonbinary",2021-04-06,The New York Times,news
1075,The New York Times,2020-11-05,Illustrator,Quarter illustration for print and web,quarter illustration for print and web,graphics/design,,graphics,650,,0,,,,30 days,Direct Deposit,"Cold pitch - I reached out to them, They reached out to me with an assignment",,Yes,No,"Yes, but the job wasn't killed",325,Did not require overtime,Job did not expand,Did not require expenses,,Was not hazardous,Unsure,No,No,,Sports,United States,Yes,New York,United States,She/Her,Middle Eastern,5-10 years,,Loved it,Female,2020-11-05,The New York Times,news
1076,The New York Times,2020-12-15,Writer,1200 reporting and writing,1200 reporting and writing,writing and reporting,1200,article,780,,0,,,,2 weeks or less,Direct Deposit,Pre-existing relationship,Work For Hire,No,No,"Yes, but the job wasn't killed",,,Job did not expand,Required expenses &amp; I was reimbursed,Easy--just submitted receipts,Was not hazardous,Unsure,Unsure,No,,Arts,,,,,,,,,Loved it,Female,2020-12-15,The New York Times,news
1077,The New York Times,2020-08-22,Translator,Translation with fast turnaround text was about 1000 words,translation with fast turnaround text was about 1000 words,translation,,other,500,flat,500,$500 flat rate,,,2 weeks or less,Direct Deposit,They reached out to me with an assignment,Unsure,No,No,"No, but the job wasn't killed",0,Did not require overtime,Job did not expand,Did not require expenses,,Was not hazardous,Unsure,No,Unsure,,Editorial &amp; Opinion,United States,No,Illinois,USA,She/Her,Prefer not to say,10-15 years,35,Loved it,Female,2020-08-22,The New York Times,news
1078,The New York Times,2020-03-31,Writer,1000-word obituary,1000 word obituary,writing and reporting,1000,article,1010,per word,0.75,75 cents/word,,,2 weeks or less,Direct Deposit,"Pre-existing relationship, They reached out to me with an assignment",Work For Hire,Yes,No,"Yes, but the job wasn't killed",,Did not require overtime,Job expanded &amp; I was compensated,Did not require expenses,,,No,No,No,,Obituaries,US,Yes,NY,US,She/Her,"Jewish, White",10-15 years,36,Would recommend to others,Female,2020-03-31,The New York Times,news
1079,The New York Times,2020-03-16,Writer,1000-word reported story,1000 word reported story,writing and reporting,1000,article,1000,per word,1,$1/word,,,2 weeks or less,Direct Deposit,Pre-existing relationship,Work For Hire,Yes,No,"Yes, but the job wasn't killed",,Did not require overtime,Job did not expand,Did not require expenses,,,No,No,No,,"Editorial &amp; Opinion, Music",US,Yes,NY,US,She/Her,"Jewish, White",10-15 years,36,Would recommend to others,Female,2020-03-16,The New York Times,news
1080,The New York Times,2020-02-17,Writer,Art fair report (no set word count),art fair report (no set word count),writing and reporting,,other,790,per word,0.75,75 cents/word,,,2 weeks or less,Direct Deposit,Pre-existing relationship,Work For Hire,Yes,No,"Yes, but the job wasn't killed",,Did not require overtime,Job did not expand,Did not require expenses,,,No,No,No,,"Entertainment, Art &amp; Design",US,Yes,NY,US,She/Her,"Jewish, White",10-15 years,36,Would recommend to others,Female,2020-02-17,The New York Times,news
1081,The New York Times,2019-12-22,Writer,"Art exhibition review (no set word count, but 1000-word ballpark)",art exhibition review (no set word count but 1000 word ballpark),writing and reporting,1000,review,1200,per word,1,$1/word,,,2 weeks or less,Direct Deposit,Pre-existing relationship,Work For Hire,Yes,No,"Yes, but the job wasn't killed",,Did not require overtime,Job expanded &amp; I was compensated,Did not require expenses,,,No,No,No,,"Entertainment, Art &amp; Design",US,Yes,NY,US,She/Her,"Jewish, White",10-15 years,36,Would recommend to others,Female,2019-12-22,The New York Times,news
1082,The New York Times,2020-12-14,Illustrator," Spot illustration, b&amp;w",spot illustration b&amp;w,graphics/design,,graphics,250,,0,,,,New Job - Still Waiting,Direct Deposit,Pre-existing relationship,1st Rights,Yes,No,"Yes, but the job wasn't killed",250,Unsure,Job did not expand,Did not require expenses,,Was not hazardous,No,No,No,,Sketchbook (NYT),Canada,No,,United States,They/Their,White,0-5 years,23,Loved it,Nonbinary,2020-12-14,The New York Times,news
1083,The New York Times,2020-09-15,Photographer,Day rate for photographing wildfires,day rate for photographing wildfires,photography,,graphics,10000,per day,675,"$675/day (regular day rate I have with them is $450 but because of the wildfires and COVID, their day rate was 1.5x)",,,2 weeks or less,Direct Deposit,Pre-existing relationship,Shared Copyright,Yes,Yes,"Yes, but the job wasn't killed",225,Required overtime &amp; I was compensated,Job expanded &amp; I was compensated,Required expenses &amp; I was reimbursed,"Provided receipts for meals, lodging, mileage, PPE","Was hazardous &amp; protective measures were taken, But also had to sit in a car all day with people that refused to wear masks for COVID precautions",Unsure,Unsure,No,,National News,USA,No,Oregon,USA,She/Her,White,10-15 years,36,Loved it,Female,2020-09-15,The New York Times,news
1084,The New York Times,2019-10-28,Photographer,One-day freelance photography assignment for the national desk,one day freelance photography assignment for the national desk,photography,,graphics,450,,0,,,,2 weeks or less,Direct Deposit,They reached out to me with an assignment,Shared Copyright,No,No,"No, but the job wasn't killed",,Did not require overtime,Job did not expand,Required expenses &amp; I was reimbursed,,Was not hazardous,No,No,No,,National News,USA,Yes,NY,,He/His,White,0-5 years,32,Loved it,Cis,2019-10-28,The New York Times,news
1085,The New York Times,2020-11-02,Writer,"1,000 word op-ed",1000 word op ed,writing and reporting,1000,op/ed,750,,0,,,,,Direct Deposit,Pre-existing relationship,,Yes,No,,,,,,,,,,,,,United States,Yes,NY,United States,She/Her,White,10-15 years,36,"Loved it, Would recommend to others","Cis, Female",2020-11-02,The New York Times,news
1086,The New York Times,2020-10-15,Writer,1000 word reporter story,1000 word reporter story,writing and reporting,1000,article,1400,flat,1400,Flat rate,,,2 weeks or less,Direct Deposit,Cold pitch - I reached out to them,Work For Hire,Yes,No,"Yes, but the job wasn't killed",700,Did not require overtime,Job did not expand,Did not require expenses,,Was not hazardous,Unsure,Unsure,Unsure,,Fashion,USA,No,CA,USA,He/His,"Jewish, Pacific Islander, White",10-15 years,37,Loved it,"Cis, Male",2020-10-15,The New York Times,news
1087,The New York Times,2020-12-01,Writer,Approx. 1200 word feature story for daily arts section,approx. 1200 word feature story for daily arts section,writing and reporting,1200,feature,1200,per word,1,$1/word,,,2 weeks or less,Direct Deposit,Pre-existing relationship,Unsure,Unsure,No,Unsure,,Did not require overtime,Job did not expand,Did not require expenses,,Hazard pay was not required,No,No,No,,Arts/Culture,USA,Yes,NY,USA,She/Her,"Jewish, White",10-15 years,34,,Female,2020-12-01,The New York Times,news
1088,The New York Times,2020-12-14,"Animator, Illustrator",10 second animation,10 second animation,graphics/design,,graphics,1000,,0,,,,30 days,Direct Deposit,Pre-existing relationship,1st Rights,No,No,"Yes, but the job wasn't killed",,Did not require overtime,Job did not expand,Did not require expenses,,Was not hazardous,Unsure,No,No,,Entertainment,USA,Yes,,,She/Her,Prefer not to say,10-15 years,,"Loved it, Would recommend to others",Nonbinary,2020-12-14,The New York Times,news
1089,The New York Times Book Review,2021-06-16,Writer,Book review,book review,writing and reporting,,review,600,flat,600,flat rate,,,30 days,Direct Deposit,,,,,,,,,,,,,,,,,,,,,,,,,,,2021-06-16,The New York Times Book Review,news
1090,The New York Times Magazine,2021-07-14,Writer,Essay,essay,writing and reporting,,essay,2320,per word,2,$2/word,,,30 days,Direct Deposit,Cold pitch - I reached out to them,Shared Copyright,Yes,No,,,,,,,,,,,,,,,,,,,,,,,2021-07-14,The New York Times Magazine,news
1091,The New York Times Magazine,2020-10-30,"Editor, Writer",Letter of Recommendation essay,letter of recommendation essay,writing and reporting,,essay,1800,per word,2,$2/word,,,2 weeks or less,Direct Deposit,Cold pitch - I reached out to them,Work For Hire,Yes,No,"Yes, but the job wasn't killed",,Did not require overtime,Job did not expand,Did not require expenses,,Was not hazardous,No,No,No,,Non Fiction Memoir,United States,No,NY,United States,She/Her,White,5-10 years,31,"Loved it, Would recommend to others","Cis, Female",2020-10-30,The New York Times Magazine,news
1092,The New York Times T Magazine,2021-04-05,Writer,500 word web piece plus recipe (someone else's recipe),500 word web piece plus recipe (someone else's recipe),writing and reporting,500,article,500,,0,,,,30 days,Check by mail,"Pre-existing relationship, They reached out to me with an assignment",Unsure,No,No,Unsure,,Did not require overtime,Job did not expand,Did not require expenses,,Was not hazardous,No,No,No,,Cooking,usa,Yes,new york,usa,She/Her,White,5-10 years,33,Whatevs,"Cis, Female",2021-04-05,T: The New York Times Style Magazine,news
1093,The New Yorker,2024-03-01,Writer,1200 word reported feature on gaza,1200 word reported feature on gaza,writing and reporting,1200,feature,1200,per word,1,1USD per word,40,30,30 days,Direct Deposit,Cold pitch - I reached out to them,Unsure,Yes,No,"Yes, but the job wasn't killed",300,Did not require overtime,Job did not expand,Did not require expenses,,Was not hazardous,No,No,No,,International News,Canada,No,,USA,She/Her,White,0-5 years,30,Would recommend to others,Female,2024-03-01,The New Yorker,news
1094,The New Yorker,2023-09-01,Writer,2000 word essay-review,2000 word essay review,writing and reporting,2000,review,1550.25,per word,0.75,$.75 cents per word,,,,Direct Deposit,Cold pitch - I reached out to them,Unsure,No,No,"No, but the job wasn't killed",,Did not require overtime,The job didn't exactly expand—but it took an unusual number of edits.,Did not require expenses,,Was not hazardous,No,No,No,,"Fiction General/Genre, Non Fiction Memoir",United States,Yes,New York,United States,He/His,"Jewish, White",5-10 years,,"It's the New Yorker, and for better or worse, the name recommends itself.",Cis,2023-09-01,The New Yorker,news
1095,The New Yorker,2022-06-15,Cartoonist,Single panel cartoon,single panel cartoon,graphics/design,,graphics,700,,0,,,,30 days,Direct Deposit,Pre-existing relationship,Unsure,Yes,No,,,,,,,,,,,,,USA,No,New York,USA,She/Her,,5-10 years,,,Female,2022-06-15,The New Yorker,news
1096,The New Yorker,2020-11-15,Writer,"5,000 word online feature, heavy reporting",5000 word online feature heavy reporting,writing and reporting,5000,feature,4500,,0,,,,2 weeks or less,Direct Deposit,Pre-existing relationship,Shared Copyright,Yes,No,,,,,,,,,,,,,,,,,,,,,,,2020-11-15,The New Yorker,news
1097,The New Yorker,2020-08-28,Writer,3k word reported web feature,3k word reported web feature,writing and reporting,3000,feature,3000,,0,,,,,,,,,,,,,,,,,,,,,,,,,,,,,,,,2020-08-28,The New Yorker,news
1098,The New Yorker,2020-04-01,Writer,"Book review (encompassed author's larger body of work, ""Under Review"" rubric)","book review (encompassed author's larger body of work ""under review"" rubric)",writing and reporting,,review,1000,,0,,,,,,,,,,,,,,,,,,,,,,,,,,,,,,,,2020-04-01,The New Yorker,news
1099,The New Yorker,2020-07-15,Writer,"Review (single book, ""page turner"" rubric)","review (single book ""page turner"" rubric)",writing and reporting,,review,650,,0,,,,,,,,,,,,,,,,,,,,,,,,,,,,,,,,2020-07-15,The New Yorker,news
1100,The New Yorker,2020-04-01,Writer,1000 word photo essay,1000 word photo essay,writing and reporting,1000,essay,650,,0,,,,2 months,Direct Deposit,"Pre-existing relationship, They reached out to me with an assignment",Unsure,Verbal or ‘handshake’ agreement,No,Unsure,,,Job did not expand,Did not require expenses,,,No,No,No,,Culture,United States,No,DC,United States,She/Her,"Jewish, White",10-15 years,35,Would recommend to others,"Cis, Female",2020-04-01,The New Yorker,news
1101,The New Yorker,2020-07-25,Writer,2400 word reported feature,2400 word reported feature,writing and reporting,2400,feature,4165,per word,1.75,$1.75 per word,,,30 days,Direct Deposit,Pre-existing relationship,1st Rights,Yes,No,"Yes, but the job wasn't killed",1388,Did not require overtime,Job did not expand,,,,,No,,,,,,,,,,5-10 years,,Loved it,,2020-07-25,The New Yorker,news
1102,The News Tribune,2021-03-01,Writer,750-word game story,750 word game story,writing and reporting,750,article,75,,0,,,,30 days,Direct Deposit,Pre-existing relationship,Work For Hire,No,Yes,"No, but the job wasn't killed",,Did not require overtime,Job did not expand,Required expenses &amp; I wasn't reimbursed,,Was not hazardous,No,No,No,,Sports,United States,No,Washington,United States,He/His,White,15-20 years,40,Loved it,Male,2021-03-01,The News Tribune,news
1103,The News Tribune,2021-02-15,Writer,800-word feature,800 word feature,writing and reporting,800,feature,85,,0,,,,30 days,Direct Deposit,Pre-existing relationship,Work For Hire,No,Yes,"No, but the job wasn't killed",,Did not require overtime,Job did not expand,Required expenses &amp; I wasn't reimbursed,,Was not hazardous,No,No,No,,Sports,United States,No,Washington,United States,He/His,White,15-20 years,40,Loved it,Male,2021-02-15,The News Tribune,news
1104,The Oregonian,2020-03-11,"Photographer, Photojournalist ",Game photos for high school basketball (50 shots min),game photos for high school basketball (50 shots min),photography,,graphics,100,per assignment,100,$100 per game,,,30 days,Check by mail,They reached out to me with an assignment,Work For Hire,Yes,Yes,Unsure,,Did not require overtime,Job did not expand,Did not require expenses,,Was not hazardous,No,No,No,,Sports,United States,No,Oregon,United States,He/His,White,5-10 years,28,"Whatevs, Easy work for decent pay for a PJ assignment. ",Male,2020-03-11,The Oregonian,news
1105,The Oxford American,2019-06-01,Writer,"3,000-word reported essay",3000 word reported essay,writing and reporting,3000,essay,750,flat,750,$750 flat fee,,,30 days,Check by mail,"Pre-existing relationship, Cold pitch - I reached out to them",Unsure,No,No,"Yes, but the job wasn't killed",375,Did not require overtime,Job did not expand,"they were very clear at the outset that the fee was inclusive of any expenses, which were at my discretion to incur (but I felt they were necessary for the story)",,Was not hazardous,Unsure,No,No,,,USA,Yes,NY,USA,He/His,White,5-10 years,31,would recommend everything but the pay!,Male,2019-06-01,Oxford American,news
1106,The Paris Review,2023-04-01,Translator,Translated short story approx. 5600 words,translated short story approx. 5600 words,translation,5600,other,2000,flat,2000,Flat fee,,,30 days,Direct Deposit,"They asked me to pitch, Spec work - job was done prior to communication",1st Rights,Yes,No,Unsure,,Did not require overtime,Job did not expand,Did not require expenses,,Was not hazardous,Unsure,No,No,,Fiction General/Genre,USA,No,Florida,USA,She/Her,White,10-15 years,42,Loved it,"Cis, Female",2023-04-01,The Paris Review,news
1107,The Poetry Foundation,2023-01-09,,Book review essay,book review essay,writing and reporting,,review,1100,,0,,30,36.67,,,,,,,,,,,,,,,,,,,,Yes,,,,,,,,,2023-01-09,Poetry Foundation,not_news
1108,The Point,2024-11-01,Writer,"3,500 word critical essay",3500 word critical essay,writing and reporting,3500,essay,300,,0,,25,12,2 weeks or less,Direct Deposit,They asked me to pitch,Unsure,Verbal or ‘handshake’ agreement,No,"No, but the job wasn't killed",,Required overtime &amp; I wasn't compensated,Job expanded &amp; I wasn't compensated,Required expenses &amp; I wasn't reimbursed,,Was not hazardous,No,No,No,,Editorial &amp; Opinion,USA,Yes,New York,USA,He/His,White,10-15 years,34,Hated it,"Cis, Male",2024-11-01,The Point,news
1109,The Progressive,2020-01-15,Writer,"2,500-word reporting",2500 word reporting,writing and reporting,2500,article,1000,,0,,,,2 months,Check by mail,Pre-existing relationship,Unsure,Verbal or ‘handshake’ agreement,Yes,"No, but the job wasn't killed",,Did not require overtime,Job did not expand,Required expenses &amp; I was reimbursed,I paid $250 for flights and was reimbursed by check within a week of payment (before the reporting began).,Did receive hazard pay,Unsure,Unsure,No,,"National News, Local News, Politics",US,Yes,New York,US,She/Her,"Jewish, White",5-10 years,30,Loved it,"Cis, Female",2020-01-15,The Progressive,news
1110,The Ringer,2019-08-01,Writer,Wrote a retrospective on a New York Knicks basketball team that went to the NBA Finals 20 years ago.,wrote a retrospective on a new york knicks basketball team that went to the nba finals 20 years ago.,writing and reporting,,article,2400,per word,0.5,.50 per word,,,30 days,Check by mail,Cold pitch - I reached out to them,Unsure,Yes,No,"No, but the job wasn't killed",,Did not require overtime,Job did not expand,Did not require expenses,,Was not hazardous,No,No,No,,Sports,USA,Yes,CA,USA,He/His,Jewish,0-5 years,27,Would recommend to others,Male,2019-08-01,The Ringer,news
1111,The RInger,2020-04-05,Writer,2000 words reporting,2000 words reporting,writing and reporting,2000,article,3000,,0,,,,30 days,Check by mail,Cold pitch - I reached out to them,Work For Hire,No,No,Unsure,,Did not require overtime,Job did not expand,Required expenses &amp; I was reimbursed,,Was not hazardous,No,No,No,,"National News, Sports",United States,Yes,NY,CA,He/His,White,10-15 years,43,Loved it,Cis,2020-04-05,The Ringer,news
1112,The Rockefeller university,2024-05-10,Writer,2500 word feature,2500 word feature,writing and reporting,2500,feature,5000,per word,2,$2/word,50,100,New Job - Still Waiting,Direct Deposit,"No pre-existing relationship, They reached out to me with an assignment",Work For Hire,Yes,Yes,"Yes, but the job wasn't killed",1300,Did not require overtime,Job did not expand,Required expenses &amp; I wasn't reimbursed,,Was not hazardous,No,No,No,,Science,USA,Yes,MD,USA,She/Her,"Jewish, White",10-15 years,41,Whatevs,Female,2024-05-10,The Rockefeller University,not_news
1113,The Shout,2024-08-25,Writer,1000 word book review,1000 word book review,writing and reporting,1000,review,150,,0,,5,30,2 weeks or less,Check by mail,Pre-existing relationship,1st Rights,No,No,"No, but the job wasn't killed",,Did not require overtime,Job did not expand,Did not require expenses,,Was not hazardous,No,No,No,,Non Fiction Memoir,United States,Yes,Kansas,United States,He/His,"Hispanic, White",0-5 years,26,Loved it,Male,2024-08-25,UNCLEAR,news
1114,The Sick Times,2024-09-16,Writer,1400 words reporting,1400 words reporting,writing and reporting,1400,article,1300,,0,,35,37.14,,Direct Deposit,"No pre-existing relationship, Cold pitch - I reached out to them",Unsure,Yes,No,"Yes, but the job wasn't killed",325,Did not require overtime,,,,,,Publicly Available,No,,,,Yes,,,,,,,,,2024-09-16,The Sick Times,news
1115,The Star Tribune,2022-08-31,"Translator, Writer, Writing Instructor",book review,book review,writing and reporting,,review,150,,0,,,,30 days,Direct Deposit,"Pre-existing relationship, They reached out to me with an assignment",Work For Hire,Yes,No,Unsure,,Did not require overtime,Job did not expand,Did not require expenses,,Was not hazardous,Unsure,Unsure,Unsure,,Non Fiction General/Genre,United States,No,Texas,United States,She/Her,South Asian,0-5 years,50,Would recommend to others,"Cis, Female",2022-08-31,The Minnesota Star Tribune,news
1116,The Take,2020-10-01,Writer,"Wrote script for video essay, and located all video links for quotes within essay. Specified timestamps in each video for quotes. 4,000 words.",wrote script for video essay and located all video links for quotes within essay. specified timestamps in each video for quotes. 4000 words.,writing and reporting,4000,video,300,,0,,,,30 days,Bill.com,Pre-existing relationship,Work For Hire,Yes,No,"No, but the job wasn't killed",,Did not require overtime,Job expanded &amp; I wasn't compensated,Did not require expenses,,,No,No,Unsure,,Entertainment,United States,,,United States,She/Her,"Jewish, White",0-5 years,,Whatevs,Female,2020-10-01,Take Magazine,news
1117,The Telegraph,2024-02-01,Writer,"1,340 words, reported",1340 words reported,writing and reporting,1340,article,670,,0,,,,30 days,Direct Deposit,,,,,,,,,,,,,,,,,,,,,,,,,,,2024-02-01,The Telegraph,news
1118,The Tennessee Lookout (States Newsroom),2021-04-02,Writer,1000 words reporting,1000 words reporting,writing and reporting,1000,article,250,,0,,,,2 weeks or less,Direct Deposit,Pre-existing relationship,Work For Hire,Verbal or ‘handshake’ agreement,No,"No, but the job wasn't killed",,Did not require overtime,Job did not expand,Did not require expenses,,Hazard pay was not required,No,No,Unsure,,"Local News, Politics",USA,No,Tennessee,,He/His,White,0-5 years,26,Whatevs,Cis,2021-04-02,Tennessee Lookout,news
1119,The Times of Israel,2024-04-24,"Photographer, Writer, Reporter","Reporting and photography on-site at a campus protest. Originally they wanted 2k words, then addended to ~ 1,000.",reporting and photography on site at a campus protest. originally they wanted 2k words then addended to ~ 1000.,writing and reporting,1000,article,238.77,per article,250,"$250 for the assignmnet, and then they took the international money transfer fee out of my end.",20,11.94,2 weeks or less,Paypal,"Pre-existing relationship, They reached out to me with an assignment",Work For Hire,Verbal or ‘handshake’ agreement,Yes,"No, but the job wasn't killed",,"I wasn't paid based on my time spent on the project, and they wasted a huge amount of it",Job expanded &amp; I wasn't compensated,Did not require expenses,,Was not hazardous,No,No,No,,"International News, National News, Politics",USA,Yes,DC,Israel,He/His,"Jewish, White",5-10 years,30,Hated it,"Cis, Male",2024-04-24,The Times of Israel,news
1120,The Verge,2025-03-25,Writer,800 words reporting,800 words reporting,writing and reporting,800,article,800,,0,,20,40,2 weeks or less,Direct Deposit,Cold pitch - I reached out to them,Work For Hire,Yes,No,Unsure,,Did not require overtime,Job did not expand,Did not require expenses,,Was not hazardous,Unsure,Publicly Available,No,,Technology,us,No,ca,NYC,He/His,White,15-20 years,50,Loved it,Male,2025-03-25,The Verge,news
1121,The Verge,2020-06-17,Writer,500 Words Reporting,500 words reporting,writing and reporting,500,article,500,,0,,,,,,,,,,,,,,,,,,,,,,,,,,,,,,,,2020-06-17,The Verge,news
1122,The Vinyl Factory,2023-01-18,Writer,1000 word feature,1000 word feature,writing and reporting,1000,feature,460,,0,,5,92,30 days,Direct Deposit,"No pre-existing relationship, Cold pitch - I reached out to them",Unsure,Verbal or ‘handshake’ agreement,No,"No, but the job wasn't killed",,,,Did not require expenses,,,No,No,No,,Arts - music,USA,Yes,New York,UK,She/Her,White,5-10 years,,"Loved it, Would recommend to others","Cis, Female",2023-01-18,The Vinyl Factory,ambiguous
1123,The War Horse,2025-02-15,Writer,Reported and wrote a 2100 word feature story,reported and wrote a 2100 word feature story,writing and reporting,2100,feature,1500,per word,1,$1/word up to $1500,,,2 weeks or less,Direct Deposit,"Pre-existing relationship, They asked me to pitch",Work For Hire,Yes,No,"Yes, but the job wasn't killed",150,,,Did not require expenses,,Was not hazardous,Publicly Available,Unsure,No,,Non Fiction General/Genre,United States,No,Colorado,United States,She/Her,"Jewish, White",5-10 years,41,Loved it,"Cis, Female",2025-02-15,The War Horse,news
1124,The Washington Post,2025-01-01,Writer,1500 words reporting,1500 words reporting,writing and reporting,1500,article,1500,,0,,20,75,30 days,Direct Deposit,Pre-existing relationship,1st Rights,Yes,No,"No, but the job wasn't killed",,Did not require overtime,Job did not expand,Did not require expenses,,Hazard pay was not required,No,No,No,,Cooking,United States,Yes,New York,United States,She/Her,White,20-25 years,58,Loved it,Female,2025-01-01,The Washington Post,news
1125,The Washington Post,2021-04-01,Writer,Book review,book review,writing and reporting,,review,375,,0,,,,2 months,Check by mail,Cold pitch - I reached out to them,Unsure,Yes,No,"No, but the job wasn't killed",,Did not require overtime,Job did not expand,Did not require expenses,,Was not hazardous,No,No,No,,Entertainment,United States,No,CA,US,He/His,East Asian,10-15 years,,Would recommend to others,Male,2021-04-01,The Washington Post,news
1126,The Washington Post,2022-06-30,Writer,900 word book review,900 word book review,writing and reporting,900,review,375,,0,,,,30 days,Direct Deposit,They reached out to me with an assignment,Unsure,Yes,No,Unsure,,,,,,,,,,,Entertainment,USA,Yes,,USA,She/Her,"Jewish, White",5-10 years,30,Would recommend to others,Female,2022-06-30,The Washington Post,news
1127,The Washington Post,2020-03-01,Writer,1000-word reported/personal article,1000 word reported/personal article,writing and reporting,1000,article,500,,0,,,,30 days,Direct Deposit,Cold pitch - I reached out to them,Unsure,Yes,No,"Yes, but the job wasn't killed",,Did not require overtime,Job expanded &amp; I was compensated,Did not require expenses,,Was not hazardous,No,No,No,,Parenting section,United States,No,NY,United States,She/Her,"Jewish, White",15-20 years,50,Loved it,Female,2020-03-01,The Washington Post,news
1128,The Washington Post,2021-02-10,Writer,1200 words light reporting,1200 words light reporting,writing and reporting,1200,article,550,,0,,,,6 weeks,Check by mail,They reached out to me with an assignment,Work For Hire,No,No,"No, but the job wasn't killed",,Did not require overtime,Job expanded &amp; I wasn't compensated,Did not require expenses,,Was not hazardous,No,No,No,,Travel,United States,Yes,MA,United States,He/His,White,5-10 years,32,Hated it,"Cis, Male",2021-02-10,The Washington Post,news
1129,The Washington Post,2021-04-15,Writer,Reported essay,reported essay,writing and reporting,,essay,350,,0,,,,2 weeks or less,Direct Deposit,Cold pitch - I reached out to them,Unsure,Yes,No,Unsure,,Did not require overtime,Job did not expand,Did not require expenses,,Was not hazardous,No,No,No,,Lifestyle,United states,No,California,United states,She/Her,East Asian,0-5 years,,Whatevs,"Cis, Female",2021-04-15,The Washington Post,news
1130,The Washington Post,2020-10-01,Writer,1200 word opinion piece,1200 word opinion piece,writing and reporting,1200,op/ed,500,,0,,,,,Direct Deposit,They reached out to me with an assignment,1st Rights,Yes,,"Yes, but the job wasn't killed",250,,,,,,,,,,,United States,Yes,NY,United States,She/Her,East Asian,5-10 years,28,Whatevs,"Cis, Female",2020-10-01,The Washington Post,news
1131,The Washington Post,2020-05-04,Writer,Editorial,editorial,writing and reporting,,op/ed,400,,0,,,,30 days,Direct Deposit,Cold pitch - I reached out to them,1st Rights,Yes,No,"Yes, but the job wasn't killed",200,,,,,,No,No,No,,Editorial &amp; Opinion,United States,No,NY,United States,He/His,White,0-5 years,38,Loved it,"Cis, Male",2020-05-04,The Washington Post,news
1132,The Washington Post,2020-06-23,Writer,900 words reported article,900 words reported article,writing and reporting,900,article,450,flat,450,450 flat,,,2 months,Direct Deposit,Cold pitch - I reached out to them,,,,,,,,,,,,,,,"Health &amp; Wellness, Science",USA,,,,,,,,,,2020-06-23,The Washington Post,news
1133,The Washington Post Magazine,2020-09-04,Writer,Feature length reported cover story,feature length reported cover story,writing and reporting,,feature,7161,per word,1.5,1.50/word,,,,,,,,,,,,,,,,,,,,,,,,,,,,,,,2020-09-04,Washington Post Magazine,news
1134,The Washington Post Magazine,2019-08-01,Writer,"4,000-word feature story",4000 word feature story,writing and reporting,4000,feature,6250,per word,1.25,$1.25/word,,,6 weeks,Check by mail,Pre-existing relationship,,Yes,No,"Yes, but the job wasn't killed",,Did not require overtime,Job did not expand,Required expenses &amp; I wasn't reimbursed,,Was not hazardous,Unsure,No,No,,National News,,,,,,,,,,,2019-08-01,Washington Post Magazine,news
1135,The Week,2021-02-15,Writer,1000 words reporting,1000 words reporting,writing and reporting,1000,article,350,,0,,,,6 weeks,Direct Deposit,Pre-existing relationship,Work For Hire,Yes,No,"No, but the job wasn't killed",,Did not require overtime,Job did not expand,Did not require expenses,,Was not hazardous,No,No,No,,,,,,,She/Her,,,,,"Cis, Female",2021-02-15,The Week,news
1136,The World/WGBH,2024-01-01,"Audio Production, Writer",4.5-minute audio story and web story adapted from audio,4.5 minute audio story and web story adapted from audio,audio,,audio,800,per article,1600,"$1600 per story, with an agreed upon number of drafts",97.5,8.21,30 days,Direct Deposit,"No pre-existing relationship, They reached out to me with an assignment, Network referral",1st Rights,Yes,No,"No, but the job wasn't killed",,Required overtime &amp; I wasn't compensated,Job expanded &amp; I wasn't compensated,Did not require expenses,,Was not hazardous,No,No,Yes,650000,"International News, Higher Education",USA,Yes,California,USA,She/Her,"Hispanic, Indigenous",5-10 years,42,Hated it,"Cis, Female",2024-01-01,The World,news
1137,The Writer,2021-02-01,Writer,"1,000 word article (no reporting)",1000 word article (no reporting),writing and reporting,1000,article,350,,0,,,,New Job - Still Waiting,Haven't been paid yet,Pre-existing relationship,,Yes,No,,,,Job did not expand,Did not require expenses,,Was not hazardous,Publicly Available,No,No,,,United States,No,NJ,United States,She/Her,White,5-10 years,42,"Whatevs, Would recommend to others","Cis, Female",2021-02-01,The Writer,news
1138,Them,2025-03-15,Writer,"Q&amp;A with author, 1200 wordsish (ended up being more like 2k)",q&amp;a with author 1200 wordsish (ended up being more like 2k),writing and reporting,2000,article,400,,0,,15,26.67,,,,,,,,,,,,,,,,,,,,Yes,,,,,,,,,2025-03-15,Them,news
1139,Them,2024-10-15,Writer,"9 blurbs for end of year roundup, $40 per blurb",9 blurbs for end of year roundup $40 per blurb,writing and reporting,,article,360,per article,40,,4,90,,,,,,,,,,,,,,,,,,,,Yes,,,,,,,,,2024-10-15,Them,news
1140,Them,2024-01-01,Writer,1200 words reporting,1200 words reporting,writing and reporting,1200,article,400,,0,,15,26.67,,,They asked me to pitch,,Verbal or ‘handshake’ agreement,,,,,,,,,,,,,,,No,,,She/Her,White,,,,"Female, Trans",2024-01-01,Them,news
1141,Them,2020-08-01,Writer,1500 words personal essay,1500 words personal essay,writing and reporting,1500,essay,300,,0,,,,30 days,Direct Deposit,Cold pitch - I reached out to them,Unsure,Yes,No,Unsure,,Did not require overtime,Job did not expand,Did not require expenses,,Was not hazardous,Unsure,,,,,Australia,Yes,,US,They/Their,East Asian,5-10 years,,Loved it,Genderfluid,2020-08-01,Them,news
1142,Them.us,2025-01-02,Writer,600-1000 word aggregated news blog,600 1000 word aggregated news blog,writing and reporting,800,article,150,flat,150,$150 flat rate,3,50,30 days,Direct Deposit,Pre-existing relationship,Work For Hire,Verbal or ‘handshake’ agreement,No,"Yes, but the job wasn't killed",150,Did not require overtime,Job did not expand,Did not require expenses,,Was not hazardous,No,No,No,,Politics,U.S.,Yes,MA,U.S.,She/Her,White,10-15 years,35,Would recommend to others,"Female, Nonbinary, Trans",2025-01-02,Them,news
1143,Thinknum Media (The Business of Business),2020-12-11,Writer,"Aggregate reporting on a trend (no original research), 900 words",aggregate reporting on a trend (no original research) 900 words,writing and reporting,900,article,450,per word,0.5,.50 per word,,,2 weeks or less,Paypal,"Pre-existing relationship, Network referral",Unsure,Verbal or ‘handshake’ agreement,No,"No, but the job wasn't killed",,Did not require overtime,Job did not expand,Did not require expenses,,Hazard pay was not required,Unsure,Publicly Available,No,,"National News, Technology, Business",United States,No,NY,United States,She/Her,White,0-5 years,25,Would recommend to others,Cis,2020-12-11,The Business of Business,news
1144,TIME,2025-06-01,Writer,1200 word reported feature,1200 word reported feature,writing and reporting,1200,feature,400,,0,,30,13.33,2 months,Direct Deposit,Cold pitch - I reached out to them,Unsure,Yes,No,Unsure,,Did not require overtime,Job did not expand,Did not require expenses,,Hazard pay was not required,Unsure,No,No,,Technology,US,Yes,New York,US,She/Her,White,0-5 years,29,Loved it,Female,2025-06-01,TIME Magazine,news
1145,TIME,2024-02-14,Writer,800-1000 essays,800 1000 essays,writing and reporting,900,essay,400,per article,400,$400 per piece,3,133.33,30 days,Direct Deposit,"Pre-existing relationship, They asked me to pitch",Work For Hire,Unsure,No,"No, but the job wasn't killed",,Did not require overtime,Job did not expand,Did not require expenses,,,Unsure,No,No,,"Sex &amp; Relationships, IDEAS",USA,No,CA,USA,She/Her,"Black, White",0-5 years,42,Loved it,Female,2024-02-14,TIME Magazine,news
1146,TIME,2025-02-03,Writer,2200 word ending explainer with talent interview,2200 word ending explainer with talent interview,writing and reporting,2200,article,450,,0,450,21,21.43,New Job - Still Waiting,,Pre-existing relationship,Unsure,No,No,Unsure,,Did not require overtime,Job did not expand,Did not require expenses,,Was not hazardous,No,No,No,,Entertainment,USA,Yes,MA,USA,She/Her,White,10-15 years,37,Loved it,"Cis, Female",2025-02-03,TIME Magazine,news
1147,TIME Asia,2020-12-12,Writer,800-1200 words reporting,800 1200 words reporting,writing and reporting,1000,article,400,,0,$400.00,,,3 months,Check by mail,Cold pitch - I reached out to them,Unsure,Unsure,No,"Yes, but the job wasn't killed",,,,,,,,,,,,,,,,,,,,,,2020-12-12,TIME Magazine,news
1148,Time Magazine,2024-01-20,Writer,1200 word reported article,1200 word reported article,writing and reporting,1200,article,1200,per word,1,$1 per word max apayable 1200 words,16,75,30 days,Direct Deposit,"Pre-existing relationship, Network referral",Work For Hire,Yes,No,"Yes, but the job wasn't killed",600,Did not require overtime,Job did not expand,Did not require expenses,,Was not hazardous,Unsure,Unsure,No,,"Science, Branded/Sponsored Content, climate change",,No,New York,,,White,5-10 years,,Whatevs,,2024-01-20,TIME Magazine,news
1149,TIME Magazine,2019-10-01,Writer,5000 word feature,5000 word feature,writing and reporting,5000,feature,4000,,0,,,,2 months,Direct Deposit,Pre-existing relationship,1st Rights,Yes,No,"Yes, but the job wasn't killed",2000,Did not require overtime,Job expanded &amp; I wasn't compensated,Required expenses &amp; I was reimbursed,"TIME paid for flight to Florida, I paid for expenses on trip and was reimbursed by providing receipts. ",Was not hazardous,Unsure,No,No,,National News,USA,No,Oklahoma,USA,He/His,Black,5-10 years,31,Would recommend to others,Cis,2019-10-01,TIME Magazine,news
1150,Time Out,2024-10-15,Writer,800 word article about best things to do in neighborhood of a US city,800 word article about best things to do in neighborhood of a us city,writing and reporting,800,article,250,,0,,4,62.5,30 days,Direct Deposit,Pre-existing relationship,Work For Hire,Yes,No,Unsure,,Did not require overtime,Job expanded &amp; I was compensated,Did not require expenses,,Was not hazardous,Unsure,Unsure,Unsure,,Travel,United States,No,Oregon,United Kingdom,She/Her,White,0-5 years,29,Would recommend to others,Female,2024-10-15,Time Out,news
1151,Times Literary Supplement,2024-06-26,Writer,750 word book review,750 word book review,writing and reporting,750,review,90.07,,0,,8,11.26,2 weeks or less,Direct Deposit,Cold pitch - I reached out to them,Unsure,No,No,"No, but the job wasn't killed",,Did not require overtime,Job did not expand,Did not require expenses,,Was not hazardous,Unsure,No,Unsure,,Fiction General/Genre,US,No,IL,UK,She/Her,"Jewish, White",0-5 years,28,Would recommend to others,Female,2024-06-26,The Times Literary Supplement,news
1152,Titmouse,2022-03-01,Animator,Posing layout,posing layout,graphics/design,,graphics,8000,per day,400,$400/day,,,,Direct Deposit,"Cold pitch - I reached out to them, Network referral",Work For Hire,Yes,No,Unsure,,Unsure,Job did not expand,,,Was not hazardous,,No,,,Entertainment,France,No,,US,Prefer not to say,Prefer not to say,0-5 years,28,"Loved it, Would recommend to others",Prefer not to say,2022-03-01,Titmouse,not_news
1153,Titmouse Inc,2020-07-15,"Animator, Designer","Character Design Assistant - helped generate assets for Harriet The Spy. Includes turnarounds, redresses, special poses, and occasional prop design work",character design assistant  helped generate assets for harriet the spy. includes turnarounds redresses special poses and occasional prop design work,graphics/design,,graphics,1500,per week,1500,$1500 per week,,,2 weeks or less,Direct Deposit,Pre-existing relationship,Work For Hire,Yes,Yes,"No, but the job wasn't killed",,Did not require overtime,,,,Was not hazardous,,No,No,,Entertainment,United States,No,New York,United States,She/Her,"Jewish, White",5-10 years,32,Whatevs,"Cis, Female",2020-07-15,Titmouse,not_news
1154,Tor.com,2023-09-01,,Single book review,single book review,writing and reporting,,review,100,flat,100,$100 flat rate,9,11.11,,,,,,,,,,,,,,,,,,,,No,,,,,,,,,2023-09-01,Reactor,ambiguous
1155,Tor.com,2023-08-08,,Single book review,single book review,writing and reporting,,review,100,per article,100,100 per review,18,5.56,,,,,,,,,,,,,,,,,,,,No,,,,,,,,,2023-08-08,Reactor,ambiguous
1156,Town &amp; Country,2020-12-01,Writer,1500 word essay,1500 word essay,writing and reporting,1500,essay,3000,per word,2,$2/word,,,30 days,Direct Deposit,They reached out to me with an assignment,Unsure,Yes,No,Unsure,,Did not require overtime,Job did not expand,Did not require expenses,,Was not hazardous,Unsure,Unsure,No,,Entertainment,United States,No,NY,United States,She/Her,White,25 &amp; up,45,Loved it,Cis,2020-12-01,Town & Country Magazine,news
1157,Travel Curator,2024-02-15,Writer,1300 word destination travel reporting,1300 word destination travel reporting,writing and reporting,1300,article,250,per article,250,250 for the article,8,31.25,New Job - Still Waiting,Haven't been paid yet,Cold pitch - I reached out to them,Work For Hire,Verbal or ‘handshake’ agreement,No,"Yes, but the job wasn't killed",0,Did not require overtime,Job did not expand,Did not require expenses,,Was not hazardous,Publicly Available,Unsure,No,,Travel,usa,Yes,VA,USA,,White,25 &amp; up,,too soon to say,Female,2024-02-15,Travel Curator,news
1158,Truthout,2025-04-01,Writer,"1,500 words reported",1500 words reported,writing and reporting,1500,article,500,,0,,,,,,,,,,,,,,,,,,,,,,,,,,,,,,,,2025-04-01,Truthout,news
1159,Truthout,2025-02-01,Writer,"1,500 words reported",1500 words reported,writing and reporting,1500,article,500,,0,,,,,,,,,,,,,,,,,,,,,,,,,,,,,,,,2025-02-01,Truthout,news
1160,Truthout,2025-02-01,Writer,"1,500 words reported",1500 words reported,writing and reporting,1500,article,500,,0,,,,,,,,,,,,,,,,,,,,,,,,,,,,,,,,2025-02-01,Truthout,news
1161,Truthout,2024-11-01,Writer,"1,500 words reported",1500 words reported,writing and reporting,1500,article,500,,0,,,,,,,,,,,,,,,,,,,,,,,,,,,,,,,,2024-11-01,Truthout,news
1162,Truthout,2024-11-01,"Writer, ","1,500 words reported",1500 words reported,writing and reporting,1500,article,500,,0,,,,,,,,,,,,,,,,,,,,,,,,,,,,,,,,2024-11-01,Truthout,news
1163,Truthout,2024-10-01,Writer,"1,500 words reported",1500 words reported,writing and reporting,1500,article,500,,0,,,,,,,,,,,,,,,,,,,,,,,,,,,,,,,,2024-10-01,Truthout,news
1164,Truthout,2024-09-01,Writer,"1,500 words reported",1500 words reported,writing and reporting,1500,article,500,,0,,,,,,,,,,,,,,,,,,,,,,,Yes,,,,,,,,,2024-09-01,Truthout,news
1165,Truthout,2024-11-27,Writer,"1,200 word op-ed",1200 word op ed,writing and reporting,1200,op/ed,425,,0,,8.25,51.52,2 weeks or less,Check by mail,Pre-existing relationship,Unsure,Verbal or ‘handshake’ agreement,No,Unsure,,,,Did not require expenses,,Was not hazardous,Publicly Available,No,No,,Editorial &amp; Opinion,United States,Yes,Michigan,United States,They/Their,White,Prefer not to say,,Loved it,Genderqueer,2024-11-27,Truthout,news
1166,Truthout,2024-08-01,Writer,"1,500 words, reported",1500 words reported,writing and reporting,1500,article,500,,0,,,,2 weeks or less,Direct Deposit,,,,,,,,,,,,,,,,,,Yes,,,,,,,,,2024-08-01,Truthout,news
1167,Truthout,2024-07-01,Writer,"1,500 words, reporting",1500 words reporting,writing and reporting,1500,article,500,,0,,,,2 weeks or less,Direct Deposit,Pre-existing relationship,,,,,,,,,,,,,,,,,Yes,,,,,,,,,2024-07-01,Truthout,news
1168,Truthout,2023-08-18,Writer,4,4,other,,other,500,,0,,50,10,,,,,,,,,,,,,,,,,,,,Yes,,,,,,,,,2023-08-18,Truthout,news
1169,Truthout,2024-08-01,Writer,"Q&amp;A, 2,000 words",q&amp;a 2000 words,writing and reporting,2000,article,425,,0,,10.5,40.48,New Job - Still Waiting,,Pre-existing relationship,Unsure,Verbal or ‘handshake’ agreement,No,Unsure,,Did not require overtime,Job did not expand,required expenses &amp; fee was increased,,Was not hazardous,Unsure,No,No,,Politics,US,Yes,Michigan,US,Prefer not to say,White,5-10 years,,"Loved it, Would recommend to others",,2024-08-01,Truthout,news
1170,Truthout,2024-05-07,Writer,1800 word web feature (reported),1800 word web feature (reported),writing and reporting,1800,feature,450,,0,,28,16.07,New Job - Still Waiting,,Pre-existing relationship,Unsure,No,No,Unsure,,,,Did not require expenses,,Was not hazardous,,,,,"National News, Health &amp; Wellness, Science",US,Yes,MI,US,They/Their,White,5-10 years,,Would recommend to others,"Genderqueer, Trans",2024-05-07,Truthout,news
1171,Truthout,2024-07-01,Writer,"1,500 words, reported",1500 words reported,writing and reporting,1500,article,500,,0,,,,2 weeks or less,Direct Deposit,,,,,,,,,,,,,,,,,,,,,,,,,,,2024-07-01,Truthout,news
1172,Truthout,2024-07-03,Writer,~2000 word print piece,~2000 word print piece,writing and reporting,2000,article,525,,0,,10,52.5,2 weeks or less,Direct Deposit,Pre-existing relationship,Unsure,Verbal or ‘handshake’ agreement,No,Unsure,,Did not require overtime,Job did not expand,Required expenses &amp; I wasn't reimbursed,,Was not hazardous,Unsure,Unsure,Unsure,,Politics,USA,No,NY,,She/Her,East Asian,10-15 years,47,"Loved it, Would recommend to others","Cis, Female",2024-07-03,Truthout,news
1173,Truthout,2024-02-21,Writer,reported piece,reported piece,writing and reporting,,article,525,,0,,10,52.5,2 weeks or less,Direct Deposit,Pre-existing relationship,Unsure,Verbal or ‘handshake’ agreement,had to travel to DC for this story,Unsure,,Did not require overtime,Job did not expand,Required expenses &amp; I wasn't reimbursed,,Was not hazardous,Unsure,Unsure,Unsure,,Politics,USA,No,NY,USA,She/Her,East Asian,10-15 years,,Would recommend to others,"Cis, Female",2024-02-21,Truthout,news
1174,Truthout,2024-03-01,"Producer, Videographer, Writer",2000 words reporting,2000 words reporting,writing and reporting,2000,article,425,,0,,12,35.42,2 weeks or less,Direct Deposit,"Pre-existing relationship, They asked me to pitch",1st Rights,Yes,No,"No, but the job wasn't killed",,Did not require overtime,Job did not expand,Did not require expenses,,Was not hazardous,Publicly Available,No,No,,"National News, Politics",United States,Yes,California,United States,They/Their,"East Asian, White",15-20 years,41,Would recommend to others,Nonbinary,2024-03-01,Truthout,news
1175,Truthout,2023-01-01,Writer,1600 word story,1600 word story,writing and reporting,1600,article,550,,0,550,30,18.33,30 days,Direct Deposit,"Pre-existing relationship, They asked me to pitch",Unsure,No,No,"No, but the job wasn't killed",,,Job did not expand,Did not require expenses,,Was not hazardous,Publicly Available,No,No,,,US,Yes,New York,US,She/Her,"White, White Passing",0-5 years,,,Female,2023-01-01,Truthout,news
1176,Truthout.org,2020-07-01,Writer,Pitched article,pitched article,writing and reporting,,article,350,,0,,,,30 days,Check by mail,Pre-existing relationship,Work For Hire,Verbal or ‘handshake’ agreement,No,Unsure,,Did not require overtime,Job did not expand,Did not require expenses,,Was not hazardous,Publicly Available,No,No,,"National News, Politics",US,Yes,California,US,He/His or They/Their,"East Asian, White",10-15 years,,Would recommend to others,Male,2020-07-01,Truthout,news
1177,Undark,2022-09-30,Writer,Book review 1000-1200 words,book review 1000 1200 words,writing and reporting,1100,review,800,,0,,,,,Direct Deposit,Cold pitch - I reached out to them,Work For Hire,Yes,No,,,,,,,,Publicly Available,No,,,Science,United States,No,New York,United States,She/Her,Jewish,5-10 years,,Whatevs,"Cis, Female",2022-09-30,Undark,news
1178,Undark,2020-12-01,Writer,~1100 word book review,~1100 word book review,writing and reporting,1100,review,500,,0,,,,2 weeks or less,Check by mail,Cold pitch - I reached out to them,,Yes,No,Unsure,,,Job did not expand,Did not require expenses,,Was not hazardous,Publicly Available,No,No,,,USA,,wisconsin,,She/Her,,,,,Female,2020-12-01,Undark,news
1179,University of Utah,2020-01-15,"Audio Production, Producer, Writer",2 to 3 minute audio slideshow with original photographs of subject and interview edited into narrative story format to play underneath,2 to 3 minute audio slideshow with original photographs of subject and interview edited into narrative story format to play underneath,writing and reporting,,audio,3000,flat,3000,$3000 flat rate,,,2 weeks or less,Direct Deposit,"Pre-existing relationship, They reached out to me with an assignment",Work For Hire,Yes,No,"No, but the job wasn't killed",,Did not require overtime,Job did not expand,Required expenses &amp; I was reimbursed,Included expenses in invoice,Hazard pay was not required,No,No,No,,Health &amp; Wellness,United States,No,NC,United States,She/Her,White,5-10 years,35,Would recommend to others,Female,2020-01-15,University of Utah,not_news
1180,Universo Guará,2021-05-27,"Cartoonist, Comic Book Artist",Inking 3 22-page issues,inking 3 22 page issues,graphics/design,,graphics,1300,per graphic,20,$20 page rate,,,2 weeks or less,Direct Deposit,Network referral,Shared Copyright,Yes,No,"No, but the job wasn't killed",,Did not require overtime,Job expanded &amp; I was compensated,Did not require expenses,,Was not hazardous,No,No,No,,Fiction Young Adult,Brazil,No,,Brazil,He/His,"Latinx, White Passing",0-5 years,30,Loved it,"Cis, Male",2021-05-27,Universo Guará,not_news
1181,UPROXX,2024-04-01,Writer,Interview with A-list celebrity about a TV finale.,interview with a list celebrity about a tv finale.,writing and reporting,,article,400,,0,,8,50,2 months,Check by mail,Pre-existing relationship,Work For Hire,Yes,No,"No, but the job wasn't killed",,Did not require overtime,Job did not expand,Did not require expenses,,Was not hazardous,Unsure,Unsure,No,,Entertainment,United states,No,,USA,She/Her,White,0-5 years,41,"Loved it, Would recommend to others",Female,2024-04-01,UPROXX,ambiguous
1182,Urban Capital,1994-07-30,Designer,Blacklining floorplans,blacklining floorplans,graphics/design,,other,2700,per hour,77.77,$77.77/hour (CAD$100/hour),,,2 months,Check by mail,"Cold pitch - I reached out to them, They reached out to me with an assignment, Network referral",Work For Hire,Yes,No,Unsure,,I was paid by the hour,Job expanded &amp; I was compensated,Did not require expenses,,Was not hazardous,No,No,Unsure,,Real Estate,Canada,No,,Canada,She/Her,South Asian,5-10 years,26,Loved it,Cis,1994-07-30,Site Magazine,not_news
1183,Valnet,2023-06-12,Editor,Managing Editor,managing editor,editing,,other,55000,per year,75000,$75K/year,1200,45.83,6 weeks,Wire transfer,No pre-existing relationship,Work For Hire,Yes,Yes,"No, &amp; the job was killed",,Required overtime &amp; I wasn't compensated,Job expanded &amp; I wasn't compensated,Mix of both,Ad hoc,Was not hazardous,No,Unsure,Unsure,,Automotive,USA,No,Vermont,Canada,He/His,White,20-25 years,54,"Hated it, Would not recommend to others",Male,2023-06-12,"Valnet, Inc.",not_news
1184,Valnet,2021-09-30,Writer,"Freelance writer position. List writing for Screen Rant. Lists required at least 800 words and around 8-10 entries. Writers usually had to pitch this content as well. Then, the blog was added to WordPress and writers had to find images, add SEO, and include alt text.",freelance writer position. list writing for screen rant. lists required at least 800 words and around 8 10 entries. writers usually had to pitch this content as well. then the blog was added to wordpress and writers had to find images add seo and include alt text.,writing and reporting,,article,15,per article,15,15 per article,,,6 weeks,Paypal,Pre-existing relationship,Unsure,Yes,No,"No, but the job wasn't killed",,Did not require overtime,Job expanded &amp; I wasn't compensated,Did not require expenses,,,,No,,,Entertainment,United States,No,,Canada,She/they,White,5-10 years,29,"Hated it, Would not recommend to others",,2021-09-30,"Valnet, Inc.",not_news
1185,VAN Magazine,2025-01-01,Writer,1800 words,1800 words,writing and reporting,1800,article,226,,0,,10,22.6,,,Cold pitch - I reached out to them,,Verbal or ‘handshake’ agreement,,,,,,,,,,,,,,,No,,,She/Her,White,,,,"Female, Trans",2025-01-01,VAN Magazine,news
1186,Vanity Fair,2021-02-10,Writer,1000 words reporting,1000 words reporting,writing and reporting,1000,article,350,,0,,,,30 days,Direct Deposit,Cold pitch - I reached out to them,Unsure,Yes,No,"No, but the job wasn't killed",,,Job did not expand,Did not require expenses,,Was not hazardous,No,No,No,,Entertainment,USA,No,NY,USA,She/Her,White,5-10 years,,Loved it,Cis,2021-02-10,Vanity Fair,news
1187,VaynerMedia,2019-11-15,"Animator, Video Production, motion graphics ",motion graphics design for advertising,motion graphics design for advertising,graphics/design,,graphics,5000,per day,600,600/day,,,30 days,Direct Deposit,Pre-existing relationship,Work For Hire,Yes,Yes,"No, &amp; the job was killed",,Did not require overtime,Job did not expand,Did not require expenses,,Was not hazardous,No,No,No,,Branded/Sponsored Content,US,No,NY,US,They/Their,East Asian,5-10 years,28,Whatevs,"Genderfluid, Genderqueer, Nonbinary",2019-11-15,VaynerMedia,not_news
1188,ViacomCBS,2020-06-17,Designer,5 digital designs/mockups,5 digital designs/mockups,graphics/design,,graphics,2500,per graphic,500,$500 per design,,,30 days,Check by mail,They reached out to me with an assignment,Work For Hire,Yes,No,"No, but the job wasn't killed",,Did not require overtime,Job did not expand,Required expenses &amp; I wasn't reimbursed,,Was not hazardous,No,No,Unsure,,"Entertainment, Branded/Sponsored Content",US,No,IL,US,She/Her,Black,0-5 years,23,Loved it,"Cis, Female",2020-06-17,Paramount Global,not_news
1189,Vice,2021-01-22,Illustrator,Web Article Header,web article header,writing and reporting,,article,400,,0,,,,30 days,Direct Deposit,Cold pitch - I reached out to them,Unsure,Yes,No,,,,,,,,,,,,Editorial &amp; Opinion,United States,No,NY,United States,He/His,"Jewish, White",0-5 years,33,Whatevs,Male,2021-01-22,VICE News,news
1190,Vice,2021-02-17,Writer,"2,000 words reporting",2000 words reporting,writing and reporting,2000,article,1450,per word,0.5,$.50 per word,,,30 days,Direct Deposit,Pre-existing relationship,Work For Hire,Yes,No,"Yes, but the job wasn't killed",,Did not require overtime,Job expanded &amp; I was compensated,Did not require expenses,,Was not hazardous,Unsure,Publicly Available,No,,"National News, Science",US,,New York,New York,She/Her,White,5-10 years,30,,Female,2021-02-17,VICE News,news
1191,Vice,2020-04-12,Photographer,commissioned photographs for a story(vice),commissioned photographs for a story(vice),photography,,graphics,4000,per day,1000,"1,000 per day",,,3 months,Check by mail,They reached out to me with an assignment,Work For Hire,Yes,No,"No, but the job wasn't killed",0,Required overtime &amp; I wasn't compensated,Job expanded &amp; I wasn't compensated,Required expenses &amp; I wasn't reimbursed,,Did not receive hazard pay,No,No,No,,"Editorial &amp; Opinion, Entertainment",United States,No,MD,,He/His,"Black, Hispanic",5-10 years,24,Would not recommend to others,Prefer not to say,2020-04-12,VICE News,news
1192,Vice,2020-08-15,Writer,"4,000-word international reporting",4000 word international reporting,writing and reporting,4000,article,2010,per word,0.5,$.50 per word,,,3 months,Direct Deposit,Cold pitch - I reached out to them,Work for hire; prolonged contract negotiation that delayed payment by months,Yes,No,"No, but the job wasn't killed",,Did not require overtime,Job did not expand,Did not require expenses,,Was not hazardous,Unsure,Publicly Available,No,,"International News, Politics",US,Yes,New York,US,She/Her,"Jewish, White",5-10 years,30,"Loved working with the editors, but dealing with the legal side to negotiate the contract was very frustrating.","Cis, Female",2020-08-15,VICE News,news
1193,VICE,2021-01-01,Writer,"reported piece ~1,500 words",reported piece ~1500 words,writing and reporting,1500,article,1100,,0,,,,30 days,Direct Deposit,Cold pitch - I reached out to them,Work For Hire,Yes,No,"Yes, but the job wasn't killed",,Did not require overtime,Job did not expand,Did not require expenses,,Was not hazardous,No,No,No,,Politics,United States,Yes,NY,United States,She/Her,White,15-20 years,,Loved it,"Cis, Female",2021-01-01,VICE News,news
1194,VICE,2020-01-01,Writer,"2,000 word feature",2000 word feature,writing and reporting,2000,feature,1000,,0,,,,30 days,Direct Deposit,Pre-existing relationship,Work For Hire,Yes,No,Unsure,,,Job did not expand,,,,,No,,,,United States,Yes,NY,United States,She/Her,East Asian,5-10 years,28,Would recommend to others,Female,2020-01-01,VICE News,news
1195,Vice Motherboard,2020-07-05,Writer,2000 word reported article,2000 word reported article,writing and reporting,2000,article,600,,0,,,,30 days,Direct Deposit,Cold pitch - I reached out to them,Unsure,Yes,No,"Yes, but the job wasn't killed",,Did not require overtime,Job did not expand,Did not require expenses,,,No,No,No,,International News,US,Yes,NY,US,She/Her,White,5-10 years,29,"Loved it, Would recommend to others","Cis, Female",2020-07-05,VICE News,news
1196,Vice News,2020-02-01,Writer,Long reported feature,long reported feature,writing and reporting,,feature,6600,per word,0.63,63 cents per word,,,2 months,Direct Deposit,Pre-existing relationship,Shared Copyright,Yes,No,"Yes, but the job wasn't killed",,,,Did not require expenses,,,No,No,No,,National News,USA,Yes,New York,USA,He/His,White,15-20 years,37,Would not recommend to others,Male,2020-02-01,VICE News,news
1197,Village Voice,2024-03-14,Writer,Art review,art review,writing and reporting,,review,325,,0,,15,21.67,,Direct Deposit,Pre-existing relationship,Unsure,Verbal or ‘handshake’ agreement,No,"No, but the job wasn't killed",,Did not require overtime,Job did not expand,Did not require expenses,,Was not hazardous,No,No,No,,Art,United States,Yes,New York,United States,He/His,"Jewish, White",5-10 years,32,"Loved it, I have a pre-existing relationship with my editor—I enjoy working with the Voice! I wish that things were better re: the media company that owns them. ",Cis,2024-03-14,The Village Voice,news
1198,Vinepair,2020-09-01,Writer,1500 words,1500 words,writing and reporting,1500,article,400,,0,,,,30 days,Paypal,Pre-existing relationship,Work For Hire,Yes,No,"No, but the job wasn't killed",,Did not require overtime,Job did not expand,Did not require expenses,,Was not hazardous,No,No,No,,Health &amp; Wellness,,No,,USA,Prefer not to say,White,15-20 years,,Whatevs,,2020-09-01,VinePair,news
1199,Virginia Quarterly Review,2022-01-01,Illustrator,"Illustration (full page, half page, plus spots)",illustration (full page half page plus spots),graphics/design,,graphics,700,,0,,,,Never paid,Never paid,Network referral,Work For Hire,Yes,No,Unsure,,Did not require overtime,Job did not expand,Did not require expenses,,Was not hazardous,Publicly Available,No,No,,Editorial &amp; Opinion,US,No,NY,,She/Her,White,5-10 years,40,Would recommend to others,Prefer not to say,2022-01-01,Virginia Quarterly Review,ambiguous
1200,Virginia Quarterly Review,2020-03-01,"Photographer, Writer","1,200-word essay for print",1200 word essay for print,writing and reporting,1200,essay,50,flat,200,200 flat rate,,,,,,,,,"Yes, &amp; the job was killed",50,,,,,,,,,,,,,,,,,,,,,2020-03-01,Virginia Quarterly Review,ambiguous
1201,Vogue,2025-04-01,Writer,1200 feature,1200 feature,writing and reporting,1200,feature,300,,0,,50,6,2 months,Direct Deposit,Cold pitch - I reached out to them,Unsure,Verbal or ‘handshake’ agreement,No,"Yes, but the job wasn't killed",75,Did not require overtime,Job did not expand,Did not require expenses,,Was not hazardous,No,No,No,,Arts,US,Yes,New York,US,She/Her,White,0-5 years,29,Loved it,Female,2025-04-01,Vogue,news
1202,Vogue,2021-11-01,"Producer, Archival",Archival research and clearance for a digital video,archival research and clearance for a digital video,consulting,,video,1250,flat,1250,$1250 covered all work from January 11-21,,,New Job - Still Waiting,Haven't been paid yet,They reached out to me with an assignment,Work For Hire,Yes,No,Unsure,,Did not require overtime,Job did not expand,Did not require expenses,,Was not hazardous,Unsure,No,No,,"Politics, Entertainment",United States,No,NY,US,She/Her,White,5-10 years,25,Whatevs,"Cis, Female",2021-11-01,Vogue,news
1203,Vogue,2020-12-03,Writer,"This was a 1200 word reported piece (I went over the word count, but was assigned at 1200)",this was a 1200 word reported piece (i went over the word count but was assigned at 1200),writing and reporting,1200,article,250,,0,,,,New Job - Still Waiting,,Network referral,Unsure,Yes,No,Unsure,,,Job did not expand,Did not require expenses,,Was not hazardous,No,No,No,,Sex &amp; Relationships,United States,Yes,New York,New York,She/Her,Jewish,0-5 years,28,Would recommend to others,Female,2020-12-03,Vogue,news
1204,Vogue,2020-12-04,Writer,"A 2k word essay, mix of personal essay and cultural criticism",a 2k word essay mix of personal essay and cultural criticism,writing and reporting,2000,essay,250,,0,,,,New Job - Still Waiting,Direct Deposit,Pre-existing relationship,Unsure,No,No,Unsure,,Did not require overtime,Job did not expand,Did not require expenses,,Was not hazardous,Unsure,No,No,,Editorial &amp; Opinion,USA,Yes,New York,USA,She/Her,"South Asian, White, White Passing",10-15 years,34,Would recommend to others,"Cis, Female",2020-12-04,Vogue,news
1205,Voltage,2020-05-01,Writer,"taking a story outline and translating into a visual novel script, + editing",taking a story outline and translating into a visual novel script + editing,editing,,other,1509,per word,0.04,"0.03 per word (first two rounds), later changed to 0.055 per word (last two rounds)",,,30 days,Paypal,They reached out to me with an assignment,Work For Hire,Yes,No,"No, but the job wasn't killed",,all work was to be done on my own time,"job consistently required more research, more plot correction, and more revision than what was laid out",Did not require expenses,,"Was not hazardous, Hazard pay was not required",No,No,Unsure,,"Entertainment, Fiction General/Genre",Canada,No,,USA,she/they,White,0-5 years,25,"Hated it, Would not recommend to others, they cancelled promised future work less than a week after final release",Nonbinary,2020-05-01,Voltage Magazine,news
1206,Volume 0 (Book of the Month's literary magazine),2025-07-01,Writer,short story,short story,writing and reporting,,article,5000,flat,5000,"$5,000 flat rate",20,250,New Job - Still Waiting,Haven't been paid yet,"No pre-existing relationship, Network referral",,Yes,No,,,,Job did not expand,Did not require expenses,,Was not hazardous,,No,Unsure,,Entertainment,US,No,California,US,She/Her,"Jewish, White",10-15 years,34,"Loved it, Would recommend to others",Female,2025-07-01,VOLUME Ø,not_news
1207,Vox,2024-05-23,Writer,Review of video game: Hellblade 2,review of video game: hellblade 2,writing and reporting,,review,400,,0,,20,20,30 days,Direct Deposit,Pre-existing relationship,Work For Hire,Yes,No,Unsure,,Did not require overtime,Job did not expand,Did not require expenses,,Was not hazardous,Publicly Available,Unsure,,,Entertainment,US,No,Massachusettes,US,He/His,"Arab, Black",15-20 years,41,Would recommend to others,Male,2024-05-23,Vox Media,news
1208,Vox,2020-01-01,Copy Editor,Copy editing,copy editing,editing,,other,2000,per hour,40,$40 per hour,,,2 weeks or less,Direct Deposit,Pre-existing relationship,Work For Hire,Yes,No,"No, but the job wasn't killed",,,,,,,,No,,,,United States,,,,,,,,,,2020-01-01,Vox Media,news
1209,Vox,2022-01-18,"Animator, Writer","2,000 word reported piece",2000 word reported piece,writing and reporting,2000,article,700,,0,,,,,,Cold pitch - I reached out to them,Work For Hire,Yes,No,,,,,Did not require expenses,,,Publicly Available,No,No,,Science,,,,,She/Her,White,0-5 years,,,Female,2022-01-18,Vox Media,news
1210,Vox,2021-04-16,Fact-checker,"Fact-check a 6,000 word investigation",fact check a 6000 word investigation,fact-check,6000,other,960,per hour,40,$40 per hour,,,New Job - Still Waiting,Direct Deposit,"They reached out to me with an assignment, Network referral",Work For Hire,Yes,No,,,,Job did not expand,,,Was not hazardous,,,,,,United States,,New York,United States,She/Her,White,0-5 years,25,Would recommend to others,"Cis, Female",2021-04-16,Vox Media,news
1211,Vox,2021-04-01,Writer,3000 word essay about a cookbook/cookbooks/the history of recipe formats,3000 word essay about a cookbook/cookbooks/the history of recipe formats,writing and reporting,3000,essay,800,,0,,,,30 days,Direct Deposit,Pre-existing relationship,Unsure,Yes,No,"Yes, but the job wasn't killed",,Did not require overtime,Job did not expand,Did not require expenses,,Was not hazardous,Publicly Available,No,No,,Food - Eater,,Yes,,,She/Her,White,5-10 years,33,Loved it,"Cis, Female",2021-04-01,Vox Media,news
1212,Vox,2020-12-01,Writer,Published a book excerpt,published a book excerpt,writing and reporting,,other,300,,0,,,,30 days,Direct Deposit,Pre-existing relationship,Licensor owns and/or controls all rights in and to the Excerpt.,Yes,No,"No, but the job wasn't killed",,Did not require overtime,Job did not expand,Did not require expenses,,Was not hazardous,Publicly Available,No,No,,"Editorial &amp; Opinion, Non Fiction General/Genre",United States,Yes,NY,United States,She/Her,"South Asian, White",10-15 years,34,Would recommend to others,"Cis, Female",2020-12-01,Vox Media,news
1213,Vox,2020-10-05,Writer,1500 words reporting,1500 words reporting,writing and reporting,1500,article,1000,,0,,,,30 days,Direct Deposit,"Pre-existing relationship, They asked me to pitch",Shared Copyright,Yes,,,,,,,,,,,,,,United States,Yes,NY,United States,She/Her,White,10-15 years,36,"Loved it, Would recommend to others","Cis, Female",2020-10-05,Vox Media,news
1214,Vox Future Perfect,2024-06-01,Writer,Reporting/writing,reporting/writing,writing and reporting,,article,2500,per word,1,$1 per word,60,41.67,30 days,Direct Deposit,No pre-existing relationship,Work For Hire,Yes,No,"Yes, but the job wasn't killed",600,Did not require overtime,,,,,,,,,,kenya,No,,U.S.,He/His,White,10-15 years,36,Would recommend to others,Cis,2024-06-01,Future Perfect,news
1215,Vox Media,2024-01-01,Writer,Longform Feature Story,longform feature story,writing and reporting,,feature,13000,per word,2,$2 a word plus travel,,,,,,,,,,,,,,,,,,,,,,No,,,,,,,,,2024-01-01,Vox Media,news
1216,Vulture,2022-09-01,Writer,1200-1500 words of lightly reported piece,1200 1500 words of lightly reported piece,writing and reporting,1350,article,750,,0,,,,,,"Pre-existing relationship, They asked me to pitch",Work For Hire,Yes,No,"Yes, but the job wasn't killed",,Unsure,Job expanded but I didn';t know how to ask for more compensation,,,Was not hazardous,Publicly Available,No,No,,,US,Yes,California,,she/her/they/them,"Jewish, White",5-10 years,32,,"Genderqueer, Nonbinary, Trans",2022-09-01,Vulture,news
1217,Vulture/Vox Media,2023-08-01,,Book List,book list,writing and reporting,,article,350,,0,,4,87.5,,,,,,,,,,,,,,,,,,,,Yes,,,,,,,,,2023-08-01,Vulture,news
1218,Waging Nonviolence,2025-04-25,Writer,1300-word feature article with multiple interviews,1300 word feature article with multiple interviews,writing and reporting,1300,feature,200,,0,,10,20,2 weeks or less,Direct Deposit,Pre-existing relationship,Unsure,Verbal or ‘handshake’ agreement,No,"No, but the job wasn't killed",,Did not require overtime,Job did not expand,Did not require expenses,,Was not hazardous,No,No,No,,"International News, Politics",US,Yes,TN,US,They/Their,"Jewish, White",0-5 years,33,Whatevs,"Nonbinary, Trans",2025-04-25,Waging Nonviolence,news
1219,Waging Nonviolence,2023-02-14,Writer,1800 word reporting,1800 word reporting,writing and reporting,1800,article,200,,0,,,,New Job - Still Waiting,Haven't been paid yet,Pre-existing relationship,Unsure,Yes,No,"No, but the job wasn't killed",,Did not require overtime,Job did not expand,Did not require expenses,,Did not receive hazard pay,Unsure,Publicly Available,No,,Politics,USA,Yes,FL,USA,They/Their,"Jewish, White",0-5 years,31,Would recommend to others,Nonbinary,2023-02-14,Waging Nonviolence,news
1220,WAMU,2020-05-03,Broadcast journalist,Hosting the NPR show 1A,hosting the npr show 1a,audio,,audio,52500,per day,700,$700 per day,,,2 weeks or less,Direct Deposit,Pre-existing relationship,Work For Hire,Yes,No,Unsure,,Did not require overtime,Job did not expand,Did not require expenses,,Was not hazardous,Unsure,,No,,"International News, National News, Politics",United States,No,MD,United States,She/Her,Black,20-25 years,51,Would recommend to others,"Cis, Female",2020-05-03,WAMU,news
1221,Warp Records,2021-01-01,Designer,"Album cover &amp; packaging for vinyl, CD, &amp; cassette for small artist",album cover &amp; packaging for vinyl cd &amp; cassette for small artist,graphics/design,,graphics,3000,,0,,,,2 weeks or less,Direct Deposit,They reached out to me with an assignment,Work For Hire,Verbal or ‘handshake’ agreement,No,"No, but the job wasn't killed",,Did not require overtime,Job did not expand,Did not require expenses,,Was not hazardous,No,No,No,,"Entertainment, Music - Record Label",Australia,No,,USA,He/His,White,0-5 years,27,Loved it,Male,2021-01-01,Warp Records,not_news
1222,Washington Post,2025-04-15,Writer,1000-word book review,1000 word book review,writing and reporting,1000,review,600,flat,600,$600.00 flat fee,10,60,30 days,Direct Deposit,Pre-existing relationship,Work For Hire,Yes,No,Unsure,,Did not require overtime,Job did not expand,Did not require expenses,,Was not hazardous,No,No,No,,Non Fiction General/Genre,USA,Yes,New York,ISA,She/Her,White,10-15 years,,Loved it,Female,2025-04-15,The Washington Post,news
1223,Washington Post,2025-01-01,Writer,"book review, 800 words",book review 800 words,writing and reporting,800,review,600,,0,,12,50,,,,,,,,,,,,,,,,,,,,Yes,,,,,,,,,2025-01-01,The Washington Post,news
1224,Washington Post,2024-07-15,Writer,"Book review, 800-900 words",book review 800 900 words,writing and reporting,850,review,600,,0,,15,40,,,,,,,,,,,,,,,,,,,,Yes,,,,,,,,,2024-07-15,The Washington Post,news
1225,Washington Post,2025-02-07,Writer,two-book review,two book review,writing and reporting,,review,900,,0,,35,25.71,30 days,Direct Deposit,,,,,,,,,,,,,,,,,,Yes,,,,,,,,,2025-02-07,The Washington Post,news
1226,Washington Post,2024-01-01,Writer,800-word book review,800 word book review,writing and reporting,800,review,475,,0,,8,59.38,30 days,Direct Deposit,Cold pitch - I reached out to them,Work For Hire,No,No,Unsure,,Did not require overtime,Job did not expand,Did not require expenses,,Was not hazardous,No,No,No,,Non Fiction General/Genre,USA,No,New York,USA,She/Her,White,10-15 years,,Would recommend to others,Prefer not to say,2024-01-01,The Washington Post,news
1227,Washington Post,2023-10-15,Writer,800-word book review,800 word book review,writing and reporting,800,review,600,,0,,20,30,2 weeks or less,Direct Deposit,Pre-existing relationship,,,,,,,,,,,,,,,,US,Yes,PA,US,She/Her,White,,,Loved it,Cis,2023-10-15,The Washington Post,news
1228,Washington Post,2023-08-01,,Multi-book reivew (2),multi book reivew (2),writing and reporting,,review,800,,0,,25,32,,,,,,,,,,,,,,,,,,,,No,,,,,,,,,2023-08-01,The Washington Post,news
1229,Washington Post,2023-05-01,,Multi-Book Review (3),multi book review (3),writing and reporting,,review,800,,0,,,,,,,,,,,,,,,,,,,,,,,No,,,,,,,,,2023-05-01,The Washington Post,news
1230,Washington Post,2023-08-09,,Single-book review,single book review,writing and reporting,,review,600,per article,600,$600 per piece,11,54.55,,,,,,,,,,,,,,,,,,,,Yes,,,,,,,,,2023-08-09,The Washington Post,news
1231,Washington Post,2023-08-15,,Single-book review,single book review,writing and reporting,,review,600,,0,,10,60,,,,,,,,,,,,,,,,,,,,No,,,,,,,,,2023-08-15,The Washington Post,news
1232,Washington Post,2023-05-15,,essay,essay,writing and reporting,,essay,800,,0,,40,20,,,,,,,,,,,,,,,,,,,,Yes,,,,,,,,,2023-05-15,The Washington Post,news
1233,Washington Post,2023-08-10,,Review/essay,review/essay,writing and reporting,,review,800,per word,0.8,800$/1000 words,40,20,,,,,,,,,,,,,,,,,,,,No,,,,,,,,,2023-08-10,The Washington Post,news
1234,Washington Post,2022-07-01,Writer,Book Review 1000 words,book review 1000 words,writing and reporting,1000,review,375,,0,,,,2 weeks or less,Check by mail,They asked me to pitch,Work For Hire,Yes,No,"No, but the job wasn't killed",,"By the time you've done the work, the hourly rate is always very small",Job did not expand,Did not require expenses,easy,Was not hazardous,No,No,No,,Non Fiction General/Genre,USA,No,MD,DC,She/Her,White,15-20 years,65,Loved it,Female,2022-07-01,The Washington Post,news
1235,Washington Post,2022-09-22,Cartoonist,8-10 panel comic,8 10 panel comic,graphics/design,,graphics,700,,0,,,,2 weeks or less,Direct Deposit,Pre-existing relationship,Shared Copyright,Yes,No,"Yes, but the job wasn't killed",,,,,,Was not hazardous,,Publicly Available,No,,Gender &amp; Identity (The Lily),United Sttates,No,"Washington, D.C.",United Sates,She/Her,,0-5 years,25,,Cis,2022-09-22,The Washington Post,news
1236,Waywith media,2025-03-01,Editor,Copy editing but more like substantial editing,copy editing but more like substantial editing,editing,,other,25,per hour,25,$25 per hour,,,2 weeks or less,Direct Deposit,Pre-existing relationship,Unsure,Yes,No,"No, but the job wasn't killed",,Did not require overtime,Job did not expand,Did not require expenses,,Was not hazardous,No,No,No,,Cooking,,No,NY,,She/Her,White,5-10 years,,Whatevs,Female,2025-03-01,Waywith,not_news
1237,Webcomic Publisher,2021-01-01,"Designer, Illustrator, Writer",Creating a webcomic - doing everything myself except editing,creating a webcomic  doing everything myself except editing,graphics/design,,graphics,27300,per graphic,130,$130 per page,,,2 weeks or less,Direct Deposit,"They asked me to pitch, Network referral",Unsure,Yes,No,"No, &amp; the job was killed",,Required overtime &amp; I wasn't compensated,Job expanded &amp; I was compensated,Did not require expenses,,Was not hazardous,No,No,No,,"Entertainment, Sex &amp; Relationships, Fiction General/Genre",,No,,,She/Her,White,0-5 years,,Would recommend to others,Genderqueer,2021-01-01,Not Specified,not_news
1238,Weeklys The Pajaronian,2009-10-10,Writer,"First weekly, now monthly recipe column",first weekly now monthly recipe column,writing and reporting,,article,50,per article,50,$50 per column,6,8.33,3 months,Check by mail,Pre-existing relationship,I retain full copyright,Verbal or ‘handshake’ agreement,No,"No, but the job wasn't killed",,Did not require overtime,Job did not expand,Filed schedule C on taxes,No,Was not hazardous,No,No,Unsure,,Cooking,USA,Yes,California,USA,She/Her,White,15-20 years,74,Whatevs,Female,2009-10-10,The Pajaronian,news
1239,Weill Cornell Medicine,2020-12-07,Writer,~500 word article,~500 word article,writing and reporting,500,article,501,per word,1,$1/word,,,2 weeks or less,"""SUA"" essentially paid by credit card (there's a fee that I include in the invoice)",Pre-existing relationship,Work For Hire,Yes,No,"No, but the job wasn't killed",,Did not require overtime,Job did not expand,Did not require expenses,,Was not hazardous,No,No,No,,Health &amp; Wellness,United States,Yes,IL,United States,She/Her,White,5-10 years,,Would recommend to others,Female,2020-12-07,Weill Cornell Medicine,not_news
1240,WHYY'S The Pulse,2019-09-01,Audio Production,"Producing roughly 8 min segment, reported",producing roughly 8 min segment reported,writing and reporting,,audio,800,per minute,100,I think it's $100 per final audio minute,,,30 days,Check by mail,"Pre-existing relationship, They reached out to me with an assignment",Unsure,Yes,No,,,,,,,,,,,,"Health &amp; Wellness, Science",United States,Yes,New York,United States,She/Her,White,5-10 years,38,"Loved it, They also covered studio time to record my voiceover so I didn't have to do it at home. Pay isn't very high but good editing team to work with and in this case, I didn't have to pitch, they had the story idea and a scene and sources in mind.","Cis, Female",2019-09-01,WHYY'S The Pulse,news
1241,Wiley,2024-05-01,Writer,I write a quarterly column for a professional journal. Word max is around 700 words. I've ben writing for this journal as a contributor since 2008.,i write a quarterly column for a professional journal. word max is around 700 words. i've ben writing for this journal as a contributor since 2008.,writing and reporting,700,essay,425,,0,,5.5,77.27,30 days,Direct Deposit,Pre-existing relationship,Work For Hire,Yes,No,"No, but the job wasn't killed",,Did not require overtime,Job did not expand,Did not require expenses,N/A,Was not hazardous,No,Unsure,No,,Education,US,No,NJ,US,She/Her,Jewish,15-20 years,56,Whatevs,"Cis, Female",2024-05-01,Wiley Journals,not_news
1242,Wine Enthusiast,2024-09-01,Writer,800 words reported,800 words reported,writing and reporting,800,article,400,per word,0.5,$.50/word,,,6 weeks,,,,,,,,,,,,,,,,,,,Yes,,,,,,,,,2024-09-01,Wine Enthusiast,news
1243,Wired,2023-09-01,Writer,3000-word artist profile,3000 word artist profile,writing and reporting,3000,article,6250,,0,,,,30 days,Direct Deposit,Pre-existing relationship,1st Rights,Yes,No,"Yes, &amp; the job was killed",1562.5,Did not require overtime,Job did not expand,Required expenses &amp; I was reimbursed,I submitted receipts.,Was not hazardous,Unsure,No,,,,,Yes,,,,,,,,,2023-09-01,WIRED,news
1244,Wired,2023-06-12,Writer,"1,500-word feature article",1500 word feature article,writing and reporting,1500,feature,700,flat,700,$700 flat fee,10,70,30 days,Direct Deposit,Cold pitch - I reached out to them,,Yes,No,Unsure,,no agreement on working time/schedule,Job did not expand,Did not require expenses,,Was not hazardous,Publicly Available,No,No,,"International News, Technology, Science",,No,,,She/Her,,,,,,2023-06-12,WIRED,news
1245,WIRED,2024-09-30,Writer,1200-word exclusive on a new report,1200 word exclusive on a new report,writing and reporting,1200,article,750,,0,,10,75,30 days,Direct Deposit,They asked me to pitch,Unsure,Yes,No,Unsure,,Did not require overtime,Job did not expand,Did not require expenses,,Was not hazardous,No,No,No,,"Technology, Science",USA,Yes,OR,USA,They/Their,White,5-10 years,36,Would recommend to others,Nonbinary,2024-09-30,WIRED,news
1246,WIRED,2024-04-25,"Translator, Fact Checker",Translation and Fact Checking against sources in the non-english language,translation and fact checking against sources in the non english language,translation,,other,480.15,per hour,55,$55/hour,9,53.35,30 days,Direct Deposit,"Cold pitch - I reached out to them, Network referral",Work For Hire,Yes,No,"No, but the job wasn't killed",,Did not require overtime,Job expanded &amp; I was compensated,Did not require expenses,,Was not hazardous,No,No,No,,"International News, Technology",USA`,Yes,DC,USA,He/His,Jewish,5-10 years,31,Would recommend to others,Male,2024-04-25,WIRED,news
1247,WIRED,2021-02-12,Writer,Reported story (no firm word count),reported story (no firm word count),writing and reporting,,article,500,,0,,,,30 days,Direct Deposit,Pre-existing relationship,Work For Hire,Yes,No,"Yes, but the job wasn't killed",,,,,,,Publicly Available,No,No,,Business,USA,No,New York,USA,She/Her,"Jewish, White",0-5 years,31,,"Cis, Female",2021-02-12,WIRED,news
1248,WIRED,2021-02-12,Writer,"1500 words reporting, four sources",1500 words reporting four sources,writing and reporting,1500,article,500,,0,,,,2 months,Check by mail,Pre-existing relationship,Work For Hire,Yes,No,"No, but the job wasn't killed",0,Did not require overtime,Job did not expand,Did not require expenses,,Was not hazardous,Publicly Available,Publicly Available,No,,"Technology, Video Games",United States,,KS,,They/Their,,,,,,2021-02-12,WIRED,news
1249,WIRED,2020-10-01,Writer,Reported story,reported story,writing and reporting,,article,500,,0,,,,2 months,Check by mail,Cold pitch - I reached out to them,Work For Hire,Yes,No,Unsure,,Did not require overtime,Job did not expand,Did not require expenses,,Was not hazardous,Publicly Available,Publicly Available,No,,Technology,United States,,,,He/His,White,0-5 years,26,"Loved it, Would recommend to others",Male,2020-10-01,WIRED,news
1250,Yale,2020-07-01,"Animator, Illustrator",Animated sequences for a spot,animated sequences for a spot,graphics/design,,graphics,4950,,0,,,,2 weeks or less,Check by mail,"They reached out to me with an assignment, Network referral",Work For Hire,Yes,No,"Yes, but the job wasn't killed",2500,over-extended due to COVid. Lots of revisions,Job expanded &amp; I wasn't compensated,Required expenses &amp; I wasn't reimbursed,,,No,No,No,,"Academic, Business",United States,Yes,New York,USA,He/His,"Hispanic, White Passing",5-10 years,33,"Whatevs, Would recommend to others",Cis,2020-07-01,Yale,not_news
1251,Yale Environment 360,2018-06-15,"Photographer, Writer",1000 words reporting,1000 words reporting,writing and reporting,1000,article,1000,per word,1,$1 per word,,,30 days,Check by mail,Pre-existing relationship,2nd Rights,Verbal or ‘handshake’ agreement,Yes,"Yes, but the job wasn't killed",250,"Agreement for project, not hourly",Job did not expand,Required expenses &amp; I wasn't reimbursed,,Hazard pay was not required,Publicly Available,No,No,,"National News, Science",USA,No,California,USA,She/Her,White,25 &amp; up,78,Would recommend to others,Cis,2018-06-15,Yale Environment 360,ambiguous
1252,Yes Magazine,2024-09-01,Writer,"1,500 words, reported",1500 words reported,writing and reporting,1500,article,750,,0,,,,2 weeks or less,Direct Deposit,,,,,,,,,,,,,,,,,,Yes,,,,,,,,,2024-09-01,YES! Magazine,news
1253,Yes Magazine,2024-08-01,Writer,"1,500 words, reported",1500 words reported,writing and reporting,1500,article,750,,0,,,,2 weeks or less,Direct Deposit,Pre-existing relationship,,,,,,,,,,,,,,,,,Yes,,,,,,,,,2024-08-01,YES! Magazine,news
1254,Yes Magazine,2024-07-01,Writer,"1,500 words reported",1500 words reported,writing and reporting,1500,article,750,,0,,,,6 weeks,Direct Deposit,Pre-existing relationship,,Yes,,,,,,,,,,,,,,,Yes,,,,,,,,,2024-07-01,YES! Magazine,news
1255,Yes! Magazine,2025-03-01,Writer,"1,500 words reported",1500 words reported,writing and reporting,1500,article,750,,0,,,,,,,,,,,,,,,,,,,,,,,,,,,,,,,,2025-03-01,YES! Magazine,news
1256,Yes! Magazine,2025-03-01,Writer,"1,500 words reported",1500 words reported,writing and reporting,1500,article,750,,0,,,,,,,,,,,,,,,,,,,,,,,,,,,,,,,,2025-03-01,YES! Magazine,news
1257,Yes! Magazine,2025-02-01,Writer,"1,500 words reported",1500 words reported,writing and reporting,1500,article,750,,0,,,,,,,,,,,,,,,,,,,,,,,,,,,,,,,,2025-02-01,YES! Magazine,news
1258,Yes! Magazine,2024-10-01,Writer,"1,500 words reported",1500 words reported,writing and reporting,1500,article,1000,,0,,,,,,,,,,,,,,,,,,,,,,,Yes,,,,,,,,,2024-10-01,YES! Magazine,news
1259,Yes! Magazine,2024-10-01,Writer,"1,500 words reported",1500 words reported,writing and reporting,1500,article,1000,,0,,,,,,,,,,,,,,,,,,,,,,,Yes,,,,,,,,,2024-10-01,YES! Magazine,news
1260,Yes! Magazine,2024-10-01,Writer,"1,500 words reported",1500 words reported,writing and reporting,1500,article,1000,,0,,,,,,,,,,,,,,,,,,,,,,,Yes,,,,,,,,,2024-10-01,YES! Magazine,news
1261,Yes! Magazine,2024-06-01,Writer,"1,500 words, reported",1500 words reported,writing and reporting,1500,article,750,,0,,,,2 weeks or less,Direct Deposit,,,,,,,,,,,,,,,,,,,,,,,,,,,2024-06-01,YES! Magazine,news
1262,Yes! Magazine,2024-05-01,Writer,"1,500 words, reported",1500 words reported,writing and reporting,1500,article,750,,0,,,,2 weeks or less,Direct Deposit,,,,,,,,,,,,,,,,,,,,,,,,,,,2024-05-01,YES! Magazine,news
1263,Yes! Magazine,2024-03-01,Writer,"1,500 words, reported",1500 words reported,writing and reporting,1500,article,750,,0,,,,2 weeks or less,Direct Deposit,,,,,,,,,,,,,,,,,,,,,,,,,,,2024-03-01,YES! Magazine,news
1264,Yes! Magazine,2024-02-02,Writer,"1,500 words, reported",1500 words reported,writing and reporting,1500,article,750,,0,,,,2 weeks or less,Direct Deposit,,,,,,,,,,,,,,,,,,,,,,,,,,,2024-02-02,YES! Magazine,news
1265,Yes! Magazine,2024-01-01,Writer,"1,500 words, reporting",1500 words reporting,writing and reporting,1500,article,750,,0,,,,2 weeks or less,Direct Deposit,Pre-existing relationship,Unsure,Yes,No,Unsure,,,,,,,,,,,,,Yes,,,,,,,,,2024-01-01,YES! Magazine,news
1266,Yes! Magazine,2024-02-22,Writer,1400 words reporting and translations,1400 words reporting and translations,translation,1400,other,600,per word,0.5,$0.50 per word,20,30,,Direct Deposit,They asked me to pitch,Unsure,Yes,No,"Yes, but the job wasn't killed",300,Did not require overtime,Job expanded &amp; I was compensated,Did not require expenses,,Was not hazardous,Unsure,Unsure,Unsure,,"International News, Science",,Yes,New York,,She/Her,White,0-5 years,24,Would recommend to others,"Cis, Female",2024-02-22,YES! Magazine,news
1267,YES! Magazine,2023-08-24,Writer,1200 words reporting,1200 words reporting,writing and reporting,1200,article,480,,0,,10,48,2 weeks or less,Paypal,Pre-existing relationship,Unsure,Yes,No,"Yes, but the job wasn't killed",,Did not require overtime,Job did not expand,Did not require expenses,,Was not hazardous,Publicly Available,Publicly Available,No,,National News,USA,Yes,FL,USA,They/Their,"Jewish, White",0-5 years,31,Would recommend to others,"Genderqueer, Nonbinary",2023-08-24,YES! Magazine,news
1268,YES! Magazine,2022-10-07,Writer,800 word op-ed,800 word op ed,writing and reporting,800,op/ed,250,,0,,,,2 weeks or less,Paypal,Network referral,Unsure,Yes,No,"Yes, but the job wasn't killed",125,Did not require overtime,Job did not expand,Did not require expenses,,Hazard pay was not required,Unsure,Unsure,No,,Editorial &amp; Opinion,USA,Yes,FL,US,They/Their,"Jewish, White",25 &amp; up,31,Would recommend to others,Nonbinary,2022-10-07,YES! Magazine,news
1269,York University,2024-08-01,Writer,"700 word story, reporting (A contract for four stories a month)",700 word story reporting (a contract for four stories a month),writing and reporting,700,article,867,,0,,18,48.17,30 days,Direct Deposit,Network referral,Work For Hire,Yes,No,"No, but the job wasn't killed",,Did not require overtime,Job did not expand,Did not require expenses,,Was not hazardous,No,No,No,,"Branded/Sponsored Content, Internal newsletter",Canada,No,,Canada,Prefer not to say,White,25 &amp; up,,Would recommend to others,Female,2024-08-01,York University,not_news
1270,Youth Today,2021-06-01,Writer,1000-word feature story,1000 word feature story,writing and reporting,1000,feature,1000,per word,1,$1/word,,,30 days,Check by mail,They asked me to pitch,Unsure,Yes,No,Unsure,,Did not require overtime,Job did not expand,Did not require expenses,,Was not hazardous,Unsure,Unsure,Unsure,,Science,,,,,,,,,,,2021-06-01,Youth Today,news
1271,YouTube Channel,2021-05-24,"Animator, Designer","Motion Graphics package for a YouTube Channel, including title card, banner, and end card.",motion graphics package for a youtube channel including title card banner and end card.,graphics/design,,graphics,1000,,0,,,,New Job - Still Waiting,Haven't been paid yet,They reached out to me with an assignment,Unsure,No,No,Unsure,,Did not require overtime,Job did not expand,Did not require expenses,,Was not hazardous,Unsure,Unsure,No,,Cooking,United States,No,NY,,She/Her,"Black, Hispanic, Latinx, White",0-5 years,27,Whatevs,"Cis, Female",2021-05-24,YouTube,not_news
1272,YouTube Finance Guru,2021-01-02,"Animator, Cartoonist",Animation of a 2D YouTube introduction video showcasing the channel name and segment topic. Animation lasted 8 seconds. Collaborated with a musician and typographer for non-character animation elements.,animation of a 2d youtube introduction video showcasing the channel name and segment topic. animation lasted 8 seconds. collaborated with a musician and typographer for non character animation elements.,graphics/design,,video,250,per hour,25,$25 per hour,,,2 weeks or less,Paypal,Network referral,,Verbal or ‘handshake’ agreement,No,"No, &amp; the job was killed",,,Job expanded &amp; I was compensated,,,Was not hazardous,No,No,No,,"Entertainment, Real Estate",United States,No,Massachusetts,United States,He/His,White,0-5 years,23,Would not recommend to others,Bigender,2021-01-02,YouTube,not_news
1273,YR Media,2019-07-01,Writer,"Editing a reporter's story as part of an edit test for a job (including coaching reporter by phone, editing drafts)",editing a reporter's story as part of an edit test for a job (including coaching reporter by phone editing drafts),editing,,other,300,,0,,,,30 days,Check by mail,Pre-existing relationship,,,,,,,,,,,,,,,National News,United States,Yes,New York,United States,She/Her,White,5-10 years,,Whatevs,"Cis, Female",2019-07-01,YR Media,news
1274,ZSP Media,2022-10-06,"Audio Production, Producer",6 month contract for history podcast episode production,6 month contract for history podcast episode production,audio,,audio,54000,per month,9000,"$9,000 per month",,,2 weeks or less,Direct Deposit,"Pre-existing relationship, They asked me to pitch, They reached out to me with an assignment",Work For Hire,Yes,Yes,Unsure,,Required overtime &amp; I wasn't compensated,Job did not expand,Required expenses &amp; I was reimbursed,"Submitting spreadsheet to admin, reimbursement included in my next paycheck direct deposit",Was not hazardous,Unsure,Unsure,No,,"Entertainment, History",United States,No,New York,United States,She/Her,"Jewish, White",10-15 years,32,"Loved it, Would recommend to others","Cis, Female",2022-10-06,ZSP Media,not_news
1275,ZSP Media,2022-08-08,"Audio Production, Editor, Producer, Writer",30-minute history podcast episode production,30 minute history podcast episode production,audio,,audio,9230,per hour,65,$65 per hour,,,2 weeks or less,Direct Deposit,They reached out to me with an assignment,Work For Hire,Verbal or ‘handshake’ agreement,No,Unsure,,Required overtime &amp; I was compensated,Job did not expand,Did not require expenses,,Was not hazardous,Unsure,No,No,,"Entertainment, History",United States,No,New York,United States,She/Her,White,10-15 years,32,"Loved it, Would recommend to others","Cis, Female",2022-08-08,ZSP Media,not_news